order_id,order_date,region,state,city,category,product,quantity,unit_price,status,delivery_days
ORD-103525,20/08/2026,Central,Chhattisgarh,Raipur,Health & Beauty,Face Wash,1,271.22,Delivered,5
ORD-104760,17-Aug-2026,  Western ,GUJARAT,Ahmedabad,Home & Kitchen,Mixer Grinder,5,3814.65,Delivered,1
ORD-101769,2026-06-05,East,Assam,Guwahati,Groceries,Cooking Oil 1L,4,179.91,Returned,2
ORD-103039,2026-07-09,North,Haryana,Gurgaon,Grocery,Cooking Oil 1L,3,206.81,Delivered,
ORD-103155,03-Feb-2026,North,Rajasthan,Jaipur,Electronics,wireless earbuds,1,2644.86,Pending,
ORD-104601,01/06/2026,NORTH,Haryana,gurgaon,Apparel,Denim Jeans,1,1437.33,Delivered,4
ORD-104219,20-Jul-2026,East,Assam,Guwahati,Electronics,Smartphone,3,19343.63,Cancelled,
ORD-100854,2026-07-10,East,Bihar,Patna,Grocery,Dry Fruits 500g,2,862.96,DELIVERED,3
ORD-104025,25-Jun-2026,West,Maharashtra,Mumbai,Grocery,DRY FRUITS 500G,2,722.63,  Delivered ,1
12345,2026-08-29,west,Maharashtra,Bombay,Grocery,  Cooking Oil 1L ,2,177.99,Delivered,3
ORD-102718,28/03/2026,West,Maharashtra,Pune,Health & Beauty,Face Wash,1,266.44,DELIVERED,2
ORD-104255,2026-03-25,North,Haryana,Gurugram,Groceries,Basmati Rice 5kg,3,588.22,Shipped,
ORD-104702,20-Sep-2026,Central,madhya pradesh,Bhopal,ELECTRONICS,Bluetooth Speaker,1,3182.41,In Transit,
ORD-102639,26/02/2026,West,Maharashtra,Mumbai,Home & Kitchen,Pressure Cooker,1,2059.03,Shipped,
ORD-100174,2026-09-21,West,Gujarat,Ahmedabad,Electronics,Smartphone,2,20366.95,Delivered,2
ORD-104050,2026-09-21,N,Haryana,gurugram,Electronics,Bluetooth Speaker,2,2770.13,Delivered,3
ORD-104206,2026-03-15,  Central ,,INDORE,  Apparel ,Running Shoes,1,3187.23,Delivered,4
ORD-100806,2026-09-30,South,Telangana,Hyderabad,Apparel,Denim Jeans,2,1444.33,Returned,
ORD-103973,2026-01-30,West,Gujarat,Ahmedabad,Grocery,Green Tea 100 Bags,4,346.08,Completed,4
ORD-103125,2026-08-22,West,  Maharashtra ,Pune,Grocery,Green Tea 100 Bags,2,335.66,Delivered,4
ORD-103515,27/01/2026,South,Karnataka,Bengaluru,Grocery,Basmati Rice 5kg,4,633.90,Delivered,3
ORD-104271,2026-09-25,  East ,Bihar,Patna,Electronics,Smartwatch,1,5438.97,delivered,7
ORD-104043,2026-04-14,East,Assam,Guwahati,Health & Beauty,Shampoo 400ml,1,400.07,Shipped,
ORD-103190,30/07/2026,West,Maharashtra,Pune,Apparel,running shoes,1,2964.68,Delivered,1
ORD-104323,2026-03-20,North,Chandigarh,Chandigarh,Electronics,Bluetooth Speaker,1,2810.94,Pending,
ORD-102603,2026-09-30,North,Chandigarh,Chandigarh,HOME AND KITCHEN,LED Bulb Pack,5,368.67,DELIVERED,4
ORD-103378,2026-09-01,East,West Bengal,Kolkata,Grocery,Green Tea 100 Bags,2,341.36,Delivered,8
ORD-100785,01/04/2026,West,Maharashtra,Mumbai,Electronics,Smartwatch,1,4834.95,delivered,3
ORD-102871,20-Jul-2026,North,Haryana,Gurugram,Apparel,Cotton T-Shirt,2,455.08,Pending,
ORD-100258,2026-04-25,South,Kerala,Kochi,Home & Kitchen,Non-Stick Pan,1,983.52,Delivered,4
ORD-103580,05-Sep-2026,Southern,Tamil Nadu,Chennai,Health & Beauty,Sunscreen,1,443.33,Delivered,3
ORD-101642,2026-05-09,N,Haryana,Gurugram,  Health & Beauty ,Sunscreen,1,425.70,Delivered,3
ORD-102253,28/08/2026,South,Telangana,Hyderabad,Grocery,Atta 10kg,1,511.90,SHIPPED,
ORD-103495,2026-04-16,North,Delhi,Delhi,  Grocery ,Dry Fruits 500g,3,822.85,Delivered,1
ORD-102128,18-Jun-2026,  Central ,  Madhya Pradesh ,BHOPAL,Apparel,Cotton T-Shirt,1,498.42,Cancelled,
ORD-102295,2026-07-14,north,Delhi,Delhi,Grocery,Atta 10kg,4,511.34,Shipped,
ORD-101320,2026-01-11,South,,  Hyderabad ,Apparel,Cotton T-Shirt,1,542.97,Delivered,
ORD-101568,26/02/2026,WEST,Gujarat,  Ahmedabad ,Electronics,Smartphone,2,17876.99,Delivered,4
ORD-103618,12-Aug-2026,South,Tamil Nadu,Chennai,Grocery,BASMATI RICE 5KG,2,656.49,Delivered,4
ORD-101343,2026-03-05,Central,Madhya Pradesh,,Home & Kitchen,Bedsheet Set,1,1158.32,  Completed ,5
ORD-104075,2026-09-29,West,Maharashtra,Bombay,Electronics,Power Bank,1,1219.07,Delivered,2
ORD-104860,2026-02-16,North,Delhi,Delhi,Grocery,Cooking Oil 1L,4,187.34,Delivered,2
ORD-103654,2026-09-22,South,,Chennai,Electronics,Bluetooth Speaker,1,3040.69,Delivered,4
ORD-102216,18/06/2026,West,Goa,Panaji,electronics,Bluetooth Speaker,3,2831.63,Delivered,1
ORD-101451,2026-09-04,South,,Chennai,Electronics,Smartphone,2,17156.67,Lost,3
ORD-102962,2026-06-28,West,Maharashtra,Mumbai,Home & Kitchen,LED Bulb Pack,1,421.27,Returned,2
ORD-104943,2026-08-17,South,Tamil Nadu,Chennai,Electronics,Wireless Earbuds,1,2368.87,DELIVERED,3
ORD-103653,2026-04-14,West,,Panaji,Electronics,Bluetooth Speaker,1,2765.29,Delivered,4
ORD-100395,2026-02-24,Western,Goa,Panaji,Groceries,Green Tea 100 Bags,4,337.99,  Delivered ,1
ORD-103789,2026-09-01,East,ASSAM,Guwahati,Home & Kitchen,Bedsheet Set,4,1240.32,delivered,7
ORD-101879,2026-09-27,South,Kerala,Kochi,Apparel,Denim Jeans,5,1455.23,Delivered,3
ORD-104260,2026-03-20,East,Assam,Guwahati,Apparel,Kurta,2,812.83,Cancelled,
ORD-102132,2026-09-16,East,BIHAR,Patna,  Electronics ,Smartphone,2,20675.49,  Shipped ,
ORD-103445,26/05/2026,South,Karnataka,  Bengaluru ,  Apparel ,Cotton T-Shirt,1,485.81,Delivered,3
ORD-104174,2026-08-06,South,Karnataka,Bengaluru,health and beauty,face wash,1,236.37,DELIVERED,5
ORD-103325,2026-04-19,South,Kerala,Kochi,  Electronics ,Smartphone,2,17510.40,Delivered,2
ORD-100724,2026-05-28,East,Assam,Guwahati,Grocery,Cooking Oil 1L,1,201.26,Returned,5
ORD-100450,25/05/2026,East,Odisha,Bhubaneswar,Grocery,Dry Fruits 500g,-3,810.87,Delivered,2
ORD-102236,2026-09-14,North,Uttar Pradesh,Lucknow,Grocery,Green Tea 100 Bags,3,324.26,Delivered,3
ORD-100937,2026-06-22,South,Telangana,Hyderabad,Home & Kitchen,Non-Stick Pan,1,899.39,Delivered,3
ORD-100747,2026-08-26,West,Maharashtra,Pune,Grocery,Cooking Oil 1L,4,178.54,Delivered,3
ORD-100978,14/09/2026,South,Karnataka,Bengaluru,ELECTRONICS,Smartwatch,1,4828.91,Cancelled,
ORD-104645,2026-03-06,North,Rajasthan,Jaipur,Grocery,Cooking Oil 1L,2,205.55,Delivered,5
ORD-101912,2026-05-03,east,West Bengal,Kolkata,Grocery,Cooking Oil 1L,4,177.72,Delivered,4
ORD-103448,2026-07-12,West,Gujarat,Ahmedabad,Electronics,smartphone,2,19919.96,Returned,
ORD-101459,2026-02-04,East,Odisha,Bhubaneswar,Clothing,Denim Jeans,5,1424.20,Delivered,5
ORD-104250,2026-04-26,South,Karnataka,Bengaluru,Health & Beauty,Vitamin C Tablets,1,526.99,Shipped,
ORD-101438,2026-06-27,West,Maharashtra,MUMBAI,Grocery,Green Tea 100 Bags,3,334.55,Delivered,3
ORD-104969,2026-04-18,Central,Madhya Pradesh,Bhopal,Grocery,Dry Fruits 500g,2,743.71,Delivered,5
ORD-104450,2026-08-26,Central,Madhya Pradesh,Indore,Apparel,WINTER JACKET,1,2446.32,Completed,2
ORD-103171,2026-04-26,North,Haryana,Gurugram,  Home & Kitchen ,Mixer Grinder,1,3286.65,Delivered,3
ORD-103881,2026-01-15,South,Kerala,KOCHI,Grocery,Atta 10kg,2,517.47,Shipped,
ORD-104889,2026-07-15,North,Haryana,Gurugram,Apparel,Running Shoes,2,3138.49,Pending,
ORD-103532,17/04/2026,north,Uttar Pradesh,Lucknow,  Grocery ,Green Tea 100 Bags,3,346.77,Pending,
ORD-101263,2026-02-17,South,  Tamil Nadu ,Chennai,Home & Kitchen,Mixer Grinder,1,3557.51,Delivered,4
ORD-103547,2026-06-03,North,Chandigarh,Chandigarh,Grocery,Cooking Oil 1L,4,182.82,Pending,
ORD-100037,23/01/2026,North,DELHI,DELHI,  Grocery ,Atta 10kg,2,544.84,Delivered,2
ORD-101335,2026-02-19,South,Tamil Nadu,Chennai,Electronics,Smartwatch,3,5439.38,Delivered,4
ORD-104243,2026-08-13,North,Chandigarh,chandigarh,Groceries,Green Tea 100 Bags,4,324.08,Pending,
ORD-104264,2026-07-19,North,Delhi,Delhi,Home and Kitchen,LED Bulb Pack,1,420.29,SHIPPED,
ORD-100423,2026-06-05,North,Rajasthan,jaipur,Apparel,  Cotton T-Shirt ,-3,544.63,Delivered,3
ORD-100855,2026-03-02,East,West Bengal,Calcutta,Apparel,Winter Jacket,1,2533.62,cancelled,
ORD-103021,2026-07-14,south,Kerala,Kochi,Clothing,Kurta,1,914.51,Pending,
ORD-100902,05/02/2026,North,Haryana,Gurugram,Health & Beauty,Hair Dryer,1,1669.77,Delivered,2
ORD-100095,17/04/2026,South,,Bengaluru,Apparel,cotton t-shirt,1,482.93,Delivered,3
ORD-103720,2026-01-22,North,Rajasthan,Jaipur,grocery,Atta 10kg,1,510.10,Completed,3
ORD-104132,2026-01-07,West,,Pune,Grocery,Basmati Rice 5kg,1,585.75,Delivered,3
ORD-104136,2026-04-15,North,Delhi,Delhi,Grocery,basmati rice 5kg,5,615.67,Delivered,2
ORD-100921,2026-03-13,Southern,Telangana,Hyderabad,Electronics,Smartphone,2,20824.58,Completed,4
ORD-102982,2026-08-08,  South ,Tamil Nadu,Chennai,Home & Kitchen,Non-Stick Pan,1,954.21,Canceled,
ORD-100633,05-May-2026,North,Rajasthan,Jaipur,Electronics,Smartphone,1,20430.91,Delivered,3
ORD-104589,19-Feb-2026,North,Haryana,Gurugram,grocery,Basmati Rice 5kg,6,703.23,Delivered,2
ORD-100059,2026-07-17,Central,Madhya Pradesh,Indore,Health & Beauty,sunscreen,1,447.47,Completed,4
ORD-103140,16/09/2026,North,Uttar Pradesh,Lucknow,electronics,Smartphone,1,20120.76,Pending,
ORD-101391,2026-09-08,North,Rajasthan,Jaipur,Electronics,Smartphone,1,19208.30,Delivered,4
ORD-104162,2026-05-02,South,Tamil Nadu,Madras,Electronics,Power Bank,1,1398.30,Delivered,5
ORD-103690,2026-09-02,West,Maharashtra,Mumbai,Electronics,Wireless Earbuds,3,2511.69,Shipped,
ORD-100900,2026-09-03,South,  Kerala ,Kochi,Grocery,  Green Tea 100 Bags ,5,335.86,Delivered,2
ORD-104148,30/07/2026,South,Tamil Nadu,Chennai,  Electronics ,Wireless Earbuds,2,2316.52,Delivered,4
ORD-100864,2026-04-02,E,West Bengal,Kolkata,Apparel,Winter Jacket,abc,2395.78,Shipped,
ORD-103657,2026-04-03,South,Kerala,Kochi,Electronics,Wireless Earbuds,1,2529.18,Cancelled,
ORD-104457,2026-09-01,East,West Bengal,Kolkata,Apparel,Cotton T-Shirt,1,545.50,Delivered,7
ORD-103316,2026-09-03,South,Kerala,KOCHI,Electronics,Bluetooth Speaker,3,3011.70,Returned,3
ORD-103985,2026-03-19,Central,Madhya Pradesh,bhopal,Apparel,Winter Jacket,1,2496.76,Pending,
ORD-104837,05/07/2026,Western,  Goa ,Panaji,Home & Kitchen,  Bedsheet Set ,1,1272.60,Cancelled,
ORD-101751,28/09/2026,NORTH,Delhi,Delhi,Electronics,Bluetooth Speaker,2,N/A,Delivered,1
ORD-103784,2026-04-14,Central,Madhya Pradesh,Bhopal,ELECTRONICS,Smartwatch,1,5276.25,Returned,3
ORD-102144,2026-07-18,North,Chandigarh,Chandigarh,Electronics,Wireless Earbuds,1,2696.35,Pending,
ORD-104451,2026-05-21,Central,chhattisgarh,Raipur,Apparel,Cotton T-Shirt,1,534.55,Delivered,1
ORD-102057,2026-05-30,South,Tamil Nadu,Chennai,Health & Beauty,  Face Wash ,2,231.09,Delivered,4
ORD-102486,2026-04-17,EAST,Odisha,Bhubaneswar,Grocery,Green Tea 100 Bags,4,383.32,Delivered,4
ORD-103512,2026-09-06,South,Karnataka,Bangalore,Electronics,Smartphone,1,17657.28,Delivered,3
ORD-102845,2026-05-24,CENTRAL,Madhya Pradesh,Bhopal,Electronics,Smartphone,5,19238.82,Delivered,
ORD-104611,2026-02-23,Western,Gujarat,Ahmedabad,Grocery,Atta 10kg,2,492.87,Delivered,2
ORD-104429,31/05/2026,East,WEST BENGAL,Kolkata,Grocery,Basmati Rice 5kg,1,688.56,  Delivered ,5
ORD-104775,13/03/2026,North,haryana,Gurugram,Health & Beauty,Face Wash,1,265.90,Completed,3
ORD-104097,22/07/2026,  South ,Kerala,Kochi,Grocery,Dry Fruits 500g,3,824.62,Shipped,
ORD-102788,2026-04-18,West,Gujarat,Ahmedabad,Electronics,smartphone,1,20175.88,Delivered,3
ORD-103087,2026-04-08,Central,Maharashtra,Nagpur,Grocery,COOKING OIL 1L,3,195.75,Delivered,5
ORD-100959,2026-02-06,East,  Assam ,Guwahati,Apparel,Denim Jeans,1,1525.55,Delivered,4
ORD-100383,2026-03-11,west,  Maharashtra ,Mumbai,Home & Kitchen,LED Bulb Pack,3,428.70,Delivered,3
ORD-103366,2026-09-11,West,Maharashtra,Mumbai,apparel,Cotton T-Shirt,1,532.69,Returned,5
ORD-101256,2026-01-29,West,Maharashtra,Pune,Apparel,RUNNING SHOES,2,2959.26,Delivered,2
ORD-100427,2026-07-26,Central,CHHATTISGARH,Raipur,Electronics,wireless earbuds,1,2359.03,shipped,
ORD-101172,2026-08-06,Central,Chhattisgarh,Raipur,Apparel,Denim Jeans,1,1631.47,Delivered,4
ORD-101447,2026-09-05,North,Haryana,Gurugram,Apparel,Denim Jeans,1,1352.52,delivered,1
ORD-103972,2026-05-20,Central,,Bhopal,Apparel,Winter Jacket,2,2450.34,Delivered,3
ORD-104743,2026-05-01,East,Bihar,Patna,Grocery,Basmati Rice 5kg,3,700.97,Delivered,1
ORD-101288,2026-03-31,Central,Maharashtra,Nagpur,  Grocery ,cooking oil 1l,1,173.42,Delivered,2
ORD-103015,2026-02-04,North,Delhi,Delhi,Grocery,Green Tea 100 Bags,3,319.34,In Transit,
ORD-102100,2026-09-18,East,Bihar,Patna,Grocery,Cooking Oil 1L,3,182.27,Delivered,6
ORD-101983,2026-05-27,North,Rajasthan,Jaipur,Grocery,Basmati Rice 5kg,3,593.90,Delivered,1
ORD-104326,25-Jul-2026,North,Uttar Pradesh,Lucknow,Grocery,Dry Fruits 500g,6,876.08,Returned,4
ORD-104823,2026-07-07,Southern,Telangana,Hyderabad,Health & Beauty,Sunscreen,1,430.10,Delivered,3
ORD-103218,16/04/2026,Central,madhya pradesh,Indore,Clothing,Running Shoes,3,2960.54,Returned,4
ORD-100926,20/08/2026,Central,Chhattisgarh,Raipur,  Grocery ,Green Tea 100 Bags,3,346.24,Delivered,2
ORD-103454,2026-02-07,West,,Panaji,Grocery,Cooking Oil 1L,3,176.84,Delivered,1
ORD-103616,2026-04-21,West,Maharashtra,Mumbai,Apparel,DENIM JEANS,4,1582.05,Delivered,4
ORD-103459,2026-06-28,West,Gujarat,ahmedabad,GROCERY,Cooking Oil 1L,5,190.14,Delivered,2
ORD-100497,24/06/2026,West,Goa,Panaji,Home & Kitchen,Bedsheet Set,3,1121.29,Delivered,2
ORD-103926,08/05/2026,south,Karnataka,Bengaluru,Grocery,Basmati Rice 5kg,5,588.59,  Delivered ,2
ORD-104475,2026-07-09,north,Chandigarh,Chandigarh,Health & Beauty,VITAMIN C TABLETS,1,547.81,Delivered,2
ORD-103219,2026-09-21,Southern,Karnataka,Bangalore,Health & Beauty,Face Wash,4,255.77,Shipped,
ORD-101432,22-Apr-2026,East,  Odisha ,Bhubaneswar,Apparel,Kurta,1,838.07,Delivered,3
ORD-104058,2026-08-19,East,Bihar,Patna,Home & Kitchen,Non-Stick Pan,1,919.26,Delivered,6
ORD-102552,12/06/2026,North,Uttar Pradesh,Lucknow,Home & Kitchen,  LED Bulb Pack ,2,370.05,Pending,
ORD-103977,2026-05-04,Central,Chhattisgarh,Raipur,Home & Kitchen,Bedsheet Set,3,1236.41,Pending,
ORD-102364,2026-05-29,North,Chandigarh,Chandigarh,HOME AND KITCHEN,Bedsheet Set,3,1220.42,Delivered,2
ORD-102813,2026-03-16,NORTH,Uttar Pradesh,Lucknow,Grocery,Basmati Rice 5kg,5,657.67,Delivered,1
ORD-104653,08-Sep-2026,West,Gujarat,Ahmedabad,grocery,Cooking Oil 1L,2,191.34,Delivered,4
ORD-104425,05/06/2026,West,  Gujarat ,Ahmedabad,Home and Kitchen,Pressure Cooker,1,1885.52,  Delivered ,2
ORD-103457,17/02/2026,South,Tamil Nadu,Chennai,Apparel,Cotton T-Shirt,3,540.43,Cancelled,
ORD-101353,13/07/2026,North,Uttar Pradesh,Lucknow,Apparel,Cotton T-Shirt,1,541.88,Delivered,2
ORD-102671,11-Sep-2026,west,MAHARASHTRA,Pune,Electronics,Smartphone,3,18771.78,Delivered,3
ORD-100171,25/04/2026,West,Maharashtra,Mumbai,Grocery,Cooking Oil 1L,3,190.52,Delivered,4
ORD-104573,2026-05-22,West,Gujarat,Ahmedabad,Electronics,Wireless Earbuds,2,2468.09,Delivered,2
ORD-104247,05-Feb-2026,North,rajasthan,Jaipur,Home & Kitchen,LED Bulb Pack,2,383.15,Delivered,2
ORD-102257,23/08/2026,West,Maharashtra,pune,Apparel,Cotton T-Shirt,1,527.49,Delivered,3
ORD-103500,2026-04-20,North,Haryana,Gurugram,Home & Kitchen,LED Bulb Pack,1,428.31,shipped,
ORD-101111,2026-08-25,South,Telangana,Hyderabad,  Home & Kitchen ,LED Bulb Pack,1,373.71,Shipped,
ORD-103579,30-Jul-2026,SOUTH,Karnataka,Bangalore,Electronics,Smartwatch,2,4895.71,Cancelled,
ORD-101308,2026-02-02,North,Haryana,Gurugram,Grocery,Cooking Oil 1L,2,188.26,  Delivered ,1
ORD-100066,2026-09-15,East,West Bengal,Kolkata,Health & Beauty,Sunscreen,1,421.33,Shipped,
ORD-101381,2026-08-01,N,Uttar Pradesh,Lucknow,Clothing,Cotton T-Shirt,4,464.02,Delivered,4
ORD-104757,2026-09-29,North,Rajasthan,Jaipur,electronics,Smartwatch,2,5306.38,Delivered,2
ORD-101465,02/06/2026,West,Goa,Panaji,Home & Kitchen,led bulb pack,1,408.13,Completed,3
ORD-103943,2026-05-20,North,Delhi,Delhi,GROCERY,Dry Fruits 500g,1,833.29,Returned,3
ORD-101872,2026-03-22,Central,Madhya Pradesh,Indore,Electronics,Wireless Earbuds,2,2496.01,Delivered,4
ORD-100324,2026-08-09,South,Kerala,Kochi,HOME & KITCHEN,Pressure Cooker,1,1810.11,Delivered,2
ORD-102918,2026-07-20,west,Maharashtra,Pune,Groceries,Cooking Oil 1L,4,183.42,Delivered,4
ORD-101789,02/04/2026,North,Chandigarh,Chandigarh,Grocery,Basmati Rice 5kg,1,600.33,Delivered,4
ORD-104616,2026-02-11,Central,Madhya Pradesh,Bhopal,Grocery,Green Tea 100 Bags,1,374.72,delivered,3
ORD-104446,08/03/2026,Southern,Kerala,  Kochi ,Electronics,Bluetooth Speaker,1,3276.11,Delivered,4
ORD-101547,2026-06-21,South,Telangana,hyderabad,Grocery,Green Tea 100 Bags,3,347.08,Delivered,2
ORD-101565,2026-08-29,West,Goa,Panaji,Apparel,Kurta,3,816.44,Delivered,4
ORD-101707,05-Jan-2026,east,Assam,Guwahati,GROCERY,Dry Fruits 500g,3,724.82,  Cancelled ,
ORD-104311,24-Apr-2026,West,Maharashtra,Pune,Home & Kitchen,Non-Stick Pan,2,931.49,Delivered,5
ORD-104798,2026-03-27,e,Assam,  Guwahati ,Home & Kitchen,Non-Stick Pan,2,1024.98,In Transit,
ORD-100708,16-May-2026,West,Maharashtra,Pune,Home & Kitchen,LED Bulb Pack,1,408.05,Delivered,1
ORD-104839,18/03/2026,West,Goa,Panaji,Health & Beauty,Face Wash,2,254.88,Delivered,2
ORD-104496,26/07/2026,Central,Chhattisgarh,raipur,Grocery,Basmati Rice 5kg,3,585.05,  Delivered ,2
ORD-100637,2026-05-12,East,West Bengal,kolkata,Health & Beauty,hair dryer,6,1604.49,Delivered,2
ORD-100273,30/05/2026,East,West Bengal,Kolkata,Health & Beauty,Face Wash,1,271.05,Delivered,5
ORD-102478,2026-03-24,South,TAMIL NADU,Chennai,Health & Beauty,Vitamin C Tablets,3,565.05,  Pending ,
ORD-100904,15-Sep-2026,North,Delhi,Delhi,Health & Beauty,Face Wash,5,232.16,Delivered,3
ORD-104676,30-Jan-2026,Central,,Raipur,Apparel,Winter Jacket,3,2688.91,Delivered,6
ORD-103047,20-Apr-2026,East,West Bengal,Kolkata,Grocery,Dry Fruits 500g,2,734.54,Delivered,1
ORD-103975,2026-07-28,North,Haryana,Gurgaon,Health & Beauty,Sunscreen,2,419.80,Delivered,3
ORD-104919,2026-07-19,Central,Chhattisgarh,  Raipur ,Toys,Face Wash,3,243.46,Delivered,4
ORD-102140,2026-04-30,North,Delhi,Delhi,Electronics,Smartphone,1,19376.29,Delivered,3
ORD-104273,07/06/2026,East,Odisha,Bhubaneswar,Apparel,Winter Jacket,2,2377.91,Delivered,4
ORD-100771,2026-09-05,South,Kerala,Kochi,Apparel,Cotton T-Shirt,1,493.19,Delivered,1
ORD-101422,2026-07-02,South,Telangana,hyderabad,Apparel,Denim Jeans,1,1413.61,Delivered,3
ORD-101187,2026-02-25,South,Telangana,Hyderabad,Grocery,Basmati Rice 5kg,2,607.23,Shipped,
ORD-102107,02/05/2026,North,,Chandigarh,Grocery,Atta 10kg,2,513.03,Pending,
ORD-101479,22-Mar-2026,West,Gujarat,Ahmedabad,Home & Kitchen,pressure cooker,1,1975.17,Pending,
ORD-102958,2026-09-04,east,ODISHA,BHUBANESWAR,Grocery,Basmati Rice 5kg,1,673.12,Returned,6
ORD-101662,17-Jun-2026,South,Kerala,Kochi,Home & Kitchen,LED Bulb Pack,1,415.49,Delivered,4
ORD-104820,2026-08-15,West,Gujarat,Ahmedabad,Health and Beauty,Shampoo 400ml,1,393.33,Delivered,1
ORD-103944,23-Jul-2026,E,Bihar,Patna,Health & Beauty,vitamin c tablets,3,508.26,Delivered,
ORD-103381,2026-08-31,North,Haryana,Gurugram,Apparel,Winter Jacket,3,2464.30,Delivered,1
ORD-102165,2026-06-23,West,Maharashtra,Mumbai,Electronics,Smartwatch,3,4753.37,delivered,5
ORD-103252,06/08/2026,West,Gujarat,Ahmedabad,Home & Kitchen,Mixer Grinder,1,3655.01,Delivered,2
ORD-103152,2026-08-07,central,Madhya Pradesh,Indore,Electronics,Smartwatch,1,5128.32,DELIVERED,4
ORD-100127,2026-04-21,South,Tamil Nadu,Chennai,Home & Kitchen,Bedsheet Set,3,1313.00,Pending,
ORD-102773,2026-02-15,North,Chandigarh,Chandigarh,Apparel,Cotton T-Shirt,2,458.04,DELIVERED,1
ORD-104262,2026-08-26,North,Uttar Pradesh,lucknow,Grocery,Green Tea 100 Bags,7,321.76,Delivered,4
ORD-104713,23/05/2026,  North ,Uttar Pradesh,lucknow,  Electronics ,Smartwatch,1,4723.37,  Pending ,
ORD-104739,25/05/2026,South,KERALA,Kochi,Electronics,Bluetooth Speaker,1,3102.77,Delivered,1
ORD-102459,20-Sep-2026,West,Maharashtra,Pune,Groceries,Green Tea 100 Bags,1,355.18,Completed,4
ORD-102821,09/03/2026,East,Bihar,patna,Electronics,Wireless Earbuds,1,2291.34,cancelled,
ORD-104045,2026-04-23,Central,Madhya Pradesh,Indore,Home & Kitchen,Bedsheet Set,1,1259.67,Delivered,2
ORD-100745,13/08/2026,South,Tamil Nadu,Chennai,Apparel,Kurta,2,974.25,Delivered,2
ORD-100925,02-Aug-2026,North,Chandigarh,Chandigarh,Electronics,Smartwatch,2,4636.50,Delivered,3
ORD-103284,03-Jun-2026,Central,Madhya Pradesh,Indore,Grocery,Green Tea 100 Bags,3,381.30,Delivered,4
ORD-104474,2026-09-09,West,Goa,Panaji,electronics,Power Bank,4,1223.30,Delivered,3
12345,27/07/2026,North,Chandigarh,Chandigarh,Home & Kitchen,LED Bulb Pack,1,432.84,  Cancelled ,
ORD-101063,2026-08-08,North,Chandigarh,Chandigarh,health & beauty,Shampoo 400ml,1,384.98,Delivered,4
ORD-104781,2026-01-08,SOUTH,Tamil Nadu,Chennai,Apparel,Cotton T-Shirt,1,510.96,Shipped,
ORD-104469,01/04/2026,East,Bihar,Patna,Electronics,Bluetooth Speaker,1,3065.46,Pending,
ORD-103635,2026-09-02,North,Chandigarh,Chandigarh,HOME & KITCHEN,LED Bulb Pack,1,405.28,Delivered,1
ORD-101362,2026-03-03,East,West Bengal,Kolkata,Health & Beauty,Sunscreen,5,419.97,Delivered,4
ORD-102337,2026-09-10,  West ,Goa,Panaji,  Electronics ,Smartwatch,3,4569.00,Cancelled,
ORD-103876,2026-07-15,South,tamil nadu,Chennai,Apparel,Denim Jeans,1,1383.13,Delivered,3
ORD-103743,2026-06-29,Western,Gujarat,Ahmedabad,Grocery,Green Tea 100 Bags,1,315.90,Delivered,3
ORD-102138,06/05/2026,E,bihar,Patna,Grocery,Green Tea 100 Bags,5,329.24,Delivered,
ORD-101831,2026-03-18,west,Maharashtra,Mumbai,ELECTRONICS,Wireless Earbuds,1,2464.58,Completed,1
ORD-100036,2026-08-30,West,Gujarat,Ahmedabad,Electronics,BLUETOOTH SPEAKER,1,2979.59,Delivered,3
ORD-104020,2026-09-08,East,Bihar,Patna,Electronics,Wireless Earbuds,1,2430.75,  Returned ,6
ORD-103859,2026-04-02,South,Karnataka,Bengaluru,Apparel,  Running Shoes ,1,2821.31,delivered,3
ORD-104600,2026-09-22,North,Haryana,Gurgaon,Apparel,cotton t-shirt,1,547.46,Delivered,2
ORD-104186,2026-09-08,West,Maharashtra,Mumbai,electronics,Smartphone,2,17877.77,Delivered,3
ORD-102579,2026-09-05,North,Uttar Pradesh,Lucknow,Apparel,Denim Jeans,1,1513.49,Shipped,
ORD-103886,2026-06-11,West,Maharashtra,Bombay,Electronics,Smartphone,1,19296.32,Delivered,3
ORD-101489,2026-03-05,North,Haryana,Gurugram,Electronics,Power Bank,1,1209.79,  Delivered ,2
ORD-101615,2026-09-02,South,Tamil Nadu,Chennai,electronics,Power Bank,2,1312.02,Delivered,3
ORD-102273,2026-06-09,  East ,Assam,Guwahati,Health & Beauty,HAIR DRYER,2,1595.76,Shipped,
ORD-101330,2026-08-21,East,Bihar,Patna,Grocery,Dry Fruits 500g,2,821.76,Pending,
ORD-103319,25/02/2026,Central,Maharashtra,Nagpur,Home & Kitchen,Mixer Grinder,2,3396.44,Cancelled,
ORD-102783,2026-09-04,SOUTH,Karnataka,Bengaluru,Electronics,Power Bank,2,1270.91,Shipped,
ORD-103035,26-Sep-2026,West,Goa,Panaji,Apparel,RUNNING SHOES,2,3296.34,Delivered,2
ORD-104853,2026-07-28,East,Odisha,Bhubaneswar,Electronics,  Smartwatch ,4,4899.02,Delivered,4
ORD-104680,2026-08-02,North,Haryana,GURUGRAM,Home & Kitchen,Bedsheet Set,2,1237.51,Pending,
ORD-102557,2026-07-22,East,West Bengal,Kolkata,Health & Beauty,Shampoo 400ml,1,388.62,Pending,
ORD-104660,2026-07-31,  Central ,CHHATTISGARH,Raipur,  Apparel ,  Kurta ,1,839.40,Delivered,6
ORD-102127,03-Sep-2026,North,,Jaipur,Home & Kitchen,Bedsheet Set,3,1098.86,delivered,3
ORD-104484,2026-04-13,West,Maharashtra,Pune,Grocery,Atta 10kg,3,509.33,DELIVERED,4
ORD-100831,2026-07-15,South,kerala,Kochi,Grocery,Cooking Oil 1L,4,191.80,Delivered,2
ORD-100303,2026-09-27,North,Delhi,Delhi,Electronics,Power Bank,1,1204.34,Delivered,4
ORD-101040,2026-03-03,  West ,Gujarat,Ahmedabad,Apparel,Cotton T-Shirt,2,477.87,Delivered,1
ORD-102433,27/04/2026,Central,MADHYA PRADESH,Bhopal,Electronics,Power Bank,3,1302.74,Pending,
ORD-102285,2026-04-13,Central,Madhya Pradesh,Bhopal,Grocery,dry fruits 500g,4,761.38,Pending,
ORD-101833,2026-04-26,North,chandigarh,Chandigarh,Grocery,Atta 10kg,7,498.63,Pending,
ORD-104655,27/09/2026,South,Tamil Nadu,Chennai,Apparel,Denim Jeans,1,1547.55,Delivered,3
ORD-101948,24/03/2026,East,Odisha,  Bhubaneswar ,APPAREL,Winter Jacket,2,2651.88,Delivered,4
ORD-100404,2026-07-21,West,Maharashtra,mumbai,Apparel,Cotton T-Shirt,4,522.20,Delivered,1
ORD-100922,02/02/2026,Central,Maharashtra,Nagpur,Home & Kitchen,Mixer Grinder,3,3494.10,Pending,
ORD-102054,2026-02-04,  Central ,chhattisgarh,Raipur,Electronics,Bluetooth Speaker,1,2945.23,Delivered,3
ORD-102916,2026-07-29,North,Chandigarh,Chandigarh,Apparel,Winter Jacket,4,2321.05,Delivered,4
ORD-100880,20-Aug-2026,South,Karnataka,Bangalore,Apparel,Cotton T-Shirt,2,548.62,Returned,3
ORD-103177,2026-07-30,Southern,Karnataka,Bengaluru,  Grocery ,Dry Fruits 500g,2,768.56,Delivered,1
ORD-103878,28-May-2026,north,Chandigarh,Chandigarh,Electronics,smartphone,2,17946.54,Delivered,4
ORD-103419,2026-09-09,Central,Chhattisgarh,  Raipur ,Groceries,Atta 10kg,3,459.47,Delivered,2
ORD-101996,2026-03-14,central,CHHATTISGARH,Raipur,Health & Beauty,Sunscreen,1,487.52,Delivered,4
ORD-103661,2026-03-18,North,CHANDIGARH,Chandigarh,Electronics,Power Bank,1,1202.26,Delivered,2
ORD-104465,2026-09-28,West,Gujarat,Ahmedabad,Home & Kitchen,Non-Stick Pan,2,1098.29,Delivered,2
ORD-101175,03/07/2026,West,Maharashtra,Pune,Electronics,Smartwatch,1,5017.51,returned,4
ORD-104416,2026-07-19,East,Bihar,Patna,Apparel,Running Shoes,1,3219.60,Delivered,5
ORD-102956,2026-04-24,West,Goa,Panaji,Electronics,Smartphone,1,18130.98,Pending,
ORD-100337,2026-03-06,South,Tamil Nadu,Chennai,Apparel,Cotton T-Shirt,2,535.54,Pending,
ORD-102947,2026-08-14,  North ,rajasthan,Jaipur,Home & Kitchen,Mixer Grinder,1,3412.58,Delivered,4
ORD-104287,14/09/2026,West,Maharashtra,Pune,ELECTRONICS,Smartphone,1,18260.88,delivered,1
ORD-100487,15/01/2026,West,Maharashtra,Mumbai,Home & Kitchen,MIXER GRINDER,1,3281.67,Delivered,1
ORD-101572,2026-06-12,North,Haryana,Gurugram,Home & Kitchen,Bedsheet Set,1,1183.88,Delivered,3
ORD-103286,2026-01-09,East,Odisha,Bhubaneswar,Grocery,Atta 10kg,4,490.36,Delivered,3
ORD-102829,2026-04-21,East,West Bengal,Kolkata,Grocery,Dry Fruits 500g,6,843.83,Delivered,4
ORD-104115,2026-08-12,West,Gujarat,Ahmedabad,Grocery,  Cooking Oil 1L ,3,191.15,PENDING,
ORD-101800,2026-01-25,CENTRAL,,Raipur,Health and Beauty,Shampoo 400ml,1,425.89,Delivered,4
ORD-104152,2026-02-19,E,Odisha,Bhubaneswar,Grocery,Dry Fruits 500g,4,765.15,Delivered,3
ORD-103678,2026-08-17,South,Tamil Nadu,Madras,Grocery,Atta 10kg,4,543.50,Delivered,6
ORD-104697,08/03/2026,CENTRAL,Madhya Pradesh,Bhopal,Electronics,Wireless Earbuds,2,2565.57,Delivered,4
ORD-103887,2026-09-17,South,Karnataka,Bengaluru,electronics,Wireless Earbuds,1,2577.30,Delivered,4
ORD-102920,2026-01-29,South,Tamil Nadu,CHENNAI,  Apparel ,Cotton T-Shirt,3,450.40,Delivered,3
ORD-100356,2026-03-18,East,West Bengal,Calcutta,Grocery,Green Tea 100 Bags,5,328.55,Canceled,
ORD-103672,2026-07-13,North,Haryana,Gurugram,Apparel,Winter Jacket,5,2557.64,Delivered,1
ORD-100122,yesterday,West,Maharashtra,pune,Grocery,Green Tea 100 Bags,3,355.15,Delivered,2
ORD-102188,30/09/2026,West,Goa,PANAJI,  Electronics ,Wireless Earbuds,2,2415.06,Pending,
ORD-104602,06/09/2026,Central,Chhattisgarh,raipur,Electronics,WIRELESS EARBUDS,2,2427.54,Delivered,5
ORD-100936,2026-08-24,South,karnataka,Bengaluru,Health & Beauty,Vitamin C Tablets,1,510.93,Delivered,1
ORD-101098,2026-05-27,Central,Maharashtra,  Nagpur ,Electronics,Wireless Earbuds,1,2488.01,Lost,
ORD-101448,17/08/2026,South,Kerala,Kochi,Grocery,Basmati Rice 5kg,4,614.49,Shipped,
ORD-101184,2026-05-10,South,Telangana,Hyderabad,Home & Kitchen,Mixer Grinder,1,3752.88,Pending,
ORD-102155,2026-06-22,south,Kerala,Kochi,Home & Kitchen,  LED Bulb Pack ,1,382.28,Delivered,5
ORD-104350,14-Aug-2026,East,Odisha,BHUBANESWAR,Apparel,Kurta,3,867.86,Delivered,6
ORD-100269,2026-09-21,Central,  Maharashtra ,Nagpur,Home & Kitchen,MIXER GRINDER,1,3259.31,pending,
ORD-101520,2026-04-15,East,Assam,Guwahati,Apparel,Denim Jeans,2,1375.27,delivered,5
ORD-103595,2026-02-22,south,tamil nadu,Chennai,Health & Beauty,Hair Dryer,2,1488.06,Delivered,3
ORD-104074,2026-01-29,N,Delhi,Delhi,Grocery,Dry Fruits 500g,3,799.52,Delivered,2
ORD-103214,2026-03-21,East,  Odisha ,Bhubaneswar,Grocery,Basmati Rice 5kg,6,625.46,DELIVERED,4
ORD-101264,17/08/2026,South,Kerala,Kochi,Groceries,Dry Fruits 500g,1,847.17,Delivered,4
ORD-104955,2026-06-22,South,Tamil Nadu,Chennai,Grocery,Basmati Rice 5kg,4,688.86,Shipped,
ORD-100362,2026-02-03,north,Rajasthan,Jaipur,  Apparel ,Kurta,1,870.79,Delivered,
ORD-102549,2026-02-13,Central,madhya pradesh,  Indore ,Home & Kitchen,Bedsheet Set,2,1261.36,Completed,3
ORD-100161,2026-04-29,West,,Panaji,Grocery,Green Tea 100 Bags,5,359.65,DELIVERED,3
ORD-101412,2026-04-26,North,Uttar Pradesh,Lucknow,Electronics,bluetooth speaker,1,2953.70,Delivered,1
ORD-103758,16/08/2026,South,Telangana,Hyderabad,health and beauty,Hair Dryer,4,1683.08,Canceled,
ORD-101135,2026-07-08,  South ,Telangana,Hyderabad,Apparel,Winter Jacket,1,2500.29,Delivered,2
ORD-104367,03-Jul-2026,Central,Madhya Pradesh,Indore,Electronics,wireless earbuds,3,2249.12,Delivered,4
ORD-100739,2026-03-24,NORTH,Uttar Pradesh,Lucknow,Home & Kitchen,LED Bulb Pack,2,382.68,delivered,2
ORD-102270,2026-04-06,North,Haryana,Gurugram,Apparel,Denim Jeans,1,1530.22,delivered,2
ORD-101016,2026-04-08,East,Odisha,Bhubaneswar,Apparel,Kurta,3,927.17,  Delivered ,4
ORD-102439,2026-07-31,Central,Maharashtra,nagpur,Toys,Bluetooth Speaker,1,3143.82,delivered,5
ORD-104787,10-Sep-2026,north,Rajasthan,Jaipur,Home & Kitchen,LED Bulb Pack,2,381.58,Delivered,2
ORD-104714,2026-06-15,Western,Maharashtra,Mumbai,Electronics,  Wireless Earbuds ,1,2334.97,Pending,
ORD-102174,23-May-2026,Central,Madhya Pradesh,Bhopal,Grocery,Dry Fruits 500g,5,814.39,Delivered,1
ORD-101476,2026-04-30,SOUTH,Karnataka,Bengaluru,Clothing,Cotton T-Shirt,1,450.96,Delivered,3
ORD-102818,31/03/2026,South,Telangana,Hyderabad,ELECTRONICS,Smartwatch,2,4691.08,Delivered,1
ORD-102887,2026-04-24,North,Delhi,  Delhi ,Apparel,Kurta,2,820.85,delivered,3
ORD-104349,2026-07-05,West,Maharashtra,Mumbai,Health & Beauty,Face Wash,1,253.38,Shipped,
ORD-100178,03/03/2026,Central,Maharashtra,Nagpur,Groceries,Dry Fruits 500g,8,764.34,shipped,
ORD-100519,2026-07-31,East,Bihar,Patna,Electronics,Power Bank,1,1276.76,Delivered,4
ORD-102119,2026-04-30,CENTRAL,Madhya Pradesh,INDORE,Apparel,Cotton T-Shirt,1,450.75,PENDING,
ORD-100252,2026-04-19,East,Odisha,Bhubaneswar,Apparel,  Kurta ,2,963.23,Delivered,2
ORD-100263,2026-08-10,N,Uttar Pradesh,Lucknow,Grocery,ATTA 10KG,1,471.18,Delivered,1
ORD-102362,2026-06-01,NORTH,Haryana,Gurugram,Health & Beauty,Sunscreen,1,409.49,  Delivered ,5
ORD-101067,2026-04-09,North,,Jaipur,Grocery,dry fruits 500g,4,863.86,Shipped,
ORD-104623,2026-09-18,East,Assam,Guwahati,apparel,Running Shoes,1,3173.58,Delivered,6
ORD-103932,2026-01-30,Central,Chhattisgarh,Raipur,Home & Kitchen,LED Bulb Pack,2,400.65,Delivered,3
ORD-101559,2026-06-12,North,Delhi,Delhi,Home & Kitchen,Non-Stick Pan,2,1067.09,Pending,
ORD-101426,2026-05-29,NORTH,Rajasthan,Jaipur,  Electronics ,Smartwatch,1,5197.92,Delivered,
ORD-103337,2026-05-10,North,Rajasthan,Jaipur,Apparel,Cotton T-Shirt,1,497.00,Delivered,1
ORD-102046,2026-04-23,East,West Bengal,Kolkata,GROCERY,Green Tea 100 Bags,2,378.59,Delivered,4
ORD-101764,2026-08-26,Southern,Telangana,Hyderabad,Grocery,Basmati Rice 5kg,4,625.10,Delivered,4
ORD-100432,21/04/2026,  Central ,MAHARASHTRA,Nagpur,Grocery,Green Tea 100 Bags,3,373.02,Pending,
ORD-103508,2026-04-03,Central,Maharashtra,Nagpur,Apparel,Running Shoes,1,2860.01,Delivered,6
ORD-102225,2026-05-04,West,Maharashtra,Mumbai,Grocery,cooking oil 1l,5,186.99,Delivered,2
ORD-102636,16/03/2026,East,Odisha,Bhubaneswar,Groceries,DRY FRUITS 500G,5,868.84,Shipped,
ORD-104012,2026-08-03,Central,Maharashtra,Nagpur,Groceries,Basmati Rice 5kg,2,652.59,Delivered,1
ORD-102669,2026-05-25,Central,Chhattisgarh,Raipur,Grocery,Atta 10kg,1,475.59,Delivered,3
ORD-100544,29/04/2026,north,Delhi,Delhi,Electronics,Smartwatch,1,5284.81,Pending,
ORD-101696,02/04/2026,  South ,Tamil Nadu,Chennai,Apparel,Running Shoes,1,3070.42,Delivered,2
ORD-103745,2026-09-21,West,Maharashtra,Mumbai,Electronics,Smartwatch,1,5303.95,Delivered,2
ORD-101149,2026-02-10,South,Telangana,Hyderabad,Health & Beauty,Face Wash,2,230.54,Delivered,1
ORD-100426,2026-03-13,  Central ,Madhya Pradesh,Indore,Electronics,Wireless Earbuds,1,2419.10,  Delivered ,4
ORD-102250,2026-09-19,North,Chandigarh,Chandigarh,ELECTRONICS,Wireless Earbuds,1,2379.28,Completed,2
ORD-104141,06/09/2026,South,Telangana,Hyderabad,Electronics,WIRELESS EARBUDS,2,2260.07,Delivered,5
ORD-100933,2026-07-06,North,Haryana,Gurugram,Health & Beauty,  Hair Dryer ,2,1699.31,Delivered,3
ORD-103879,2026-03-07,Central,  Madhya Pradesh ,indore,Electronics,Power Bank,4,1171.97,Delivered,5
ORD-101546,2026-07-24,North,Chandigarh,Chandigarh,health and beauty,Face Wash,2,232.18,In Transit,
ORD-103750,2026-08-11,North,Chandigarh,Chandigarh,Home & Kitchen,NON-STICK PAN,3,1046.43,SHIPPED,
ORD-102430,31/02/2026,north,Chandigarh,Chandigarh,Apparel,Denim Jeans,3,1447.76,cancelled,
ORD-102106,25/06/2026,West,maharashtra,Mumbai,Grocery,  Green Tea 100 Bags ,3,366.93,Delivered,3
ORD-100372,2026-04-21,CENTRAL,,Bhopal,Grocery,Dry Fruits 500g,1,759.56,Completed,2
ORD-100924,18/09/2026,South,Kerala,Kochi,Health & Beauty,  Vitamin C Tablets ,6,547.82,Completed,1
ORD-100290,2026-08-11,South,Tamil Nadu,Chennai,Health & Beauty,Sunscreen,4,458.23,Delivered,2
ORD-101026,25/02/2026,South,Tamil Nadu,CHENNAI,Grocery,atta 10kg,1,449.58,Shipped,
ORD-102443,2026-09-02,E,west bengal,Kolkata,Groceries,Dry Fruits 500g,3,778.61,Delivered,6
ORD-100540,2026-04-20,Central,Chhattisgarh,Raipur,Health & Beauty,Shampoo 400ml,1,416.31,DELIVERED,4
ORD-101346,2026-09-11,West,Goa,Panaji,Electronics,Power Bank,2,1281.97,Returned,3
ORD-102299,2026-03-27,Southern,Karnataka,Bangalore,Apparel,Denim Jeans,1,1643.83,Delivered,2
ORD-102019,2026-04-17,West,,Pune,Grocery,Basmati Rice 5kg,2,690.92,Delivered,2
ORD-101787,2026-03-28,NORTH,Rajasthan,Jaipur,  Grocery ,Green Tea 100 Bags,3,319.67,Delivered,3
ORD-103536,2026-08-31,South,Karnataka,Bengaluru,  Home & Kitchen ,Mixer Grinder,2,3160.61,delivered,3
ORD-100901,2026-04-01,North,Chandigarh,Chandigarh,Electronics,Wireless Earbuds,6,2565.29,Lost,
ORD-104507,21/01/2026,south,Telangana,Hyderabad,Electronics,Bluetooth Speaker,1,3246.94,Delivered,2
ORD-101475,22/05/2026,East,west bengal,Kolkata,  Health & Beauty ,Hair Dryer,3,1567.70,Delivered,3
ORD-104163,02/08/2026,south,Karnataka,Bengaluru,Health & Beauty,Face Wash,1,253.79,Delivered,
ORD-103276,2026-03-20,Central,Madhya Pradesh,Indore,Grocery,Basmati Rice 5kg,2,666.80,Delivered,3
ORD-102530,2026-04-22,North,,Jaipur,Health and Beauty,Shampoo 400ml,2,369.75,Shipped,
ORD-100242,2026-05-31,North,Uttar Pradesh,Lucknow,Health & Beauty,Vitamin C Tablets,1,518.63,Shipped,
ORD-104310,2026-02-26,South,,Hyderabad,Apparel,Denim Jeans,1,1353.41,Delivered,2
ORD-104476,2026-03-27,West,  Maharashtra ,Mumbai,,Mixer Grinder,3,3214.01,DELIVERED,4
ORD-104648,02-Sep-2026,North,Rajasthan,Jaipur,  Electronics ,Smartphone,1,17917.30,  Delivered ,1
ORD-103285,2026-03-05,West,Goa,Panaji,Grocery,Green Tea 100 Bags,1,374.47,Delivered,
ORD-101087,2026-01-27,South,,Chennai,Apparel,Cotton T-Shirt,2,502.37,Delivered,1
ORD-104166,2026-01-12,West,Maharashtra,Pune,Apparel,KURTA,2,940.25,Delivered,2
ORD-102391,2026-06-12,Central,MAHARASHTRA,Nagpur,Home & Kitchen,Bedsheet Set,3,1196.39,Delivered,
ORD-100835,2026-08-06,North,Delhi,Delhi,Grocery,Green Tea 100 Bags,3,358.88,Shipped,
ORD-104300,2026-08-18,Central,Madhya Pradesh,Indore,Electronics,Smartwatch,2,5260.05,Delivered,2
ORD-101037,2026-03-26,EAST,Bihar,Patna,HOME & KITCHEN,Non-Stick Pan,1,1083.33,Delivered,3
ORD-104390,2026-04-14,West,Gujarat,Ahmedabad,Electronics,power bank,3,1348.87,Delivered,2
ORD-101226,2026-01-25,South,Kerala,Kochi,GROCERY,Atta 10kg,3,466.31,Delivered,
ORD-103058,2026-04-05,South,Karnataka,Bengaluru,Grocery,Cooking Oil 1L,4,176.83,Shipped,
ORD-103755,13/09/2026,West,Maharashtra,Mumbai,Electronics,Power Bank,2,1332.12,Delivered,3
ORD-101614,04/02/2026,North,Chandigarh,Chandigarh,Home & Kitchen,Mixer Grinder,3,3339.27,PENDING,
ORD-101638,yesterday,North,Uttar Pradesh,Lucknow,Home & Kitchen,  Non-Stick Pan ,1,1064.25,Cancelled,
ORD-103499,21-Sep-2026,East,Bihar,Patna,Electronics,Wireless Earbuds,2,2623.27,Delivered,6
ORD-100593,2026-07-19,West,Goa,Panaji,Grocery,Cooking Oil 1L,5,191.18,Delivered,1
ORD-102823,2026-05-23,North,Delhi,Delhi,Health & Beauty,Face Wash,1,269.52,Delivered,1
ORD-104486,2026-02-04,Central,Madhya Pradesh,Bhopal,Electronics,Wireless Earbuds,2,2728.15,Delivered,4
ORD-102767,2026-09-07,South,Karnataka,Bengaluru,electronics,Power Bank,1,1380.32,Delivered,4
ORD-103624,2026-08-07,Central,Maharashtra,nagpur,Electronics,Smartphone,1,18428.55,Delivered,3
ORD-101128,2026-03-23,North,Uttar Pradesh,  Lucknow ,Health & Beauty,Face Wash,-3,263.19,Delivered,3
ORD-104531,2026-09-28,South,  Kerala ,Kochi,Grocery,cooking oil 1l,2,200.35,Completed,5
ORD-104641,2026-08-21,  North ,Uttar Pradesh,Lucknow,Electronics,Bluetooth Speaker,-3,2964.21,Delivered,1
ORD-101086,2026-03-20,central,Madhya Pradesh,Indore,Apparel,winter jacket,2,2414.13,Delivered,4
ORD-100728,2026-01-21,East,Assam,Guwahati,Grocery,Green Tea 100 Bags,4,368.24,Delivered,2
ORD-103110,2026-06-30,West,Goa,Panaji,home & kitchen,Non-Stick Pan,1,1083.22,  Delivered ,6
ORD-101033,2026-07-16,  N ,Delhi,Delhi,  Grocery ,green tea 100 bags,2,322.95,Delivered,1
ORD-104004,2026-06-11,East,Assam,Guwahati,Groceries,Dry Fruits 500g,1,739.41,Returned,3
ORD-104488,2026-05-05,South,Tamil Nadu,Chennai,Electronics,Power Bank,1,1241.52,Pending,
ORD-104312,2026-03-02,East,  Bihar ,Patna,  Grocery ,Dry Fruits 500g,4,813.58,Cancelled,
ORD-102269,2026-07-03,North,Chandigarh,Chandigarh,Electronics,Bluetooth Speaker,3,2750.51,Cancelled,
ORD-102597,26/06/2026,north,Uttar Pradesh,Lucknow,Grocery,Cooking Oil 1L,2,203.13,Delivered,2
ORD-102358,29/08/2026,Western,Maharashtra,  Mumbai ,Electronics,Smartwatch,4,5078.79,Delivered,
ORD-104765,2026-08-16,South,Karnataka,Bengaluru,Home & Kitchen,Bedsheet Set,1,1289.56,Delivered,4
ORD-100300,06/04/2026,North,Rajasthan,Jaipur,Home & Kitchen,LED Bulb Pack,2,416.87,Delivered,2
ORD-103940,23/06/2026,Southern,Kerala,Kochi,electronics,Smartphone,1,17890.45,Completed,4
ORD-100223,2026-02-19,East,Odisha,Bhubaneswar,electronics,Smartwatch,1,4745.81,Delivered,4
ORD-103888,09/04/2026,North,Chandigarh,Chandigarh,Grocery,  Atta 10kg ,1,462.34,Completed,2
ORD-102328,20/09/2026,East,Odisha,Bhubaneswar,Electronics,Power Bank,2,1181.00,Delivered,7
ORD-104992,2026-09-25,South,Telangana,Hyderabad,Grocery,Dry Fruits 500g,2,800.93,Delivered,3
ORD-100990,2026-09-28,West,,Ahmedabad,Electronics,Smartphone,2,18708.44,Shipped,
ORD-101657,28/04/2026,Central,Maharashtra,Nagpur,Grocery,Green Tea 100 Bags,5,376.67,Delivered,6
ORD-101564,2026-05-11,  West ,Maharashtra,Bombay,APPAREL,Winter Jacket,1,2709.37,Pending,
ORD-103274,17-Sep-2026,West,Maharashtra,mumbai,Electronics,Smartwatch,1,5201.55,Delivered,3
ORD-100535,2026-08-02,Central,Madhya Pradesh,Bhopal,Apparel,Denim Jeans,4,1502.74,Delivered,5
ORD-100030,09/09/2026,North,Uttar Pradesh,Lucknow,Grocery,Green Tea 100 Bags,2,328.55,Completed,3
ORD-104145,2026-06-23,East,Odisha,Bhubaneswar,Health & Beauty,Sunscreen,abc,485.47,Delivered,5
ORD-100958,2026-02-07,West,Gujarat,AHMEDABAD,Health & Beauty,Hair Dryer,1,1683.04,Delivered,3
ORD-102841,2026-06-23,South,Telangana,  Hyderabad ,Electronics,Wireless Earbuds,3,2382.67,Delivered,4
ORD-102586,2026-08-21,West,Maharashtra,PUNE,Apparel,Kurta,1,855.10,Cancelled,
ORD-102899,04/04/2026,WEST,goa,Panaji,grocery,Basmati Rice 5kg,2,678.44,DELIVERED,3
ORD-103610,2026-01-20,Western,Maharashtra,Pune,  Apparel ,Running Shoes,1,3012.36,Returned,1
ORD-102966,2026-04-21,West,Maharashtra,Mumbai,Electronics,Bluetooth Speaker,2,3189.20,Lost,
ORD-100838,2026-08-03,South,Telangana,HYDERABAD,Grocery,Cooking Oil 1L,2,206.67,Delivered,2
ORD-104068,15/01/2026,North,Haryana,Gurugram,Home & Kitchen,BEDSHEET SET,3,1217.72,Delivered,4
ORD-102771,2026-03-10,South,Karnataka,Bengaluru,Home & Kitchen,Mixer Grinder,2,3714.23,Delivered,
ORD-100516,30/07/2026,North,Uttar Pradesh,Lucknow,Electronics,Wireless Earbuds,1,2629.09,Completed,3
ORD-100661,2026-05-05,North,Uttar Pradesh,  Lucknow ,Grocery,Cooking Oil 1L,3,203.77,Delivered,4
ORD-102989,2026-05-21,  West ,Gujarat,Ahmedabad,ELECTRONICS,Power Bank,1,1291.99,Delivered,5
ORD-104217,07/02/2026,South,  Kerala ,Kochi,apparel,Running Shoes,4,3287.59,Cancelled,
ORD-101943,19/01/2026,Central,Chhattisgarh,RAIPUR,Electronics,POWER BANK,1,1328.69,Delivered,2
ORD-104563,2026-01-03,West,Gujarat,Ahmedabad,Grocery,GREEN TEA 100 BAGS,1,355.90,Delivered,2
ORD-103592,2026-08-27,Southern,,Bengaluru,Groceries,Green Tea 100 Bags,2,334.16,Shipped,
ORD-103135,12/04/2026,North,Uttar Pradesh,Lucknow,Health & Beauty,Face Wash,3,259.06,Delivered,5
ORD-100528,2026-06-26,North,CHANDIGARH,Chandigarh,Grocery,Atta 10kg,3,486.57,Delivered,2
ORD-104898,2026-04-06,North,Rajasthan,Jaipur,Grocery,basmati rice 5kg,3,638.25,  Completed ,1
ORD-101069,2026-07-29,Central,Madhya Pradesh,Indore,Home & Kitchen,Mixer Grinder,2,3234.52,Delivered,3
ORD-102149,2026-05-02,North,Chandigarh,Chandigarh,Health & Beauty,Vitamin C Tablets,1,515.75,Delivered,2
ORD-104692,2026-08-12,West,Gujarat,Ahmedabad,Home & Kitchen,LED Bulb Pack,1,404.13,Pending,
ORD-104153,20-Mar-2026,Southern,Tamil Nadu,Chennai,Health & Beauty,Vitamin C Tablets,2,592.97,Delivered,2
ORD-103553,26/03/2026,South,Karnataka,bengaluru,Electronics,Bluetooth Speaker,1,2785.93,Completed,2
ORD-103815,2026-01-09,North,Delhi,delhi,Electronics,  Wireless Earbuds ,4,2264.19,Shipped,
ORD-102483,2026-08-03,East,Assam,Guwahati,Home & Kitchen,Mixer Grinder,3,3348.83,Delivered,7
ORD-102615,2026-05-25,CENTRAL,Chhattisgarh,Raipur,Home & Kitchen,LED Bulb Pack,1,387.45,Delivered,3
ORD-104767,2027-03-15,South,Kerala,Kochi,Home & Kitchen,Bedsheet Set,2,1161.86,Delivered,4
ORD-102535,14-Aug-2026,Central,Maharashtra,Nagpur,Apparel,running shoes,1,3159.59,Delivered,3
ORD-102775,2026-07-24,East,Assam,Guwahati,  Groceries ,Atta 10kg,4,547.50,Delivered,6
ORD-101367,2026-08-14,West,goa,,clothing,Kurta,1,979.20,Delivered,3
ORD-100058,2026-06-15,NORTH,Rajasthan,Jaipur,Home & Kitchen,Mixer Grinder,2,3789.94,Delivered,1
ORD-100329,2026-02-06,South,Telangana,Hyderabad,Health & Beauty,Face Wash,1,253.97,Delivered,3
ORD-103617,08/08/2026,North,Delhi,New Delhi,grocery,Dry Fruits 500g,2,849.73,DELIVERED,3
ORD-104879,2026-02-23,West,maharashtra,Mumbai,Health & Beauty,Sunscreen,2,415.37,  Delivered ,2
ORD-103910,2026-09-03,East,Bihar,Patna,Electronics,Wireless Earbuds,1,2354.00,shipped,
ORD-101933,2026-08-07,North,chandigarh,Chandigarh,Electronics,Power Bank,1,1224.14,Completed,2
ORD-104834,2026-01-08,West,Maharashtra,Pune,Grocery,Atta 10kg,2,475.35,Delivered,2
ORD-104833,30/04/2026,Central,Maharashtra,Nagpur,grocery,Atta 10kg,4,462.80,Delivered,6
ORD-104341,03/07/2026,North,Haryana,GURUGRAM,Electronics,Power Bank,2,1389.71,Shipped,
ORD-104303,2026-09-16,Central,Madhya Pradesh,Indore,Grocery,Green Tea 100 Bags,3,359.14,Delivered,3
ORD-100042,2026-03-15,North,Uttar Pradesh,Lucknow,Home & Kitchen,Mixer Grinder,4,3773.66,Cancelled,
ORD-102403,23/05/2026,  South ,,Bengaluru,apparel,Cotton T-Shirt,1,507.76,Delivered,2
ORD-102039,2026-02-21,South,Tamil Nadu,Chennai,Apparel,Cotton T-Shirt,1,488.93,Pending,
ORD-101152,2026-02-02,north,Chandigarh,Chandigarh,Groceries,Cooking Oil 1L,3,202.87,pending,
ORD-104398,2026-07-01,South,Telangana,Hyderabad,Apparel,Running Shoes,3,3085.53,Delivered,3
ORD-101398,2026-04-25,western,,  Pune ,electronics,Wireless Earbuds,2,2651.23,Delivered,1
ORD-101592,2026-04-10,North,Haryana,Gurugram,Electronics,Smartwatch,1,4710.00,Delivered,1
ORD-104543,15/05/2026,WEST,Goa,Panaji,ELECTRONICS,Power Bank,1,1257.95,Delivered,2
ORD-103483,12/04/2026,East,Bihar,Patna,Health & Beauty,Sunscreen,5,472.85,Completed,4
ORD-102789,2026-03-23,West,Gujarat,Ahmedabad,grocery,Cooking Oil 1L,2,197.24,Cancelled,
ORD-104376,2026-04-28,South,Karnataka,Bengaluru,Electronics,Bluetooth Speaker,1,2857.04,Returned,2
ORD-100388,2026-08-23,South,Karnataka,Bengaluru,Electronics,Smartwatch,2,5286.69,Delivered,3
ORD-102544,2026-09-08,East,Bihar,Patna,electronics,Wireless Earbuds,1,2599.53,Returned,
ORD-100963,19-Jun-2026,EAST,West Bengal,Kolkata,electronics,Bluetooth Speaker,1,3189.39,Delivered,5
ORD-103143,2026-05-18,South,Tamil Nadu,Chennai,Electronics,Smartphone,1,20532.19,  Shipped ,
ORD-101396,2027-03-15,North,Uttar Pradesh,Lucknow,Apparel,Cotton T-Shirt,1,500.32,Pending,
ORD-100511,25/08/2026,East,West Bengal,Kolkata,grocery,Atta 10kg,5,466.71,Pending,
ORD-103128,2026-09-27,West,Gujarat,Ahmedabad,Electronics,Power Bank,3,1211.71,Delivered,2
ORD-104880,19/07/2026,N,Chandigarh,Chandigarh,Grocery,Dry Fruits 500g,1,818.64,Delivered,3
ORD-104128,2026-01-20,South,Karnataka,Bengaluru,  Grocery ,COOKING OIL 1L,2,182.78,delivered,3
ORD-102242,2026-05-15,East,Assam,Guwahati,Clothing,Cotton T-Shirt,3,472.26,Delivered,5
ORD-101064,2026-09-19,South,Karnataka,Bengaluru,Electronics,Wireless Earbuds,2,2623.46,Delivered,3
ORD-100558,2026-09-17,West,  Maharashtra ,Pune,Grocery,Green Tea 100 Bags,4,350.17,Delivered,2
ORD-101844,2026-05-08,  South ,Karnataka,Bengaluru,Apparel,Running Shoes,1,3142.09,Delivered,2
ORD-101956,29/07/2026,N,Chandigarh,Chandigarh,Home & Kitchen,LED Bulb Pack,2,372.38,Delivered,
ORD-102889,2026-07-27,North,Chandigarh,Chandigarh,Electronics,Smartwatch,2,4983.54,Pending,
ORD-104083,2026-07-26,  Central ,Maharashtra,nagpur,Apparel,Kurta,1,824.83,DELIVERED,4
ORD-103119,2026-08-19,South,Karnataka,Bengaluru,Grocery,Green Tea 100 Bags,2,378.56,Delivered,1
ORD-103604,2026-09-20,West,Maharashtra,Pune,Grocery,Atta 10kg,8,533.03,Pending,
ORD-104847,08/07/2026,West,Maharashtra,Bombay,Electronics,smartphone,2,19208.50,Shipped,
ORD-103839,2026-02-16,West,Maharashtra,Pune,Electronics,Bluetooth Speaker,2,2950.61,Delivered,4
ORD-104687,26-Jun-2026,West,Maharashtra,Pune,Apparel,Denim Jeans,1,1623.19,Delivered,4
ORD-103343,2026-06-03,North,Rajasthan,Jaipur,Grocery,Basmati Rice 5kg,1,630.23,Delivered,3
ORD-101654,2026-08-17,NORTH,Uttar Pradesh,Lucknow,ELECTRONICS,Wireless Earbuds,1,2497.91,Delivered,1
ORD-104000,23/05/2026,West,  Gujarat ,Ahmedabad,Home & Kitchen,NON-STICK PAN,1,1091.65,Delivered,4
ORD-103898,14/06/2026,North,Delhi,new delhi,  Grocery ,Green Tea 100 Bags,-3,318.45,Delivered,1
ORD-102203,2026-06-01,East,Bihar,  Patna ,Health & Beauty,Face Wash,1,252.60,Delivered,1
ORD-101007,20/08/2026,Western,Maharashtra,Bombay,Electronics,Wireless Earbuds,7,2353.59,Delivered,
ORD-103370,2026-02-16,North,Haryana,Gurugram,apparel,Denim Jeans,1,1380.80,Delivered,3
ORD-104096,10/03/2026,South,Karnataka,Bengaluru,Apparel,Running Shoes,2,3096.31,Cancelled,
ORD-103741,2026-07-18,East,assam,Guwahati,Home & Kitchen,Pressure Cooker,1,2086.91,Shipped,
,12-Aug-2026,North,Delhi,delhi,Electronics,Smartphone,2,19447.27,RETURNED,1
ORD-100517,02-Aug-2026,North,Uttar Pradesh,Lucknow,Health & Beauty,Shampoo 400ml,4,370.12,Delivered,4
ORD-100548,24/01/2026,North,Delhi,Delhi,Health & Beauty,Sunscreen,1,423.69,Delivered,4
ORD-102389,2026-03-04,South,Karnataka,Bengaluru,  Grocery ,Green Tea 100 Bags,3,343.36,Delivered,2
ORD-100696,2026-05-14,Central,Chhattisgarh,Raipur,Grocery,Basmati Rice 5kg,5,591.80,Delivered,3
ORD-102366,2026-09-29,Central,,nagpur,Apparel,cotton t-shirt,1,539.34,delivered,6
ORD-102838,11/08/2026,North,Delhi,Delhi,Grocery,basmati rice 5kg,1,630.37,Delivered,3
ORD-101472,2026-03-25,east,Odisha,Bhubaneswar,Electronics,wireless earbuds,3,2508.23,Delivered,5
ORD-102890,2026-08-13,East,Odisha,Bhubaneswar,Electronics,Bluetooth Speaker,1,2868.91,Cancelled,
ORD-103939,07-Sep-2026,South,Telangana,Hyderabad,Electronics,Power Bank,1,1289.76,Delivered,4
ORD-101332,2026-06-04,East,Assam,Guwahati,home & kitchen,Bedsheet Set,1,1259.50,Cancelled,
ORD-104171,2026-05-18,CENTRAL,Madhya Pradesh,Indore,  Grocery ,Green Tea 100 Bags,4,383.67,Delivered,4
ORD-104681,06/08/2026,West,,Pune,Electronics,Smartwatch,2,4584.01,Delivered,1
ORD-103908,20/06/2026,West,Maharashtra,Pune,  Health & Beauty ,Sunscreen,1,482.88,Delivered,3
ORD-102061,2026-03-31,East,assam,Guwahati,APPAREL,winter jacket,2,2654.15,Cancelled,
ORD-103094,01/05/2026,western,Maharashtra,Pune,Toys,Atta 10kg,6,510.59,Delivered,3
ORD-103215,26/06/2026,Central,  Madhya Pradesh ,  Indore ,Apparel,cotton t-shirt,2,512.24,Delivered,3
ORD-104750,2026-04-20,North,Haryana,Gurugram,Clothing,Winter Jacket,1,2440.02,Delivered,1
ORD-102573,21/07/2026,North,Uttar Pradesh,Lucknow,Electronics,Smartphone,1,20048.78,Shipped,
ORD-103718,2026-07-20,Western,Gujarat,Ahmedabad,Electronics,Bluetooth Speaker,1,3157.32,Shipped,
ORD-102408,2026-02-15,West,Maharashtra,Pune,Grocery,Dry Fruits 500g,7,753.04,Delivered,4
ORD-103211,11/08/2026,  East ,West Bengal,  Kolkata ,Grocery,  Cooking Oil 1L ,2,200.00,Delivered,6
ORD-104857,2026-05-07,North,Chandigarh,CHANDIGARH,GROCERY,Basmati Rice 5kg,2,652.70,Shipped,
ORD-100796,2026-07-24,Central,Chhattisgarh,Raipur,Apparel,Kurta,2,826.47,Delivered,6
ORD-100901,2026-04-01,North,Chandigarh,Chandigarh,Electronics,Wireless Earbuds,2,2565.29,Lost,
ORD-104261,05/06/2026,west,MAHARASHTRA,PUNE,Electronics,Wireless Earbuds,3,2489.69,Pending,
ORD-100640,2026-05-06,East,Bihar,patna,Grocery,Atta 10kg,2,505.63,Delivered,3
ORD-104203,2026-06-13,West,Maharashtra,Mumbai,Home & Kitchen,Pressure Cooker,3,1985.61,  Shipped ,
ORD-101059,21/02/2026,west,Goa,Panaji,Clothing,Winter Jacket,2,2502.40,Delivered,1
ORD-102747,26/06/2026,North,Uttar Pradesh,Lucknow,Apparel,Cotton T-Shirt,1,484.09,Delivered,1
ORD-100230,2026-07-11,East,Odisha,Bhubaneswar,Electronics,Smartphone,1,20763.34,Delivered,3
ORD-103364,2026-08-05,West,Maharashtra,Mumbai,Health & Beauty,Vitamin C Tablets,1,500.91,delivered,1
ORD-104726,2026-03-23,South,Tamil Nadu,Chennai,electronics,BLUETOOTH SPEAKER,2,3203.37,Pending,
ORD-101092,2026-04-08,Central,Madhya Pradesh,Bhopal,Grocery,Green Tea 100 Bags,3,317.12,PENDING,
ORD-100705,2026-04-14,Central,Maharashtra,Nagpur,Health & Beauty,Face Wash,3,242.46,Pending,
ORD-103178,2026-06-27,East,Bihar,Patna,Grocery,Atta 10kg,4,523.39,Completed,7
ORD-100817,2026-02-05,North,Delhi,Delhi,Health & Beauty,Hair Dryer,2,1439.32,Delivered,1
ORD-104382,2026-09-04,South,karnataka,bengaluru,Home & Kitchen,Pressure Cooker,4,1858.67,Delivered,3
ORD-103826,05-Aug-2026,North,Uttar Pradesh,Lucknow,Electronics,Power Bank,1,1263.16,delivered,4
ORD-101442,2026-04-15,  North ,Chandigarh,Chandigarh,Health & Beauty,vitamin c tablets,1,581.96,Delivered,2
ORD-101843,22-Mar-2026,West,Goa,Panaji,Grocery,GREEN TEA 100 BAGS,2,352.22,Delivered,3
ORD-100115,16/02/2026,West,  Maharashtra ,Bombay,Electronics,  Bluetooth Speaker ,1,3293.50,  Shipped ,
ORD-102843,2026-09-22,Central,,BHOPAL,Electronics,  Wireless Earbuds ,3,2716.04,  Delivered ,3
ORD-103761,28/09/2026,North,,,Electronics,Wireless Earbuds,1,2437.95,Pending,
ORD-100141,2026-04-08,Central,Maharashtra,Nagpur,Electronics,Wireless Earbuds,1,2676.51,Delivered,3
ORD-102082,2026-08-20,West,Maharashtra,Pune,Clothing,running shoes,2,3141.63,Delivered,2
ORD-102842,2026-01-11,West,Maharashtra,Pune,Electronics,Smartwatch,1,5283.26,Pending,
ORD-100679,2026-09-24,West,Gujarat,ahmedabad,health & beauty,Sunscreen,1,442.14,Delivered,4
ORD-103904,2026-02-27,Central,Maharashtra,Nagpur,Health & Beauty,Sunscreen,2,428.11,Delivered,2
ORD-104213,26/05/2026,West,Gujarat,Ahmedabad,Clothing,Winter Jacket,1,2397.60,Delivered,2
ORD-102933,2026-07-27,North,Uttar Pradesh,Lucknow,Home & Kitchen,Pressure Cooker,2,1945.08,Delivered,3
ORD-100989,2026-07-26,West,Maharashtra,Mumbai,Apparel,Denim Jeans,6,1438.91,Cancelled,
ORD-101337,2026-08-30,Central,Maharashtra,  Nagpur ,Grocery,Cooking Oil 1L,2,176.12,Delivered,2
ORD-102757,14/05/2026,Central,Maharashtra,Nagpur,Grocery,Green Tea 100 Bags,1,329.75,Shipped,
ORD-101102,2026-07-16,  West ,Goa,Panaji,Home & Kitchen,Mixer Grinder,1,3763.94,Delivered,4
ORD-104254,2026-08-17,West,Maharashtra,Pune,Grocery,Atta 10kg,1,481.56,Cancelled,
ORD-104188,2026-01-05,North,Delhi,Delhi,  Apparel ,Running Shoes,1,2866.58,Delivered,3
ORD-103230,2026-06-25,East,,Patna,Health and Beauty,Sunscreen,1,488.93,delivered,5
ORD-103603,2026-08-09,Central,Madhya Pradesh,Indore,Electronics,smartwatch,1,5052.02,Delivered,4
ORD-103416,2026-05-20,  West ,Goa,PANAJI,Toys,Dry Fruits 500g,2,804.03,Shipped,
ORD-102709,2026-07-22,North,Chandigarh,CHANDIGARH,HOME & KITCHEN,Pressure Cooker,3,1888.13,Delivered,4
,2026-09-22,Central,Chhattisgarh,Raipur,Electronics,Wireless Earbuds,1,2440.56,Delivered,4
ORD-102748,2026-03-16,West,Gujarat,Ahmedabad,Health & Beauty,Hair Dryer,3,1579.66,cancelled,
ORD-104894,2026-04-19,North,Rajasthan,jaipur,Health & Beauty,Hair Dryer,1,1578.44,Delivered,4
ORD-102921,2026-04-29,N,Rajasthan,Jaipur,Home & Kitchen,Non-Stick Pan,1,1032.98,  Returned ,3
ORD-103660,2026-09-27,Central,Maharashtra,Nagpur,Apparel,Kurta,2,834.71,Pending,
ORD-101262,2026-09-15,North,Delhi,Delhi,Grocery,Atta 10kg,3,532.65,Shipped,
ORD-100506,2026-03-02,North,Rajasthan,Jaipur,health & beauty,Hair Dryer,1,1458.42,Returned,3
ORD-103982,2026-09-08,north,Uttar Pradesh,Lucknow,  Electronics ,Smartwatch,1,4924.37,Delivered,5
ORD-104365,2026-08-11,south,  Telangana ,Hyderabad,Grocery,Dry Fruits 500g,2,845.10,Delivered,3
ORD-104551,09-Mar-2026,North,Delhi,DELHI,GROCERY,cooking oil 1l,1,186.26,Delivered,4
ORD-100845,2026-03-13,North,Uttar Pradesh,lucknow,Electronics,Power Bank,2,1347.38,Shipped,
ORD-101012,11/04/2026,North,Rajasthan,Jaipur,Grocery,Basmati Rice 5kg,3,609.80,Shipped,
ORD-101236,2026-07-29,West,Maharashtra,Mumbai,ELECTRONICS,Power Bank,5,1170.43,  Delivered ,4
ORD-100807,2026-09-18,N,delhi,Delhi,Electronics,Smartwatch,2,4728.59,Delivered,3
ORD-102655,30/09/2026,East,Assam,Guwahati,Electronics,  Wireless Earbuds ,1,2457.78,Delivered,6
ORD-100199,2026-02-17,South,Kerala,Kochi,Electronics,Bluetooth Speaker,2,3025.93,Cancelled,
ORD-104711,05/08/2026,East,Assam,guwahati,Apparel,DENIM JEANS,1,1431.57,delivered,9
ORD-102042,2026-08-16,Central,Chhattisgarh,Raipur,Electronics,Smartwatch,1,4656.40,Delivered,2
ORD-100905,2026-07-02,East,,bhubaneswar,Groceries,Green Tea 100 Bags,2,372.40,Delivered,4
ORD-103259,17/05/2026,  South ,Tamil Nadu,chennai,Grocery,Cooking Oil 1L,5,193.15,CANCELLED,
ORD-103634,26/08/2026,East,Bihar,Patna,health & beauty,Sunscreen,3,438.87,Delivered,7
ORD-102247,2026-07-27,South,  Karnataka ,Bengaluru,grocery,Atta 10kg,4,521.20,Delivered,3
ORD-102534,11/05/2026,South,Tamil Nadu,Chennai,Health & Beauty,Hair Dryer,2,1640.97,Cancelled,
ORD-102115,2026-06-23,Western,Goa,  Panaji ,Health & Beauty,Shampoo 400ml,abc,418.05,Cancelled,
ORD-101952,19/05/2026,West,Goa,Panaji,Home and Kitchen,Pressure Cooker,2,1797.30,Returned,2
ORD-104085,20/05/2026,South,Tamil Nadu,Chennai,Toys,Bluetooth Speaker,1,3156.28,Delivered,
ORD-104668,18-Feb-2026,N,Haryana,Gurugram,Groceries,Basmati Rice 5kg,4,606.00,  Delivered ,3
ORD-104683,10/03/2026,West,Maharashtra,Pune,Apparel,  Kurta ,2,910.02,Delivered,2
ORD-101365,2026-08-21,North,Uttar Pradesh,Lucknow,Home & Kitchen,Mixer Grinder,2,3621.65,Pending,
ORD-103996,2026-08-16,South,  Tamil Nadu ,  Chennai ,Electronics,Smartwatch,2,4882.49,pending,
ORD-103405,10-Jul-2026,West,Goa,Panaji,Home & Kitchen,led bulb pack,1,411.11,Delivered,3
ORD-102922,2026-05-06,West,Gujarat,AHMEDABAD,Grocery,basmati rice 5kg,3,602.16,Cancelled,
ORD-103849,2026-02-10,South,Karnataka,Bengaluru,Electronics,Bluetooth Speaker,2,3145.19,Delivered,2
ORD-102658,2026-04-27,North,Chandigarh,Chandigarh,Health & Beauty,Sunscreen,3,466.06,Delivered,1
ORD-104940,17/02/2026,north,uttar pradesh,Lucknow,Home & Kitchen,Mixer Grinder,1,3731.47,returned,1
ORD-103913,2026-08-31,East,Assam,guwahati,Grocery,Basmati Rice 5kg,2,584.69,Completed,5
ORD-100505,2026-06-26,West,Goa,Panaji,HEALTH & BEAUTY,Hair Dryer,2,1521.24,Shipped,
ORD-100983,2026-08-11,Central,madhya pradesh,Indore,Grocery,Basmati Rice 5kg,1,N/A,Delivered,3
ORD-100612,2026-08-04,West,Goa,panaji,  Electronics ,smartwatch,1,5156.08,Delivered,2
ORD-100941,2026-08-12,West,,Ahmedabad,Electronics,Wireless Earbuds,2,2360.12,Delivered,1
ORD-100075,04/03/2026,North,Rajasthan,Jaipur,Apparel,Running Shoes,1,2944.44,Delivered,1
ORD-104410,2026-04-08,N,Delhi,Delhi,Grocery,Atta 10kg,2,514.69,Shipped,
ORD-100861,2026-07-18,central,Chhattisgarh,RAIPUR,HOME & KITCHEN,Bedsheet Set,1,1314.63,Pending,
ORD-104387,13/06/2026,  Central ,Madhya Pradesh,Bhopal,Apparel,  Denim Jeans ,2,1540.06,Shipped,
ORD-103156,2026-05-30,East,Odisha,bhubaneswar,Health & Beauty,Sunscreen,3,419.81,Returned,2
ORD-100503,2026-02-13,NORTH,  Chandigarh ,Chandigarh,Electronics,Smartphone,1,17801.96,Delivered,2
ORD-104704,2026-09-14,North,Rajasthan,Jaipur,Electronics,smartphone,2,17297.04,Cancelled,
ORD-104707,2026-09-02,South,Telangana,Hyderabad,Home & Kitchen,LED Bulb Pack,3,425.61,Completed,4
ORD-101600,20/02/2026,East,  Odisha ,Bhubaneswar,Apparel,Denim Jeans,2,1476.17,Returned,3
ORD-102153,2026-08-23,Central,Chhattisgarh,Raipur,Electronics,Power Bank,1,1274.16,Delivered,2
ORD-103773,2026-06-26,West,Maharashtra,Mumbai,Home and Kitchen,PRESSURE COOKER,1,2058.20,Delivered,3
ORD-104202,11/07/2026,North,Delhi,DELHI,apparel,Winter Jacket,4,2713.84,Delivered,2
ORD-104339,05-Jun-2026,East,  Bihar ,Patna,Health & Beauty,Face Wash,1,242.94,Delivered,4
ORD-104228,2026-03-16,East,Odisha,Bhubaneswar,Apparel,Winter Jacket,2,2609.32,Delivered,4
ORD-101531,2026-07-12,West,Goa,Panaji,Grocery,Atta 10kg,5,533.61,delivered,2
ORD-102701,2026-05-16,  South ,Kerala,Kochi,Apparel,Winter Jacket,3,2272.03,Delivered,1
12345,2026-05-16,South,Telangana,Hyderabad,Apparel,Kurta,3,831.17,Cancelled,
ORD-101888,28/06/2026,CENTRAL,  Madhya Pradesh ,Bhopal,Grocery,Basmati Rice 5kg,4,604.33,Pending,
ORD-100380,26/05/2026,East,Odisha,Bhubaneswar,Health & Beauty,Hair Dryer,2,1735.95,Pending,
ORD-102261,06/07/2026,South,,Kochi,Grocery,Green Tea 100 Bags,1,339.19,Delivered,2
ORD-101804,11/08/2026,North,Rajasthan,Jaipur,Grocery,Cooking Oil 1L,2,200.72,Cancelled,
ORD-100658,03/08/2026,North,Haryana,Gurugram,Apparel,Running Shoes,1,3180.48,delivered,1
ORD-104459,2026-02-28,Southern,,Bengaluru,Grocery,Atta 10kg,2,485.42,Delivered,1
ORD-104746,2026-04-11,East,Assam,Guwahati,Grocery,Green Tea 100 Bags,2,370.84,Shipped,
ORD-100153,31/07/2026,South,Kerala,  Kochi ,Grocery,Basmati Rice 5kg,2,604.68,Delivered,3
ORD-100984,2026-04-13,West,Maharashtra,Pune,Electronics,Smartwatch,4,4767.65,Delivered,4
ORD-102168,2026-09-07,North,Chandigarh,Chandigarh,Apparel,Denim Jeans,1,1426.84,  Delivered ,3
ORD-102602,2026-07-29,South,karnataka,Bengaluru,Grocery,Dry Fruits 500g,1,751.23,Delivered,3
ORD-104575,2026-08-30,West,Goa,PANAJI,Home & Kitchen,Bedsheet Set,1,1237.02,Delivered,2
ORD-102049,08-Mar-2026,West,Gujarat,Ahmedabad,electronics,Wireless Earbuds,1,2709.48,Shipped,
ORD-100054,2026-06-12,central,Madhya Pradesh,bhopal,Home & Kitchen,Mixer Grinder,1,3617.23,cancelled,
ORD-102711,2026-02-04,East,Bihar,patna,HEALTH & BEAUTY,Vitamin C Tablets,1,579.25,delivered,3
ORD-101557,2026-06-15,Central,Chhattisgarh,RAIPUR,Grocery,Dry Fruits 500g,1,830.00,Shipped,
ORD-101027,2026-02-15,West,Maharashtra,Mumbai,Health & Beauty,Shampoo 400ml,1,426.71,Delivered,4
ORD-102093,2026-06-10,  South ,karnataka,Bengaluru,Grocery,Basmati Rice 5kg,1,648.39,Delivered,2
ORD-100265,2026-06-06,West,Goa,Panaji,Apparel,Running Shoes,1,3059.18,Pending,
ORD-100185,2026-09-22,South,  Kerala ,kochi,Electronics,Bluetooth Speaker,2,3197.75,Pending,
ORD-100995,2026-02-22,South,Telangana,Hyderabad,Groceries,Dry Fruits 500g,6,842.92,Delivered,2
ORD-103281,2026-05-05,North,Chandigarh,Chandigarh,Health and Beauty,Sunscreen,2,477.56,Delivered,3
ORD-103746,2026-05-17,  South ,Karnataka,Bengaluru,GROCERY,Basmati Rice 5kg,1,595.49,Delivered,3
ORD-102412,2026-07-28,  South ,Telangana,  Hyderabad ,Health & Beauty,Face Wash,2,260.05,pending,
ORD-101624,12/08/2026,EAST,,PATNA,  Grocery ,Atta 10kg,2,508.10,Delivered,7
ORD-101048,2026-09-24,North,Uttar Pradesh,Lucknow,Electronics,wireless earbuds,2,2679.38,Pending,
ORD-102432,27/01/2026,East,Assam,Guwahati,Electronics,Wireless Earbuds,2,2670.28,delivered,5
ORD-103952,13/03/2026,Western,Maharashtra,Pune,ELECTRONICS,Smartphone,1,19261.27,Delivered,1
ORD-100032,2026-05-16,n,Haryana,Gurugram,home & kitchen,LED Bulb Pack,3,395.37,Delivered,3
ORD-101854,2026-08-09,North,Uttar Pradesh,Lucknow,Electronics,Power Bank,2,1263.74,Delivered,2
ORD-100991,2026-06-28,  South ,Karnataka,bangalore,Home & Kitchen,Bedsheet Set,3,1295.79,Shipped,
ORD-103600,09/02/2026,South,Karnataka,Bengaluru,Grocery,Atta 10kg,1,548.37,Delivered,4
ORD-100279,2026-08-07,East,Bihar,Patna,Grocery,Cooking Oil 1L,2,182.92,Delivered,7
ORD-101706,29/08/2026,East,Odisha,Bhubaneswar,Grocery,Green Tea 100 Bags,1,371.82,Delivered,6
ORD-103893,2026-09-20,North,  Chandigarh ,Chandigarh,Apparel,cotton t-shirt,1,504.30,  Delivered ,5
ORD-104195,2026-08-27,West,Goa,Panaji,grocery,Green Tea 100 Bags,3,353.65,Delivered,1
ORD-104055,02-Jun-2026,North,HARYANA,Gurugram,  Health & Beauty ,Hair Dryer,1,1572.66,Pending,
ORD-103999,2026-06-08,East,Assam,Guwahati,Health & Beauty,Sunscreen,2,448.05,Delivered,7
ORD-100103,2026-08-25,North,Delhi,Delhi,grocery,Cooking Oil 1L,2,205.79,Delivered,1
ORD-102514,2026-02-09,East,Bihar,Patna,Grocery,Green Tea 100 Bags,4,333.76,Delivered,4
ORD-104414,08/08/2026,Central,Madhya Pradesh,Bhopal,apparel,  Winter Jacket ,3,2390.85,Delivered,3
ORD-104156,2026-09-18,Central,madhya pradesh,Indore,Home & Kitchen,LED Bulb Pack,1,390.69,  Delivered ,3
ORD-103757,2026-09-10,West,maharashtra,Mumbai,Electronics,Smartwatch,2,4918.14,Delivered,3
ORD-101863,2026-08-19,Central,Chhattisgarh,Raipur,Grocery,Basmati Rice 5kg,5,598.77,Delivered,4
ORD-100017,2026-05-27,north,,Chandigarh,Grocery,Basmati Rice 5kg,3,684.92,Delivered,3
ORD-103918,2026-05-17,North,Rajasthan,Jaipur,Grocery,Basmati Rice 5kg,1,604.57,Delivered,2
ORD-101153,06/04/2026,West,Goa,Panaji,Home & Kitchen,Non-Stick Pan,1,990.58,Shipped,
ORD-101303,2026-06-05,North,uttar pradesh,Lucknow,Grocery,Cooking Oil 1L,4,181.17,Delivered,4
ORD-103067,2026-02-10,West,Maharashtra,Mumbai,Grocery,Atta 10kg,2,514.86,Delivered,2
ORD-104698,2026-02-07,North,Chandigarh,Chandigarh,home & kitchen,Bedsheet Set,1,1243.48,Delivered,3
ORD-100473,2026-09-05,East,Bihar,Patna,Electronics,Smartwatch,3,5090.74,Shipped,
ORD-101496,2026-01-21,North,Delhi,Delhi,ELECTRONICS,  Power Bank ,1,1267.02,Delivered,1
ORD-103942,2026-04-09,North,Rajasthan,Jaipur,Home & Kitchen,Non-Stick Pan,2,930.04,Canceled,
ORD-103765,15-Aug-2026,West,Gujarat,Ahmedabad,Apparel,RUNNING SHOES,1,2712.61,Shipped,
ORD-101213,2026-03-10,N,Haryana,Gurugram,Home & Kitchen,Bedsheet Set,3,1168.20,Delivered,1
ORD-100840,2026-07-03,  South ,Tamil Nadu,Chennai,Health & Beauty,Face Wash,5,249.37,  Cancelled ,
ORD-100532,2026-06-14,WEST,Maharashtra,Pune,home & kitchen,LED Bulb Pack,1,405.69,Delivered,4
ORD-102272,2026-05-22,West,Maharashtra,Pune,Home & Kitchen,LED Bulb Pack,1,398.81,cancelled,
ORD-104724,2026-01-09,N,  Delhi ,DELHI,Apparel,Running Shoes,3,2804.76,Delivered,3
ORD-104962,2026-09-03,Central,Maharashtra,Nagpur,Electronics,BLUETOOTH SPEAKER,3,3116.90,delivered,2
ORD-104201,30/09/2026,South,Kerala,Kochi,Electronics,Wireless Earbuds,1,2622.49,delivered,2
ORD-100055,2026-06-28,South,  Kerala ,Kochi,Home & Kitchen,LED Bulb Pack,1,N/A,Delivered,2
ORD-101400,2026-01-05,North,rajasthan,Jaipur,Electronics,Bluetooth Speaker,2,3248.05,Delivered,3
ORD-102033,2026-08-07,East,Bihar,Patna,HEALTH & BEAUTY,Shampoo 400ml,1,417.66,Cancelled,
ORD-101679,2026-07-29,Southern,Tamil Nadu,Chennai,Apparel,running shoes,1,3280.18,Pending,
ORD-102354,2026-09-10,Central,Chhattisgarh,Raipur,  Apparel ,Cotton T-Shirt,1,507.95,Delivered,1
ORD-100321,2026-05-23,West,Goa,Panaji,Grocery,Basmati Rice 5kg,4,611.91,Delivered,4
ORD-100173,2026-03-25,Western,Maharashtra,Mumbai,Electronics,Power Bank,4,1174.39,Delivered,2
ORD-104657,12/06/2026,SOUTH,Kerala,Kochi,Home & Kitchen,LED Bulb Pack,1,367.87,Delivered,4
ORD-104171,2026-05-18,CENTRAL,Madhya Pradesh,Indore,  Grocery ,Green Tea 100 Bags,4,383.67,Delivered,4
ORD-101159,2026-07-18,West,Maharashtra,Pune,Apparel,Running Shoes,3,3047.92,Completed,1
ORD-104493,2026-08-11,South,Karnataka,Bengaluru,HEALTH & BEAUTY,Hair Dryer,2,1553.71,Delivered,4
ORD-101322,2026-05-11,Central,Madhya Pradesh,Indore,Home & Kitchen,Bedsheet Set,1,1244.55,Delivered,6
ORD-100162,28-Jul-2026,N,,Delhi,Apparel,Kurta,1,893.07,Completed,5
ORD-100464,2026-09-20,West,Goa,Panaji,Health & Beauty,Vitamin C Tablets,5,509.07,Shipped,
ORD-103150,2026-04-21,West,Gujarat,  Ahmedabad ,Health and Beauty,Face Wash,2,230.39,Shipped,
ORD-103461,2026-09-05,West,Maharashtra,Mumbai,Grocery,Dry Fruits 500g,3,765.64,Pending,
ORD-103719,2026-04-11,Western,Maharashtra,Mumbai,Electronics,Smartwatch,2,4658.90,Delivered,5
ORD-101022,2026-06-04,NORTH,Rajasthan,Jaipur,Grocery,Cooking Oil 1L,1,177.85,Pending,
ORD-102059,2026-03-29,East,Odisha,Bhubaneswar,Apparel,Cotton T-Shirt,3,455.12,Delivered,3
ORD-103356,22/08/2026,North,Chandigarh,chandigarh,Apparel,WINTER JACKET,3,2668.53,Returned,3
ORD-103794,28-Jul-2026,N,Delhi,Delhi,Apparel,RUNNING SHOES,1,2997.33,shipped,
ORD-100004,2026-01-23,Central,Madhya Pradesh,Indore,Grocery,Green Tea 100 Bags,2,364.14,Cancelled,
ORD-100805,2026-07-20,East,Odisha,Bhubaneswar,Grocery,Green Tea 100 Bags,5,367.09,Delivered,4
ORD-101393,2026-02-06,East,Assam,Guwahati,Health & Beauty,  Hair Dryer ,4,1446.13,Completed,2
ORD-101100,26/08/2026,West,Gujarat,Ahmedabad,grocery,  Cooking Oil 1L ,-3,182.13,Delivered,2
ORD-101820,2026-05-25,North,Haryana,Gurugram,Health & Beauty,Vitamin C Tablets,1,595.60,Shipped,
ORD-101990,2026-01-11,South,Telangana,Hyderabad,Health & Beauty,shampoo 400ml,1,375.11,Shipped,
ORD-101302,2026-07-04,  North ,Chandigarh,Chandigarh,  Electronics ,Smartphone,2,19874.76,Delivered,3
ORD-100522,2026-02-16,West,Gujarat,,ELECTRONICS,Smartphone,3,17812.23,Completed,2
ORD-104052,2026-09-08,East,Odisha,Bhubaneswar,Health & Beauty,  Hair Dryer ,8,1641.25,  Shipped ,
ORD-101120,2026-03-21,South,Karnataka,Bengaluru,Apparel,winter jacket,2,2638.17,  Delivered ,2
ORD-101449,2026-03-04,Southern,Kerala,Kochi,Home and Kitchen,Mixer Grinder,2,3846.38,Delivered,2
ORD-102536,2026-06-29,South,Karnataka,Bengaluru,Grocery,Basmati Rice 5kg,7,598.52,Delivered,4
ORD-103509,2026-06-12,North,Rajasthan,Jaipur,Electronics,Smartwatch,1,5178.98,Delivered,4
ORD-101125,2026-04-13,South,Telangana,Hyderabad,Electronics,Smartphone,1,19928.39,Cancelled,
ORD-100148,2026-09-07,North,Rajasthan,Jaipur,  Home & Kitchen ,Mixer Grinder,2,3257.18,Pending,
ORD-103214,2026-03-21,East,  Odisha ,Bhubaneswar,Grocery,Basmati Rice 5kg,2,625.46,DELIVERED,4
ORD-103082,2026-09-19,  West ,Maharashtra,Pune,grocery,Dry Fruits 500g,2,816.19,Delivered,3
ORD-103400,2026-07-13,Southern,,Hyderabad,Electronics,Smartphone,1,17300.21,Completed,1
ORD-101692,30/07/2026,North,Delhi,Delhi,Home & Kitchen,Non-Stick Pan,1,964.16,Delivered,1
ORD-100597,30-Aug-2026,South,Karnataka,Bengaluru,Grocery,Cooking Oil 1L,6,185.22,Pending,
ORD-104604,2026-03-08,South,Kerala,Kochi,Apparel,Winter Jacket,1,2615.60,Delivered,3
ORD-100474,2026-09-05,NORTH,Uttar Pradesh,  Lucknow ,Electronics,Smartphone,1,18952.00,pending,
ORD-102461,05/06/2026,South,Telangana,Hyderabad,Home and Kitchen,Mixer Grinder,2,3409.29,Delivered,2
ORD-100719,2026-04-30,West,Maharashtra,Mumbai,Clothing,cotton t-shirt,2,468.23,Shipped,
ORD-103522,2026-08-01,Western,Maharashtra,Pune,Grocery,Atta 10kg,3,492.31,Delivered,3
ORD-103145,12/05/2026,Central,Madhya Pradesh,INDORE,  Apparel ,Winter Jacket,1,2651.82,Delivered,4
ORD-104146,2026-01-22,Southern,Tamil Nadu,Chennai,Grocery,Dry Fruits 500g,7,802.55,delivered,3
ORD-101029,2026-08-21,South,TAMIL NADU,Chennai,GROCERY,Cooking Oil 1L,3,194.54,delivered,2
ORD-103626,2026-07-07,South,Telangana,Hyderabad,Grocery,BASMATI RICE 5KG,1,607.73,Cancelled,
ORD-101782,03/01/2026,North,Chandigarh,Chandigarh,Health & Beauty,Sunscreen,1,452.85,Pending,
ORD-101631,30-May-2026,  South ,Tamil Nadu,CHENNAI,ELECTRONICS,Power Bank,1,1223.74,delivered,1
ORD-104532,2026-03-04,West,  Gujarat ,Ahmedabad,Electronics,Wireless Earbuds,1,2708.23,Delivered,1
ORD-100218,2026-07-29,north,Haryana,Gurugram,Electronics,Smartphone,1,17565.23,Delivered,1
ORD-103838,2026-05-26,North,Rajasthan,Jaipur,GROCERY,Cooking Oil 1L,5,187.28,Delivered,4
,2026-06-29,South,Telangana,Hyderabad,Home & Kitchen,Bedsheet Set,1,1120.12,Pending,
ORD-103537,11/09/2026,North,Chandigarh,Chandigarh,Apparel,Cotton T-Shirt,1,521.14,Pending,
ORD-102169,2026-02-05,South,Kerala,Kochi,Electronics,Smartphone,3,20190.73,Shipped,
ORD-101636,2026-04-19,North,Uttar Pradesh,Lucknow,ELECTRONICS,Power Bank,1,1329.33,Delivered,5
ORD-102120,2026-09-18,West,Maharashtra,Mumbai,Electronics,Bluetooth Speaker,2,2791.90,Delivered,2
,11/03/2026,  Central ,Chhattisgarh,Raipur,HEALTH AND BEAUTY,Face Wash,2,252.86,Delivered,3
ORD-103206,2026-07-11,Southern,Tamil Nadu,Chennai,Health & Beauty,Sunscreen,3,443.14,Shipped,
ORD-102604,10/03/2026,North,haryana,Gurugram,Home & Kitchen,Pressure Cooker,2,2081.38,Delivered,2
ORD-100986,2026-08-07,West,Goa,Panaji,Electronics,Smartwatch,1,4844.85,  Shipped ,
ORD-102181,2026-01-31,Western,Goa,Panaji,Health & Beauty,Sunscreen,3,484.79,Delivered,3
ORD-101786,28-Feb-2026,West,Maharashtra,Pune,electronics,Power Bank,1,1382.71,Delivered,
ORD-101122,2026-02-07,north,Rajasthan,Jaipur,  Grocery ,Atta 10kg,5,469.49,Delivered,1
ORD-104207,2026-05-12,West,Maharashtra,Mumbai,Electronics,Smartphone,2,17565.00,Delivered,2
ORD-101190,2026-09-09,  South ,Karnataka,Bangalore,Health & Beauty,Shampoo 400ml,1,410.95,Delivered,2
ORD-100776,2026-02-24,  North ,Chandigarh,Chandigarh,Electronics,Wireless Earbuds,1,2369.28,completed,5
ORD-103203,20/09/2026,North,Delhi,Delhi,  Apparel ,Denim Jeans,3,1624.30,Shipped,
ORD-103418,23-Jun-2026,North,Chandigarh,Chandigarh,Grocery,Cooking Oil 1L,4,204.95,pending,
ORD-104881,2026-04-12,North,Chandigarh,  Chandigarh ,Health & Beauty,Shampoo 400ml,2,408.59,In Transit,
ORD-100084,2026-07-23,Southern,Telangana,Hyderabad,Electronics,Power Bank,1,1241.75,Delivered,
ORD-104095,27/06/2026,Central,Madhya Pradesh,Bhopal,Grocery,Basmati Rice 5kg,3,603.80,Delivered,2
ORD-104936,2026-04-08,North,Chandigarh,Chandigarh,Apparel,Kurta,1,811.86,Delivered,2
ORD-104079,2026-08-08,North,Uttar Pradesh,Lucknow,Grocery,Cooking Oil 1L,2,180.16,Delivered,
ORD-104886,16/07/2026,south,Tamil Nadu,Chennai,Grocery,Atta 10kg,5,478.54,Delivered,3
ORD-104227,2026-02-17,South,Tamil Nadu,Chennai,Grocery,Green Tea 100 Bags,1,346.32,Delivered,4
ORD-101021,2026-04-25,SOUTH,KERALA,Kochi,Groceries,Green Tea 100 Bags,1,317.83,Pending,
ORD-101703,04-Aug-2026,South,Kerala,  Kochi ,Groceries,Atta 10kg,4,484.83,Delivered,4
ORD-104102,2026-03-06,Central,madhya pradesh,Indore,Apparel,Running Shoes,1,3011.76,Delivered,2
ORD-100306,2026-03-24,East,Assam,GUWAHATI,Grocery,  Basmati Rice 5kg ,3,667.97,Delivered,2
ORD-102077,2026-08-12,West,Goa,Panaji,Home & Kitchen,Non-Stick Pan,3,941.94,Delivered,1
ORD-100282,2026-04-23,west,Maharashtra,Mumbai,Electronics,Smartwatch,3,5338.10,Delivered,2
ORD-104054,2026-06-16,North,,Lucknow,Home & Kitchen,Bedsheet Set,3,1103.43,Delivered,2
ORD-100824,24-Jun-2026,North,Chandigarh,Chandigarh,Home & Kitchen,led bulb pack,2,427.71,Delivered,2
ORD-102055,2026-08-06,North,Uttar Pradesh,Lucknow,Electronics,Smartphone,2,18276.43,Delivered,4
ORD-102078,12-Sep-2026,West,Maharashtra,Mumbai,Apparel,Cotton T-Shirt,1,450.84,delivered,2
ORD-103487,2026-07-09,South,Telangana,Hyderabad,apparel,Winter Jacket,1,2662.72,Pending,
ORD-100267,2026-07-08,North,Haryana,Gurugram,Electronics,Power Bank,1,1351.49,Returned,4
ORD-101177,14/08/2026,East,Bihar,Patna,Grocery,Dry Fruits 500g,2,775.93,Cancelled,
ORD-103885,30-Mar-2026,north,Uttar Pradesh,  Lucknow ,Health & Beauty,Sunscreen,2,477.79,Delivered,3
ORD-104874,2026-07-12,East,Assam,Guwahati,Grocery,Cooking Oil 1L,3,187.01,completed,5
ORD-104840,2026-04-18,Central,madhya pradesh,Bhopal,Health & Beauty,Sunscreen,1,440.56,Shipped,
ORD-100155,2026-09-05,North,Chandigarh,Chandigarh,Electronics,Power Bank,1,1346.88,Delivered,2
ORD-104550,2026-01-24,East,Bihar,Patna,Apparel,Running Shoes,7,3050.08,Delivered,4
ORD-102440,2026-06-20,West,Goa,PANAJI,Grocery,Atta 10kg,1,486.66,Returned,1
ORD-104180,2026-08-24,Western,maharashtra,Pune,Grocery,Green Tea 100 Bags,4,330.49,Delivered,1
ORD-101734,2026-06-18,West,Goa,Panaji,Grocery,Basmati Rice 5kg,1,595.64,Pending,
ORD-104963,2026-04-06,SOUTH,Karnataka,Bengaluru,  Apparel ,Denim Jeans,1,1441.21,Delivered,5
ORD-100860,10/06/2026,North,Uttar Pradesh,  Lucknow ,Apparel,Denim Jeans,4,1609.08,Delivered,3
ORD-100102,01/05/2026,West,Maharashtra,Mumbai,Apparel,Kurta,8,951.19,Delivered,2
ORD-103208,2026-06-03,East,West Bengal,Kolkata,Electronics,Power Bank,2,1380.91,Delivered,3
ORD-102163,07/09/2026,East,  Odisha ,bhubaneswar,Electronics,Smartwatch,1,5441.14,Delivered,6
ORD-104558,2026-02-11,Central,Madhya Pradesh,Indore,  Grocery ,Basmati Rice 5kg,2,629.88,Completed,6
ORD-104656,2026-02-12,North,Delhi,Delhi,Grocery,Basmati Rice 5kg,1,607.02,Delivered,4
ORD-101898,24-Jun-2026,WESTERN,Gujarat,Ahmedabad,Grocery,Green Tea 100 Bags,1,373.31,Delivered,3
ORD-102393,2026-08-15,North,,Jaipur,Home & Kitchen,LED Bulb Pack,1,408.74,Delivered,3
ORD-100563,2026-03-31,South,Kerala,Kochi,Electronics,Wireless Earbuds,1,2682.29,Completed,2
ORD-104618,2026-07-27,East,Bihar,Patna,Health & Beauty,  Face Wash ,1,231.44,PENDING,
ORD-101783,19/06/2026,North,Chandigarh,Chandigarh,Electronics,Wireless Earbuds,2,2666.83,Delivered,1
ORD-104554,2026-05-19,Central,Maharashtra,Nagpur,Grocery,Cooking Oil 1L,2,171.99,Delivered,5
ORD-100488,2026-04-09,East,West Bengal,Kolkata,Electronics,Bluetooth Speaker,-3,3164.76,DELIVERED,4
ORD-103995,2026-05-29,Western,Gujarat,Ahmedabad,Electronics,Smartphone,1,18037.30,Shipped,
ORD-104753,08-Jul-2026,North,Uttar Pradesh,Lucknow,Grocery,Dry Fruits 500g,4,808.62,Shipped,
ORD-101436,2026-09-03,North,HARYANA,Gurugram,  Electronics ,Power Bank,1,1197.71,Returned,4
ORD-104664,2026-02-20,West,Maharashtra,Pune,Home & Kitchen,Bedsheet Set,2,1171.83,Delivered,1
ORD-104897,2026-05-13,North,,DELHI,Health & Beauty,Shampoo 400ml,1,389.95,shipped,
ORD-101234,04/07/2026,North,Chandigarh,Chandigarh,Grocery,Dry Fruits 500g,1,791.93,Pending,
ORD-104723,2026-02-18,South,Tamil Nadu,Chennai,Grocery,green tea 100 bags,3,375.20,Returned,3
ORD-104716,2026-09-17,Central,Madhya Pradesh,Indore,Health & Beauty,Vitamin C Tablets,1,585.60,Completed,5
ORD-101986,2026-09-29,East,Assam,Guwahati,Electronics,smartwatch,4,5165.36,Pending,
ORD-100061,2026-06-08,West,Goa,Panaji,GROCERY,Basmati Rice 5kg,1,705.68,Delivered,3
ORD-100624,19/02/2026,Central,Chhattisgarh,Raipur,apparel,Winter Jacket,3,2428.12,Delivered,5
ORD-103376,2026-06-03,Western,maharashtra,Pune,Electronics,Smartphone,2,18574.29,Delivered,4
ORD-102380,2026-09-09,East,Odisha,Bhubaneswar,  Health & Beauty ,  Shampoo 400ml ,3,430.07,  Pending ,
ORD-103409,2026-01-22,North,Delhi,new delhi,Grocery,Atta 10kg,1,457.15,Delivered,3
ORD-101009,2026-02-01,West,Maharashtra,Bombay,apparel,Running Shoes,1,2922.65,Delivered,3
ORD-100732,2026-08-19,South,  Kerala ,Kochi,grocery,Cooking Oil 1L,8,189.77,Delivered,3
ORD-100652,31/08/2026,North,Delhi,Delhi,electronics,Bluetooth Speaker,2,3129.42,Completed,4
ORD-103556,02-Apr-2026,North,Delhi,DELHI,home & kitchen,Bedsheet Set,1,1081.96,Delivered,3
ORD-102999,2026-07-09,E,Bihar,Patna,Health & Beauty,Vitamin C Tablets,1,524.12,Delivered,3
ORD-102066,2026-07-30,East,Assam,Guwahati,Grocery,Cooking Oil 1L,1,171.85,Delivered,5
ORD-101340,2026-03-30,West,maharashtra,pune,Electronics,Wireless Earbuds,2,2350.03,Shipped,
ORD-104147,2026-08-07,East,Bihar,Patna,Apparel,Running Shoes,1,3004.03,Delivered,8
ORD-103948,09/08/2026,  East ,Bihar,Patna,Home & Kitchen,Non-Stick Pan,2,1058.23,Shipped,
ORD-103576,2026-06-26,North,Delhi,Delhi,Toys,Face Wash,1,224.86,Delivered,1
ORD-101294,09/07/2026,North,Uttar Pradesh,Lucknow,Grocery,Atta 10kg,5,545.38,delivered,3
ORD-102108,06/02/2026,East,West Bengal,kolkata,Grocery,ATTA 10KG,1,499.97,Delivered,5
ORD-101157,2026-05-11,N,Uttar Pradesh,Lucknow,Apparel,Kurta,1,886.44,Delivered,2
ORD-101731,2026-03-13,East,assam,Guwahati,apparel,Winter Jacket,1,2380.37,Delivered,3
ORD-102474,13/08/2026,West,,Panaji,Grocery,Basmati Rice 5kg,2,598.08,Delivered,5
ORD-102230,2026-02-01,Central,Maharashtra,Nagpur,Health & Beauty,Face Wash,1,249.94,completed,4
ORD-100281,04/07/2026,South,Kerala,Kochi,  Electronics ,Wireless Earbuds,2,2695.11,Delivered,1
ORD-100561,2026-08-05,West,Goa,Panaji,Health & Beauty,Hair Dryer,2,1684.49,Delivered,2
ORD-102779,2026-06-18,Western,Maharashtra,Pune,grocery,COOKING OIL 1L,3,204.46,delivered,2
ORD-104375,2026-06-28,East,Bihar,Patna,Grocery,Basmati Rice 5kg,1,661.88,Delivered,3
ORD-102479,22/08/2026,West,Maharashtra,mumbai,Electronics,Smartwatch,2,4952.51,Delivered,2
ORD-100053,2026-08-07,South,Kerala,Kochi,Electronics,SMARTWATCH,2,5425.68,Delivered,5
ORD-102750,2026-09-08,central,Madhya Pradesh,Bhopal,Grocery,Basmati Rice 5kg,5,682.27,Delivered,4
ORD-100240,2026-04-02,South,Tamil Nadu,Chennai,Apparel,Winter Jacket,2,2398.40,Pending,
ORD-102945,24/08/2026,  South ,Kerala,Kochi,Apparel,Cotton T-Shirt,1,462.84,Delivered,3
ORD-102872,27-May-2026,South,tamil nadu,Chennai,  Home and Kitchen ,bedsheet set,1,1291.35,Shipped,
ORD-103867,2026-01-23,South,,Chennai,Health & Beauty,Face Wash,1,236.29,Delivered,5
ORD-103331,2026-03-25,East,Bihar,Patna,Home & Kitchen,Pressure Cooker,2,1763.16,Delivered,2
ORD-103279,2026-01-20,North,Uttar Pradesh,Lucknow,  Groceries ,Dry Fruits 500g,1,721.77,shipped,
ORD-101934,2026-08-13,West,Maharashtra,Pune,Electronics,Smartwatch,3,4539.95,Pending,
ORD-103565,2026-04-17,N,Delhi,New Delhi,Home & Kitchen,NON-STICK PAN,4,1021.25,Delivered,4
ORD-103875,15-Jul-2026,West,Gujarat,Ahmedabad,Health & Beauty,Hair Dryer,1,1611.78,Shipped,
ORD-104011,2026-01-05,SOUTH,Tamil Nadu,Chennai,Apparel,Running Shoes,2,3005.01,delivered,5
ORD-103098,2026-07-09,EAST,Odisha,Bhubaneswar,Grocery,atta 10kg,1,476.82,Pending,
ORD-101591,2026-03-11,North,Haryana,Gurugram,Health & Beauty,Shampoo 400ml,3,360.19,Delivered,3
ORD-103104,27/04/2026,Central,Madhya Pradesh,Bhopal,Electronics,Wireless Earbuds,2,2725.69,Cancelled,
ORD-104082,2026-09-30,South,,Kochi,Electronics,Smartphone,1,17274.20,shipped,
ORD-102717,2026-05-23,North,Uttar Pradesh,Lucknow,Health & Beauty,  Hair Dryer ,2,1662.45,  Delivered ,3
ORD-103186,11/09/2026,North,Rajasthan,Jaipur,Apparel,cotton t-shirt,1,523.29,Delivered,1
ORD-100142,13-Aug-2026,NORTH,Haryana,Gurgaon,Grocery,Green Tea 100 Bags,1,382.09,Shipped,
ORD-103071,2026-06-23,East,Assam,Guwahati,Grocery,Basmati Rice 5kg,2,639.54,Delivered,3
ORD-102283,2026-09-03,East,Assam,guwahati,grocery,Atta 10kg,5,546.55,Delivered,6
ORD-104813,2026-01-19,West,Maharashtra,Pune,Grocery,Dry Fruits 500g,2,727.73,Delivered,2
ORD-104890,2026-05-07,  West ,,Pune,groceries,basmati rice 5kg,3,609.26,Delivered,2
ORD-101992,2026-01-24,Central,madhya pradesh,Bhopal,  Home and Kitchen ,Bedsheet Set,4,1297.71,Delivered,2
ORD-101856,22/02/2026,South,Kerala,Kochi,Apparel,Running Shoes,2,2858.08,Delivered,3
ORD-104403,03-Feb-2026,South,Tamil Nadu,Chennai,  Clothing ,Kurta,3,968.02,Delivered,3
ORD-104023,2026-07-15,west,Goa,Panaji,Home & Kitchen,Non-Stick Pan,1,1031.01,  Shipped ,
ORD-100493,2026-04-19,West,Maharashtra,Pune,home and kitchen,LED BULB PACK,2,423.97,Delivered,4
ORD-102857,31/01/2026,South,Tamil Nadu,Chennai,Grocery,Dry Fruits 500g,2,861.26,Delivered,4
ORD-101481,28/06/2026,East,Odisha,Bhubaneswar,Home & Kitchen,Non-Stick Pan,2,992.75,Delivered,4
ORD-103599,2026-08-23,Southern,Tamil Nadu,Chennai,home & kitchen,Non-Stick Pan,1,1075.73,Delivered,3
ORD-102580,2026-05-11,Western,,Pune,GROCERY,Dry Fruits 500g,1,867.36,Delivered,3
ORD-102114,2026-08-07,Southern,telangana,Hyderabad,Electronics,Bluetooth Speaker,2,3062.08,Delivered,2
ORD-101199,2026-02-17,North,Delhi,Delhi,Grocery,Dry Fruits 500g,1,745.63,Delivered,4
ORD-103013,05-Jun-2026,East,Assam,  Guwahati ,ELECTRONICS,Smartphone,1,18862.39,Delivered,3
ORD-102422,26-Sep-2026,Central,madhya pradesh,Bhopal,Home & Kitchen,Mixer Grinder,2,3328.11,Delivered,3
ORD-100443,2026-04-11,  Central ,Madhya Pradesh,Indore,Apparel,WINTER JACKET,1,2623.67,Delivered,3
ORD-101365,2026-08-21,North,Uttar Pradesh,Lucknow,Home & Kitchen,Mixer Grinder,2,3621.65,Pending,
ORD-102011,2026-03-26,South,Telangana,Hyderabad,CLOTHING,Kurta,1,878.85,Shipped,
ORD-104994,15/03/2026,South,Karnataka,Bengaluru,home and kitchen,LED Bulb Pack,2,363.25,Delivered,4
ORD-103066,12/09/2026,West,,Ahmedabad,Electronics,Smartphone,1,20551.13,Shipped,
ORD-101309,2026-07-22,East,,Patna,Home & Kitchen,Non-Stick Pan,1,960.50,Shipped,
ORD-100672,2026-04-11,West,Maharashtra,Pune,apparel,Winter Jacket,1,2293.52,  Delivered ,2
ORD-102424,2026-06-05,North,Haryana,Gurugram,Grocery,Cooking Oil 1L,3,181.85,Shipped,
ORD-103837,2026-07-04,Central,Madhya Pradesh,Bhopal,Health & Beauty,Vitamin C Tablets,1,596.16,delivered,1
ORD-103200,2026-06-12,North,Haryana,Gurgaon,Clothing,Winter Jacket,1,2448.68,Pending,
ORD-104567,2026-07-06,West,,Panaji,Grocery,  Dry Fruits 500g ,6,746.39,Returned,3
ORD-100355,2026-04-14,West,Gujarat,Ahmedabad,Home & Kitchen,Mixer Grinder,2,3421.83,completed,2
ORD-104288,07/05/2026,West,Goa,Panaji,Apparel,Denim Jeans,2,1421.94,Delivered,4
ORD-101799,2026-04-24,North,Delhi,New Delhi,Electronics,Smartwatch,1,4793.51,Delivered,2
ORD-103847,2026-05-04,West,Goa,Panaji,Grocery,Atta 10kg,2,483.11,delivered,2
ORD-103046,2026-09-23,West,  Maharashtra ,Mumbai,Grocery,Dry Fruits 500g,3,844.50,PENDING,
ORD-101781,26/07/2026,West,maharashtra,BOMBAY,health & beauty,Sunscreen,2,491.91,Delivered,1
ORD-104139,2026-09-12,South,Telangana,Hyderabad,Electronics,Wireless Earbuds,1,2513.19,  Delivered ,2
ORD-101003,2026-05-09,Central,Chhattisgarh,Raipur,Electronics,Power Bank,2,1276.78,Shipped,
ORD-103358,2026-08-23,East,Bihar,Patna,Electronics,Smartwatch,2,4754.87,Delivered,7
ORD-103272,2026-06-21,North,Chandigarh,Chandigarh,Apparel,Running Shoes,1,2814.55,Pending,
ORD-103172,2026-05-19,North,Chandigarh,Chandigarh,  Grocery ,Basmati Rice 5kg,1,608.71,Delivered,3
ORD-100392,2026-06-24,West,Goa,Panaji,apparel,cotton t-shirt,2,454.23,Delivered,1
ORD-104140,19-Feb-2026,South,Kerala,Kochi,Grocery,Atta 10kg,2,546.97,Delivered,3
ORD-101494,2026-09-25,South,Telangana,Hyderabad,Electronics,Bluetooth Speaker,2,3044.21,Delivered,1
ORD-100987,2026-05-04,North,Haryana,Gurugram,Clothing,  Kurta ,3,846.47,Delivered,2
ORD-101478,2026-04-10,North,Haryana,Gurugram,Grocery,Atta 10kg,2,452.89,Delivered,2
ORD-104754,28-Apr-2026,South,Karnataka,Bengaluru,Grocery,  Atta 10kg ,5,533.34,  Delivered ,4
ORD-101741,2026-08-20,South,Kerala,Kochi,Groceries,Atta 10kg,3,505.97,Pending,
ORD-103105,2026-04-12,East,Odisha,BHUBANESWAR,Groceries,Green Tea 100 Bags,6,359.53,Delivered,4
ORD-101062,2026-08-16,central,Chhattisgarh,  Raipur ,Electronics,Power Bank,1,1171.21,cancelled,
ORD-104565,2026-01-09,N,,Lucknow,Home & Kitchen,BEDSHEET SET,1,1162.38,Delivered,1
ORD-103706,2026-09-30,  Central ,,Nagpur,Electronics,bluetooth speaker,4,3225.62,Delivered,3
ORD-104610,27/09/2026,West,maharashtra,Mumbai,electronics,Smartphone,2,17464.84,Shipped,
ORD-100463,13/05/2026,North,Chandigarh,  Chandigarh ,Apparel,Winter Jacket,2,2662.92,Canceled,
ORD-101044,2026-07-19,Central,Madhya Pradesh,Indore,  Electronics ,Smartphone,2,19540.27,Shipped,
ORD-100184,2026-06-14,southern,Tamil Nadu,Chennai,Health & Beauty,Hair Dryer,1,1491.36,Shipped,
ORD-102498,2026-02-14,N,Chandigarh,Chandigarh,Apparel,Kurta,1,823.62,Completed,3
ORD-100955,2026-04-23,South,Kerala,kochi,Grocery,Green Tea 100 Bags,2,357.46,Pending,
ORD-103360,2026-03-22,West,  Gujarat ,Ahmedabad,Electronics,Bluetooth Speaker,3,2979.45,Shipped,
ORD-104397,2026-07-27,North,Uttar Pradesh,Lucknow,Electronics,Smartwatch,1,5266.69,Delivered,4
ORD-104010,2026-05-19,East,,Guwahati,Grocery,cooking oil 1l,2,194.40,Delivered,3
ORD-104383,27-Mar-2026,West,,Pune,Apparel,Denim Jeans,4,1458.33,Delivered,1
ORD-101474,2026-07-14,South,Karnataka,Bengaluru,Grocery,Green Tea 100 Bags,1,360.17,Delivered,4
ORD-102761,2026-03-11,Central,Madhya Pradesh,Indore,Home & Kitchen,Bedsheet Set,2,1236.49,Returned,4
ORD-101881,2026-05-27,Central,Maharashtra,Nagpur,Health & Beauty,Sunscreen,2,422.29,Delivered,4
ORD-101008,2026-08-06,east,Bihar,Patna,Electronics,Smartphone,1,17402.55,Shipped,
ORD-100521,2026-05-28,central,Madhya Pradesh,Indore,Health & Beauty,HAIR DRYER,1,1507.33,Pending,
ORD-102196,2026-08-12,South,Tamil Nadu,Chennai,Health & Beauty,Hair Dryer,5,1546.25,Shipped,
ORD-103890,2026-03-07,South,,chennai,Grocery,Dry Fruits 500g,4,857.72,Delivered,2
ORD-100501,2026-01-14,East,West Bengal,Kolkata,Grocery,Basmati Rice 5kg,3,647.25,Delivered,2
ORD-103086,2026-07-24,East,  Odisha ,Bhubaneswar,Health & Beauty,Shampoo 400ml,1,432.58,Shipped,
ORD-103993,2026-08-05,South,Kerala,KOCHI,Clothing,  Denim Jeans ,2,1533.67,Pending,
ORD-100472,07/02/2026,East,Assam,Guwahati,APPAREL,Cotton T-Shirt,2,510.60,DELIVERED,6
ORD-103399,2026-09-02,South,Karnataka,Bengaluru,health & beauty,Face Wash,2,243.10,Cancelled,
ORD-100164,2026-05-01,  West ,maharashtra,Pune,Apparel,Kurta,1,886.50,Delivered,2
ORD-103063,10-Jul-2026,South,Karnataka,Bengaluru,Grocery,Dry Fruits 500g,2,787.11,Cancelled,
ORD-100560,2026-02-12,South,Karnataka,Bengaluru,Apparel,Running Shoes,1,3167.96,pending,
ORD-102089,22-Feb-2026,North,CHANDIGARH,Chandigarh,Home & Kitchen,Non-Stick Pan,1,941.97,Completed,1
ORD-103814,16/06/2026,Western,goa,Panaji,Apparel,Cotton T-Shirt,3,494.80,Delivered,5
ORD-103552,2026-09-10,West,Goa,Panaji,Health & Beauty,HAIR DRYER,1,1466.12,cancelled,
ORD-103787,2026-07-29,North,Chandigarh,  Chandigarh ,Grocery,cooking oil 1l,5,187.24,Delivered,2
ORD-103447,2026-04-02,East,West Bengal,calcutta,Grocery,Cooking Oil 1L,2,204.79,Delivered,2
ORD-102072,2026-02-01,East,Assam,  Guwahati ,Grocery,Basmati Rice 5kg,4,679.48,Returned,3
ORD-101188,2026-04-20,West,Maharashtra,Mumbai,Home & Kitchen,Bedsheet Set,3,1087.67,Delivered,2
ORD-100723,31-Aug-2026,West,goa,Panaji,HEALTH & BEAUTY,Face Wash,2,267.38,Pending,
ORD-102002,2026-08-07,East,odisha,Bhubaneswar,Apparel,Winter Jacket,1,2270.22,Delivered,9
ORD-100897,2026-04-17,North,Uttar Pradesh,Lucknow,Electronics,POWER BANK,3,1232.98,Delivered,2
ORD-103397,2026-05-06,East,West Bengal,kolkata,Health & Beauty,Vitamin C Tablets,5,553.54,Delivered,2
ORD-100136,2026-09-07,South,Tamil Nadu,Chennai,  Electronics ,Power Bank,1,1180.26,Delivered,2
ORD-100632,08-Apr-2026,Central,Maharashtra,Nagpur,grocery,Basmati Rice 5kg,1,651.89,Delivered,4
ORD-101395,2026-06-08,South,Kerala,Kochi,Apparel,Cotton T-Shirt,1,504.84,Delivered,2
ORD-100299,2026-06-11,  West ,Goa,Panaji,Grocery,Cooking Oil 1L,5,170.36,  Pending ,
ORD-104927,2026-07-22,East,Odisha,Bhubaneswar,Home & Kitchen,LED Bulb Pack,2,434.09,Delivered,
ORD-103251,2026-02-24,North,,Gurugram,Home & Kitchen,bedsheet set,1,1272.06,Cancelled,
ORD-102722,2026-05-11,North,Rajasthan,Jaipur,  Electronics ,Power Bank,2,1334.51,Delivered,4
ORD-104832,21/07/2026,West,Maharashtra,mumbai,Apparel,Running Shoes,2,2859.08,Delivered,1
ORD-101274,2026-08-23,  E ,Bihar,  Patna ,Health and Beauty,Shampoo 400ml,1,414.04,DELIVERED,8
ORD-104557,2026-08-01,West,maharashtra,Pune,Home & Kitchen,Mixer Grinder,1,3604.91,DELIVERED,1
ORD-102139,19/05/2026,West,Goa,Panaji,Electronics,Power Bank,1,1183.54,Shipped,
ORD-100139,2026-03-13,East,Assam,Guwahati,Apparel,Running Shoes,abc,3208.19,Canceled,
ORD-101697,2026-08-16,East,Assam,GUWAHATI,Clothing,  Cotton T-Shirt ,3,492.76,Delivered,5
ORD-101444,04/07/2026,N,Uttar Pradesh,Lucknow,Home & Kitchen,Pressure Cooker,1,1942.76,DELIVERED,2
ORD-103477,2026-06-06,EAST,ASSAM,Guwahati,Health & Beauty,Shampoo 400ml,1,387.33,Delivered,1
ORD-103453,2026-04-21,South,Kerala,Kochi,Health & Beauty,Sunscreen,1,424.08,Delivered,2
ORD-101290,11-Jul-2026,Central,Madhya Pradesh,Indore,Electronics,Smartphone,3,19853.30,Shipped,
ORD-104594,27/03/2026,North,DELHI,Delhi,Electronics,Smartphone,3,19842.78,Completed,4
ORD-104332,2026-03-28,East,WEST BENGAL,Kolkata,Electronics,Wireless Earbuds,1,2675.40,Delivered,1
ORD-103154,2026-03-22,East,West Bengal,Kolkata,Health & Beauty,Face Wash,1,N/A,Delivered,3
ORD-103132,2026-07-05,  South ,Karnataka,Bengaluru,Apparel,Winter Jacket,4,2352.80,delivered,3
ORD-100557,2026-06-13,West,Goa,Panaji,Electronics,Bluetooth Speaker,1,3199.80,Delivered,2
ORD-100681,03-Sep-2026,East,Bihar,patna,Grocery,Dry Fruits 500g,3,853.56,Delivered,5
ORD-101192,09-Sep-2026,South,Tamil Nadu,CHENNAI,Home & Kitchen,Mixer Grinder,2,3409.22,Shipped,
ORD-103899,2026-09-12,South,Kerala,Kochi,Home & Kitchen,Mixer Grinder,2,3481.36,Delivered,3
ORD-103933,22/07/2026,North,Chandigarh,Chandigarh,Grocery,Atta 10kg,1,520.81,Delivered,2
ORD-103712,2026-02-17,South,Tamil Nadu,Chennai,Home & Kitchen,Non-Stick Pan,2,1094.02,Delivered,4
ORD-104937,2026-07-30,South,Telangana,Hyderabad,Health & Beauty,Face Wash,1,231.45,Delivered,2
ORD-104784,2026-05-22,East,West Bengal,Kolkata,Health & Beauty,Face Wash,1,268.10,Cancelled,
ORD-103689,2026-08-21,west,Gujarat,Ahmedabad,Home & Kitchen,mixer grinder,1,3364.29,Completed,2
ORD-102463,11/02/2026,West,Goa,Panaji,Health & Beauty,Hair Dryer,1,1672.14,Delivered,2
,2026-08-18,NORTH,Delhi,Delhi,Home & Kitchen,bedsheet set,2,1141.59,Delivered,3
ORD-101589,2026-04-15,West,Goa,Panaji,Electronics,Smartphone,5,18624.87,Delivered,2
ORD-102719,2026-07-07,North,Uttar Pradesh,Lucknow,Electronics,Wireless Earbuds,6,2542.46,Delivered,2
ORD-102651,2026-05-18,Central,Madhya Pradesh,Indore,Electronics,WIRELESS EARBUDS,3,2653.95,Completed,6
ORD-103188,31/01/2026,Western,Maharashtra,Pune,Grocery,Basmati Rice 5kg,2,643.31,  Pending ,
ORD-104571,2026-05-02,north,Chandigarh,Chandigarh,Health & Beauty,HAIR DRYER,1,1606.91,Delivered,3
ORD-103475,2026-02-14,East,west bengal,Kolkata,Home & Kitchen,Pressure Cooker,3,1749.39,Cancelled,
ORD-101390,2026-07-14,South,Telangana,Hyderabad,Grocery,Cooking Oil 1L,1,199.33,Shipped,
ORD-100102,01/05/2026,West,Maharashtra,Mumbai,Apparel,Kurta,3,951.19,Delivered,2
ORD-103915,25/08/2026,SOUTH,Tamil Nadu,Chennai,Grocery,Green Tea 100 Bags,6,383.72,Delivered,4
ORD-101910,2026-09-02,  West ,Maharashtra,Mumbai,ELECTRONICS,POWER BANK,1,1334.07,Shipped,
ORD-103093,22/02/2026,West,Goa,Panaji,Health & Beauty,Vitamin C Tablets,2,583.58,shipped,
ORD-101513,2026-06-14,South,KARNATAKA,Bengaluru,Electronics,Power Bank,2,1194.94,Delivered,2
ORD-104088,2026-09-09,East,Bihar,Patna,Apparel,Cotton T-Shirt,1,455.40,Delivered,5
ORD-104428,2026-06-08,South,Kerala,kochi,Home & Kitchen,Non-Stick Pan,2,992.77,Shipped,
ORD-104024,2026-07-15,South,Telangana,Hyderabad,Home & Kitchen,Non-Stick Pan,2,980.72,Delivered,3
ORD-101793,2026-07-28,South,Karnataka,Bengaluru,Home & Kitchen,Bedsheet Set,2,1294.30,Pending,
ORD-100206,2026-09-19,South,Kerala,Kochi,Grocery,Dry Fruits 500g,3,770.87,Delivered,3
ORD-102628,2026-05-23,West,Maharashtra,Pune,Apparel,Denim Jeans,3,1456.29,Shipped,
ORD-100862,2026-03-21,South,Telangana,Hyderabad,Grocery,Dry Fruits 500g,2,738.50,Delivered,3
ORD-101146,2026-02-25,West,Gujarat,Ahmedabad,Electronics,Bluetooth Speaker,1,2970.33,Shipped,
ORD-100976,26-Jul-2026,Central,MADHYA PRADESH,Indore,Home & Kitchen,Non-Stick Pan,1,978.86,RETURNED,2
ORD-100195,20/02/2026,West,  Maharashtra ,Pune,grocery,Basmati Rice 5kg,2,673.16,Delivered,3
ORD-100144,2026-08-07,South,tamil nadu,Chennai,Apparel,Denim Jeans,1,1351.22,delivered,3
ORD-101487,2026-02-15,North,Delhi,Delhi,  Electronics ,Bluetooth Speaker,2,3160.72,Delivered,4
ORD-104524,2026-04-27,West,Maharashtra,Pune,Apparel,Kurta,3,947.19,Lost,1
ORD-104081,2026-05-14,South,Karnataka,Bengaluru,Grocery,COOKING OIL 1L,1,199.91,Shipped,
ORD-104528,2026-02-16,North,Rajasthan,Jaipur,Apparel,Denim Jeans,8,1627.74,Shipped,
ORD-102727,2026-08-21,Central,Chhattisgarh,Raipur,Home and Kitchen,  Bedsheet Set ,1,1172.64,Shipped,
ORD-102399,2026-09-07,South,Karnataka,Bengaluru,Apparel,Cotton T-Shirt,1,532.21,Delivered,2
ORD-103226,11/06/2026,South,Karnataka,Bengaluru,Home & Kitchen,Mixer Grinder,2,3197.61,Shipped,
ORD-101618,2026-02-06,West,  Goa ,Panaji,Apparel,Denim Jeans,1,1410.04,SHIPPED,
ORD-102074,2026-09-18,West,Maharashtra,MUMBAI,Electronics,Bluetooth Speaker,1,3126.79,Delivered,1
ORD-103573,27-Feb-2026,  North ,Chandigarh,Chandigarh,Home & Kitchen,LED Bulb Pack,1,394.96,Pending,
ORD-101297,2026-05-10,central,Madhya Pradesh,Bhopal,Home & Kitchen,Mixer Grinder,1,3333.60,Cancelled,
ORD-102431,2026-07-29,Western,Maharashtra,Mumbai,HOME & KITCHEN,Bedsheet Set,2,1117.78,Delivered,1
ORD-104867,18/08/2026,East,Assam,Guwahati,Home & Kitchen,Non-Stick Pan,3,970.65,Delivered,6
ORD-104027,2026-06-09,North,Rajasthan,Jaipur,Grocery,Atta 10kg,3,449.26,Delivered,3
ORD-103032,2026-04-25,South,Karnataka,Bengaluru,Health & Beauty,Face Wash,1,242.30,delivered,3
ORD-103056,2026-08-16,N,Rajasthan,  Jaipur ,Health & Beauty,Sunscreen,1,426.04,Delivered,3
ORD-104907,2026-06-14,South,Kerala,Kochi,Groceries,basmati rice 5kg,4,681.14,Delivered,1
ORD-103501,2026-04-16,North,Chandigarh,Chandigarh,Health & Beauty,Shampoo 400ml,1,415.95,Delivered,1
ORD-103034,21/03/2026,West,  Goa ,Panaji,Apparel,Running Shoes,2,2961.31,Pending,
ORD-101317,11/03/2026,Central,Madhya Pradesh,Bhopal,Electronics,Smartwatch,1,4568.80,  Delivered ,4
ORD-101810,2026-06-16,North,Rajasthan,Jaipur,Apparel,Denim Jeans,1,1584.19,Completed,1
ORD-101743,2026-08-04,East,Bihar,Patna,Grocery,Green Tea 100 Bags,3,355.83,Delivered,8
ORD-103632,2026-09-22,West,Gujarat,Ahmedabad,Grocery,Dry Fruits 500g,3,756.27,Delivered,2
ORD-101887,2026-06-02,Western,Gujarat,Ahmedabad,Apparel,Winter Jacket,2,2384.15,  Delivered ,2
ORD-102038,2026-03-05,West,,Panaji,Grocery,Green Tea 100 Bags,5,339.55,Delivered,2
ORD-103628,03/05/2026,West,Maharashtra,Mumbai,Health & Beauty,Sunscreen,1,448.46,Delivered,
ORD-100322,2026-08-03,Central,Maharashtra,Nagpur,health & beauty,Hair Dryer,3,1757.91,Pending,
ORD-100012,2026-02-24,East,West Bengal,Kolkata,Toys,  Basmati Rice 5kg ,5,704.14,Delivered,3
ORD-102167,2026-09-03,E,Bihar,  Patna ,Home & Kitchen,Pressure Cooker,2,1955.84,Shipped,
ORD-103846,2026-09-18,North,  Delhi ,Delhi,  Home & Kitchen ,LED Bulb Pack,1,391.93,Returned,3
ORD-104183,2026-07-02,West,Goa,Panaji,Grocery,Basmati Rice 5kg,4,586.06,Cancelled,
ORD-101878,30/03/2026,North,Rajasthan,Jaipur,electronics,POWER BANK,1,1311.47,delivered,4
ORD-103247,03-May-2026,CENTRAL,Madhya Pradesh,indore,Grocery,Dry Fruits 500g,4,870.63,Delivered,3
ORD-101150,2026-07-30,South,TAMIL NADU,Chennai,Home & Kitchen,non-stick pan,1,985.29,  Pending ,
ORD-103433,2026-02-05,  South ,tamil nadu,chennai,apparel,Running Shoes,2,2766.77,Shipped,
ORD-100803,2026-06-27,North,haryana,Gurugram,Grocery,Dry Fruits 500g,1,795.08,Delivered,3
ORD-101215,2026-09-21,Central,Madhya Pradesh,Bhopal,Electronics,  Power Bank ,4,1410.74,Shipped,
ORD-102596,2026-08-07,South,Telangana,Hyderabad,Apparel,Denim Jeans,1,1587.95,Delivered,6
ORD-104694,2026-08-23,West,Maharashtra,Mumbai,Electronics,Smartphone,1,17515.69,Delivered,2
ORD-101250,2026-04-14,West,Gujarat,Ahmedabad,Grocery,Basmati Rice 5kg,3,669.17,Delivered,3
ORD-104521,2026-08-27,North,Uttar Pradesh,Lucknow,Home & Kitchen,Non-Stick Pan,1,1044.78,Delivered,2
ORD-103181,2026-09-02,West,Maharashtra,Mumbai,Home & Kitchen,Mixer Grinder,1,3609.50,Delivered,3
ORD-100081,22-Jul-2026,N,Haryana,Gurugram,Health & Beauty,Hair Dryer,1,1743.53,Shipped,
ORD-102934,2026-08-10,  North ,Chandigarh,chandigarh,Grocery,Dry Fruits 500g,2,768.79,Shipped,
ORD-103817,2026-03-27,East,Bihar,Patna,Electronics,Smartwatch,2,5447.81,Shipped,
ORD-101409,2026-08-04,South,Telangana,Hyderabad,electronics,Smartwatch,5,4732.87,Shipped,
ORD-101563,22-Sep-2026,South,Kerala,Kochi,  Groceries ,Cooking Oil 1L,2,186.14,Completed,3
ORD-102367,2026-08-15,West,Goa,Panaji,Apparel,WINTER JACKET,1,2432.71,Delivered,2
ORD-104608,13/01/2026,North,Uttar Pradesh,lucknow,Apparel,Kurta,2,888.63,Delivered,3
ORD-104973,2026-03-12,West,,Ahmedabad,Grocery,Green Tea 100 Bags,6,362.53,Delivered,5
ORD-103109,14/04/2026,West,Goa,Panaji,Home & Kitchen,Pressure Cooker,1,1841.75,Delivered,3
ORD-103436,2026-08-21,West,,Pune,Apparel,RUNNING SHOES,3,2901.93,Delivered,2
ORD-101939,2026-06-07,Central,Madhya Pradesh,Bhopal,Home & Kitchen,LED Bulb Pack,3,426.49,Shipped,
ORD-102634,2026-03-09,West,Maharashtra,Pune,Apparel,Denim Jeans,1,1635.83,Returned,2
ORD-103731,20/04/2026,North,Chandigarh,Chandigarh,Electronics,smartwatch,2,4592.53,Lost,3
ORD-104025,25-Jun-2026,West,Maharashtra,Mumbai,Grocery,DRY FRUITS 500G,1,722.63,  Delivered ,1
ORD-101124,2026-07-30,West,Maharashtra,Mumbai,Grocery,Dry Fruits 500g,5,829.87,delivered,2
ORD-104098,2026-03-11,East,West Bengal,Calcutta,Grocery,Green Tea 100 Bags,1,344.91,Delivered,3
ORD-102473,04/06/2026,South,Telangana,Hyderabad,Home & Kitchen,Mixer Grinder,1,3703.77,Cancelled,
ORD-102587,2026-09-25,East,  West Bengal ,Kolkata,Grocery,Cooking Oil 1L,2,177.89,Delivered,8
ORD-100572,2026-08-26,Central,Madhya Pradesh,Bhopal,Home & Kitchen,Non-Stick Pan,1,1079.21,Returned,4
ORD-101612,2026-05-15,East,Bihar,patna,  Health & Beauty ,Sunscreen,4,484.12,Shipped,
ORD-103282,2026-05-30,East,Assam,  Guwahati ,Health & Beauty,Vitamin C Tablets,1,543.66,Delivered,5
ORD-101228,2026-06-12,West,Maharashtra,Mumbai,  Health & Beauty ,face wash,2,237.09,Delivered,1
ORD-101318,2026-05-18,West,,Panaji,Apparel,Kurta,2,945.87,Pending,
ORD-102259,2026-06-15,N,Rajasthan,jaipur,Grocery,Cooking Oil 1L,1,195.95,Shipped,
ORD-104464,2026-09-23,  Central ,Maharashtra,NAGPUR,Electronics,Wireless Earbuds,5,2252.56,Delivered,3
ORD-101421,24/06/2026,North,Haryana,Gurugram,Grocery,Green Tea 100 Bags,3,363.25,Shipped,
ORD-101935,2026-03-19,North,Rajasthan,Jaipur,Apparel,Winter Jacket,3,2538.88,Shipped,
ORD-104022,2026-01-16,West,Maharashtra,Pune,grocery,Atta 10kg,2,540.91,Delivered,1
ORD-101030,2026-04-03,Central,Madhya Pradesh,Bhopal,Home & Kitchen,Mixer Grinder,3,3514.69,Shipped,
ORD-104165,2026-04-19,central,Madhya Pradesh,Indore,Electronics,wireless earbuds,1,2361.50,DELIVERED,5
ORD-104411,2026-08-30,East,Bihar,Patna,Home & Kitchen,  Pressure Cooker ,2,1895.75,Completed,6
ORD-101258,2026-03-21,west,Maharashtra,Pune,home & kitchen,pressure cooker,1,1803.45,delivered,3
ORD-103860,30/06/2026,North,Delhi,Delhi,Apparel,Kurta,1,846.49,DELIVERED,1
ORD-103497,2026-07-25,Central,Madhya Pradesh,Bhopal,Grocery,Basmati Rice 5kg,1,676.09,Delivered,3
ORD-100998,2026-08-20,South,Tamil Nadu,Madras,Home & Kitchen,Pressure Cooker,1,1823.33,delivered,4
ORD-100737,2026-09-01,Central,Madhya Pradesh,Bhopal,Electronics,Bluetooth Speaker,1,2988.20,Delivered,4
ORD-101556,16/04/2026,West,Goa,Panaji,  Home & Kitchen ,Mixer Grinder,2,3567.77,Delivered,3
ORD-103827,29/04/2026,Central,Maharashtra,Nagpur,health and beauty,HAIR DRYER,1,1441.24,Completed,4
ORD-104117,2026-07-14,North,Haryana,Gurugram,HEALTH & BEAUTY,Face Wash,2,267.08,Delivered,4
ORD-103724,2026-01-17,West,Maharashtra,Mumbai,Electronics,  Smartphone ,1,19365.69,Delivered,3
ORD-103677,25/04/2026,West,Gujarat,Ahmedabad,Grocery,green tea 100 bags,2,347.02,Delivered,2
ORD-102609,2026-09-16,South,Kerala,Kochi,Grocery,Cooking Oil 1L,2,200.32,Cancelled,
ORD-103314,2026-05-01,West,Goa,Panaji,Home & Kitchen,LED Bulb Pack,1,380.46,Delivered,4
ORD-101007,20/08/2026,Western,Maharashtra,Bombay,Electronics,Wireless Earbuds,4,2353.59,Delivered,
ORD-101818,2026-07-12,North,Rajasthan,Jaipur,Grocery,Cooking Oil 1L,1,179.12,Delivered,1
ORD-102728,2026-07-31,Central,Madhya Pradesh,Indore,Grocery,Basmati Rice 5kg,3,612.36,Delivered,5
ORD-101280,28/06/2026,South,Tamil Nadu,Chennai,Groceries,Green Tea 100 Bags,4,354.05,Delivered,2
ORD-103981,2026-05-19,North,Rajasthan,Jaipur,Electronics,Smartphone,1,20785.22,Delivered,1
ORD-100876,2026-07-27,West,,Panaji,HEALTH & BEAUTY,Sunscreen,2,463.04,Cancelled,
ORD-101071,2026-09-25,West,Maharashtra,Mumbai,Electronics,Smartphone,1,17304.52,Delivered,4
ORD-103535,20/05/2026,East,West Bengal,Kolkata,home & kitchen,Pressure Cooker,3,2016.60,DELIVERED,4
,2026-07-09,South,  Kerala ,Kochi,Grocery,Dry Fruits 500g,2,802.83,Delivered,3
ORD-100604,2026-05-27,North,  Rajasthan ,Jaipur,Electronics,Smartwatch,1,5196.90,Delivered,1
ORD-102984,2026-06-23,West,Gujarat,Ahmedabad,Home & Kitchen,LED Bulb Pack,1,402.78,Delivered,2
ORD-103161,2026-09-21,Central,chhattisgarh,Raipur,Apparel,Kurta,2,881.69,  Completed ,6
ORD-100956,2026-09-15,North,Rajasthan,Jaipur,Apparel,COTTON T-SHIRT,3,541.13,Delivered,3
ORD-100049,2026-07-04,North,Uttar Pradesh,Lucknow,health & beauty,sunscreen,4,444.40,Delivered,2
ORD-103484,2026-02-26,North,RAJASTHAN,JAIPUR,  Apparel ,Winter Jacket,1,2262.55,Delivered,2
ORD-102613,2026-05-15,West,Goa,Panaji,Apparel,denim jeans,1,1468.96,Pending,
ORD-102244,24-Mar-2026,South,,KOCHI,GROCERY,Dry Fruits 500g,3,769.10,Delivered,4
ORD-104185,26-Jul-2026,Central,Maharashtra,Nagpur,Grocery,  Cooking Oil 1L ,2,203.65,Completed,3
ORD-103300,2026-07-20,North,Uttar Pradesh,Lucknow,Grocery,Green Tea 100 Bags,3,327.39,completed,2
ORD-102024,18-May-2026,Central,Madhya Pradesh,Bhopal,electronics,Wireless Earbuds,2,2736.22,Delivered,2
ORD-103925,2026-07-09,West,Maharashtra,Mumbai,Apparel,Kurta,1,861.81,Delivered,4
ORD-104057,2026-02-22,East,WEST BENGAL,Kolkata,Electronics,Wireless Earbuds,2,2617.42,Completed,5
ORD-102846,2026-06-16,Central,Chhattisgarh,Raipur,Grocery,Atta 10kg,5,539.34,Delivered,4
ORD-104372,2026-06-13,Central,Chhattisgarh,Raipur,Grocery,Cooking Oil 1L,3,204.75,Delivered,5
ORD-104865,28-Sep-2026,East,  Assam ,Guwahati,Electronics,  Smartphone ,1,20366.58,Cancelled,
ORD-102755,01/08/2026,West,Maharashtra,Pune,Grocery,Cooking Oil 1L,2,186.65,Delivered,5
ORD-101597,2026-05-31,North,Uttar Pradesh,Lucknow,Apparel,RUNNING SHOES,2,2988.31,Completed,1
ORD-100970,2026-05-01,N,Uttar Pradesh,Lucknow,Clothing,Kurta,2,933.57,Completed,2
ORD-103713,13-Mar-2026,WEST,Maharashtra,pune,Home & Kitchen,Mixer Grinder,2,3632.54,Shipped,
ORD-103585,2026-03-25,North,,Gurugram,Apparel,  Cotton T-Shirt ,2,528.55,PENDING,
ORD-101249,2026-08-18,Western,Maharashtra,Mumbai,Electronics,Smartwatch,2,5306.03,Delivered,1
ORD-103796,2026-07-22,West,Gujarat,  Ahmedabad ,Grocery,Basmati Rice 5kg,4,696.96,Delivered,1
ORD-103491,2026-06-21,East,Bihar,Patna,Electronics,Power Bank,1,1386.04,Delivered,4
ORD-101573,14/09/2026,East,West Bengal,Kolkata,  Electronics ,Power Bank,1,1330.18,Shipped,
ORD-102715,11/09/2026,North,Uttar Pradesh,Lucknow,Clothing,Denim Jeans,4,1451.22,  Delivered ,3
ORD-103583,30/03/2026,SOUTH,Karnataka,Bengaluru,Home & Kitchen,Mixer Grinder,3,3772.10,Delivered,3
ORD-102060,2026-01-08,South,Karnataka,  Bengaluru ,home & kitchen,Bedsheet Set,3,1179.16,Delivered,4
ORD-103531,08-Sep-2026,  North ,Rajasthan,jaipur,Grocery,Dry Fruits 500g,3,723.06,Delivered,1
ORD-104510,2026-05-16,Central,Madhya Pradesh,Indore,ELECTRONICS,wireless earbuds,2,2260.45,Delivered,4
ORD-103059,2026-05-04,South,Tamil Nadu,Chennai,Apparel,Kurta,5,957.17,Delivered,3
ORD-103822,2026-09-12,Western,,Panaji,Electronics,Power Bank,1,1319.35,DELIVERED,2
ORD-101593,2026-07-14,N,Uttar Pradesh,  Lucknow ,Grocery,Atta 10kg,1,540.39,SHIPPED,
ORD-103986,2026-04-24,North,Haryana,Gurugram,health and beauty,Vitamin C Tablets,1,592.26,Shipped,
ORD-102897,2026-04-13,WEST,Maharashtra,Pune,Home & Kitchen,LED Bulb Pack,1,414.02,Shipped,
ORD-103202,2026-01-16,  North ,Delhi,Delhi,Electronics,Smartwatch,1,4846.46,completed,2
ORD-104436,17-Jun-2026,North,  Rajasthan ,Jaipur,Electronics,smartwatch,1,5264.20,In Transit,
ORD-102777,2026-06-17,North,Chandigarh,Chandigarh,Home & Kitchen,LED Bulb Pack,3,438.09,Delivered,1
ORD-100170,18/08/2026,South,Tamil Nadu,Chennai,Health & Beauty,Hair Dryer,1,1748.29,delivered,1
ORD-103489,2026-03-31,West,Maharashtra,Pune,Grocery,Cooking Oil 1L,1,187.85,Pending,
ORD-102563,2026-06-05,South,Telangana,Hyderabad,Grocery,green tea 100 bags,3,352.66,Pending,
ORD-104031,2026-04-10,North,Delhi,Delhi,Grocery,Dry Fruits 500g,2,784.13,Delivered,2
ORD-103714,2026-08-13,North,Delhi,Delhi,Grocery,Atta 10kg,2,521.60,Delivered,3
ORD-104483,31/02/2026,North,Chandigarh,Chandigarh,Grocery,Atta 10kg,1,527.89,In Transit,
ORD-102716,2026-06-09,South,Tamil Nadu,Chennai,Electronics,Power Bank,1,1247.64,Delivered,4
ORD-100772,2026-01-07,  West ,Gujarat,Ahmedabad,Home and Kitchen,Bedsheet Set,2,1224.40,Delivered,2
ORD-102934,2026-08-10,  North ,Chandigarh,chandigarh,Grocery,Dry Fruits 500g,2,768.79,Shipped,
ORD-102653,08/02/2026,Central,Madhya Pradesh,Indore,Grocery,Cooking Oil 1L,1,181.97,Shipped,
ORD-100757,2026-01-21,North,Delhi,Delhi,Health & Beauty,Sunscreen,3,442.69,Shipped,
ORD-101205,2026-05-19,East,Bihar,Patna,Electronics,Smartphone,5,20102.01,Delivered,4
ORD-101620,2026-09-06,North,Haryana,Gurugram,Grocery,Green Tea 100 Bags,2,318.86,Delivered,4
ORD-102090,2026-07-14,Central,Maharashtra,Nagpur,GROCERY,Basmati Rice 5kg,4,625.06,Delivered,5
ORD-103676,2026-04-11,North,Uttar Pradesh,Lucknow,Grocery,Dry Fruits 500g,4,818.19,delivered,2
ORD-103160,2026-02-15,South,Karnataka,Bengaluru,Home & Kitchen,Bedsheet Set,2,1253.41,Delivered,1
ORD-102333,2026-04-23,East,Assam,GUWAHATI,Apparel,Denim Jeans,1,1578.94,Delivered,2
ORD-101314,2026-08-03,E,Odisha,Bhubaneswar,apparel,Winter Jacket,5,2583.05,Cancelled,
12345,2026-05-23,West,Goa,Panaji,Apparel,Kurta,6,975.02,Delivered,2
ORD-100003,23/02/2026,West,Maharashtra,Mumbai,Grocery,Atta 10kg,3,527.33,Delivered,2
ORD-100068,2026-06-27,North,  Uttar Pradesh ,Lucknow,Health & Beauty,Sunscreen,1,471.86,Delivered,1
ORD-103097,2026-08-17,Central,Madhya Pradesh,Indore,Electronics,Wireless Earbuds,1,2447.40,Delivered,1
ORD-100887,07/03/2026,South,Telangana,Hyderabad,Apparel,Denim Jeans,2,1368.70,Delivered,6
ORD-104490,2026-09-30,Central,Madhya Pradesh,INDORE,Electronics,Smartwatch,1,4506.30,Delivered,2
ORD-102633,2026-09-27,West,maharashtra,PUNE,electronics,BLUETOOTH SPEAKER,1,3172.96,delivered,1
ORD-102458,2026-08-09,Central,Madhya Pradesh,Bhopal,apparel,Running Shoes,2,3155.53,pending,
ORD-103244,13-Mar-2026,SOUTH,Tamil Nadu,Chennai,Grocery,Green Tea 100 Bags,2,357.32,Delivered,4
ORD-102175,2026-07-17,North,Delhi,Delhi,Grocery,Green Tea 100 Bags,5,341.41,Pending,
ORD-100656,14-Jun-2026,Central,Madhya Pradesh,INDORE,Apparel,Running Shoes,1,3296.62,Shipped,
ORD-100249,2026-04-09,South,Telangana,hyderabad,Grocery,cooking oil 1l,3,180.21,Pending,
ORD-102427,10/04/2026,West,  Maharashtra ,Mumbai,Grocery,Atta 10kg,1,465.41,Delivered,4
ORD-100515,29-Sep-2026,West,Maharashtra,Pune,Electronics,Bluetooth Speaker,2,3064.71,Delivered,3
ORD-102836,2026-06-20,North,Haryana,Gurugram,  Grocery ,Basmati Rice 5kg,2,696.57,Delivered,2
ORD-103024,2026-03-10,West,Maharashtra,Mumbai,Health & Beauty,Sunscreen,2,492.71,Delivered,2
ORD-100105,2026-02-13,Western,Gujarat,Ahmedabad,Home & Kitchen,Bedsheet Set,1,1232.38,Cancelled,
ORD-101129,12-Jul-2026,North,  Haryana ,Gurugram,Grocery,Cooking Oil 1L,2,173.19,Pending,
ORD-104905,2026-08-04,North,Chandigarh,Chandigarh,Grocery,Atta 10kg,2,508.58,Delivered,3
ORD-102546,2026-05-18,West,Goa,Panaji,Health & Beauty,Shampoo 400ml,4,371.73,Pending,
ORD-102941,2026-08-12,North,Rajasthan,Jaipur,Home & Kitchen,pressure cooker,1,1879.30,Shipped,
ORD-100406,2026-08-24,central,Maharashtra,Nagpur,Health & Beauty,  Vitamin C Tablets ,1,538.25,delivered,5
ORD-100564,2026-09-03,South,Tamil Nadu,Chennai,electronics,Wireless Earbuds,1,2333.72,delivered,1
ORD-101744,31/08/2026,NORTH,Delhi,Delhi,Grocery,Green Tea 100 Bags,7,341.88,Delivered,3
ORD-102097,10-Sep-2026,South,Kerala,Kochi,Electronics,Smartphone,1,19816.57,  Delivered ,4
ORD-103528,2026-05-23,North,Rajasthan,Jaipur,Electronics,Smartwatch,3,4788.90,DELIVERED,2
ORD-104014,2026-08-27,South,Karnataka,bengaluru,Grocery,cooking oil 1l,4,171.36,Delivered,1
ORD-100335,2026-02-26,West,,Pune,Health & Beauty,Hair Dryer,1,1618.56,Pending,
ORD-100787,2026-05-08,North,Delhi,New Delhi,Grocery,Basmati Rice 5kg,3,625.19,Delivered,
ORD-100512,2026-06-14,WEST,Gujarat,AHMEDABAD,Apparel,Cotton T-Shirt,3,533.45,Returned,2
ORD-104009,2026-08-10,N,Rajasthan,Jaipur,Apparel,Winter Jacket,2,2356.42,Delivered,2
ORD-102884,2026-04-14,West,Gujarat,Ahmedabad,Apparel,Kurta,1,927.89,Delivered,1
ORD-104347,2026-06-16,West,Goa,Panaji,Grocery,Cooking Oil 1L,3,178.62,Delivered,2
ORD-100098,14/07/2026,North,Chandigarh,Chandigarh,Home and Kitchen,Mixer Grinder,2,3447.39,Returned,3
ORD-102667,2026-04-14,South,Telangana,Hyderabad,Grocery,Dry Fruits 500g,1,875.44,Delivered,
ORD-102145,2026-08-07,south,Karnataka,Bengaluru,grocery,COOKING OIL 1L,3,197.79,shipped,
ORD-100386,2026-01-25,South,Karnataka,Bengaluru,apparel,Denim Jeans,1,1505.05,Delivered,3
ORD-100918,2026-09-05,East,Odisha,Bhubaneswar,Grocery,Dry Fruits 500g,2,797.17,Delivered,8
ORD-103645,2026-09-22,East,Bihar,Patna,Grocery,Basmati Rice 5kg,4,617.07,Shipped,
ORD-100979,2026-07-30,East,Bihar,Patna,Home & Kitchen,Bedsheet Set,1,1243.79,  Shipped ,
ORD-102538,2026-08-01,South,  Tamil Nadu ,Chennai,Grocery,Dry Fruits 500g,4,720.99,  Delivered ,2
ORD-104259,2026-08-18,South,Tamil Nadu,Chennai,  Grocery ,Green Tea 100 Bags,3,382.90,Delivered,
ORD-103317,2026-06-10,Central,Madhya Pradesh,Bhopal,Health & Beauty,Vitamin C Tablets,4,551.98,Delivered,4
ORD-104052,2026-09-08,East,Odisha,Bhubaneswar,Health & Beauty,  Hair Dryer ,1,1641.25,  Shipped ,
ORD-101133,2026-05-09,East,West Bengal,Kolkata,Grocery,Basmati Rice 5kg,2,699.37,Delivered,3
ORD-100783,04/08/2026,Central,  Madhya Pradesh ,Indore,Electronics,POWER BANK,2,1301.21,Shipped,
ORD-103889,02/02/2026,Central,Chhattisgarh,  Raipur ,Electronics,Smartphone,2,20535.10,Delivered,4
ORD-103771,05-Apr-2026,Western,Maharashtra,Mumbai,Home and Kitchen,Mixer Grinder,2,3590.81,Delivered,1
ORD-101971,2026-03-02,Central,Madhya Pradesh,Bhopal,Home & Kitchen,LED Bulb Pack,3,369.11,Pending,
ORD-103304,2026-04-03,E,West Bengal,Kolkata,  Home & Kitchen ,LED Bulb Pack,2,407.71,Shipped,
ORD-102975,17-Aug-2026,North,Delhi,Delhi,health & beauty,Hair Dryer,1,1501.69,Delivered,5
ORD-102288,2026-08-19,West,maharashtra,Pune,Grocery,Cooking Oil 1L,2,176.82,Delivered,2
ORD-101024,2026-03-25,West,Maharashtra,Pune,Grocery,COOKING OIL 1L,2,184.55,  Delivered ,2
ORD-103118,07/08/2026,Central,madhya pradesh,Indore,Electronics,Wireless Earbuds,2,2457.60,DELIVERED,5
ORD-102929,2026-08-14,North,Chandigarh,Chandigarh,home & kitchen,Pressure Cooker,2,1931.31,Delivered,5
ORD-100347,2026-09-05,West,,Panaji,Grocery,Cooking Oil 1L,4,184.14,Delivered,2
ORD-104151,2026-09-10,South,Telangana,,  Electronics ,  Smartphone ,3,18866.46,Delivered,1
ORD-102827,29-Sep-2026,South,Karnataka,Bengaluru,Electronics,SMARTPHONE,3,19371.21,Delivered,5
ORD-103924,29/09/2026,North,Rajasthan,Jaipur,Health and Beauty,Vitamin C Tablets,5,565.01,Delivered,2
ORD-100585,2026-04-15,East,Assam,Guwahati,Home & Kitchen,LED Bulb Pack,2,388.78,Delivered,4
ORD-100112,2026-04-17,East,Bihar,Patna,Grocery,  Basmati Rice 5kg ,6,635.15,Pending,
ORD-104954,2026-08-12,north,Uttar Pradesh,Lucknow,Grocery,Cooking Oil 1L,5,198.97,Returned,1
ORD-103129,2026-06-06,North,Haryana,Gurugram,Health & Beauty,Hair Dryer,5,1577.67,Shipped,
ORD-104795,28/04/2026,  South ,Telangana,hyderabad,GROCERY,Atta 10kg,4,467.18,Cancelled,
ORD-100022,2026-04-26,North,Chandigarh,chandigarh,Health & Beauty,Vitamin C Tablets,1,537.20,Shipped,
ORD-102770,10/09/2026,N,Chandigarh,Chandigarh,Grocery,Cooking Oil 1L,2,203.42,Shipped,
ORD-104868,2026-06-15,South,  Karnataka ,Bengaluru,Grocery,Green Tea 100 Bags,3,335.90,Pending,
ORD-104361,2026-05-19,Central,MADHYA PRADESH,Indore,Apparel,Denim Jeans,5,1507.28,Delivered,5
ORD-100903,2026-05-11,South,Telangana,Hyderabad,Apparel,Winter Jacket,1,2390.67,PENDING,
ORD-104368,09/06/2026,North,Delhi,Delhi,Grocery,Basmati Rice 5kg,1,675.60,Delivered,4
ORD-101669,18/07/2026,North,Uttar Pradesh,Lucknow,Electronics,Smartphone,1,19036.65,Delivered,2
ORD-102419,2026-08-12,North,Uttar Pradesh,Lucknow,Home & Kitchen,Pressure Cooker,1,1975.07,Shipped,
ORD-103488,2026-08-15,Central,Madhya Pradesh,Indore,Apparel,Kurta,1,953.96,Delivered,6
ORD-101908,03/03/2026,West,Goa,PANAJI,electronics,Power Bank,1,1421.48,Delivered,4
ORD-101726,2026-03-21,West,Maharashtra,Pune,Electronics,Smartphone,1,18954.94,Shipped,
ORD-101114,2026-08-18,Central,  Chhattisgarh ,,Electronics,Bluetooth Speaker,1,3000.45,Delivered,
ORD-101162,2026-08-28,E,Assam,Guwahati,Grocery,Atta 10kg,2,506.63,Delivered,9
ORD-101385,02-Sep-2026,North,uttar pradesh,  Lucknow ,Grocery,Cooking Oil 1L,1,189.07,Delivered,4
ORD-102447,2026-07-22,South,telangana,Hyderabad,Home & Kitchen,PRESSURE COOKER,1,1777.11,Delivered,2
ORD-100182,2026-09-08,West,goa,Panaji,Grocery,Dry Fruits 500g,2,838.10,Delivered,1
ORD-101148,2026-08-10,Central,Chhattisgarh,Raipur,home & kitchen,non-stick pan,2,1092.59,Completed,4
ORD-100111,2026-07-28,West,Maharashtra,Mumbai,Electronics,Power Bank,3,1291.76,Pending,
ORD-101969,2026-03-23,South,Kerala,Kochi,Electronics,smartphone,2,17994.28,Delivered,2
ORD-102646,2026-06-13,West,Gujarat,Ahmedabad,HEALTH & BEAUTY,Vitamin C Tablets,1,558.50,Delivered,2
ORD-103527,2026-06-24,South,Telangana,Hyderabad,electronics,Bluetooth Speaker,1,2738.93,Delivered,1
ORD-101060,2026-06-12,  East ,West Bengal,Calcutta,Grocery,Green Tea 100 Bags,1,358.63,Pending,
ORD-102228,2026-03-19,South,Kerala,kochi,Electronics,Wireless Earbuds,2,2741.73,Delivered,3
ORD-103233,2026-09-30,SOUTH,Kerala,  Kochi ,Electronics,Bluetooth Speaker,1,3146.16,Delivered,1
ORD-104763,2026-08-01,  East ,Assam,guwahati,Apparel,Kurta,3,954.60,Delivered,8
ORD-100050,02/07/2026,South,Karnataka,Bengaluru,Electronics,power bank,2,1250.87,Delivered,1
ORD-102848,2026-09-10,Central,Madhya Pradesh,Bhopal,health & beauty,Face Wash,1,228.78,Delivered,3
ORD-104632,2026-03-25,WEST,Goa,Panaji,Electronics,Bluetooth Speaker,2,3152.80,Delivered,2
ORD-104517,2026-01-29,South,Karnataka,Bengaluru,Health and Beauty,Shampoo 400ml,3,405.35,Delivered,2
ORD-103907,2026-08-21,South,Karnataka,Bengaluru,Clothing,Kurta,1,861.52,Delivered,1
ORD-101761,31/02/2026,  North ,Haryana,Gurgaon,Grocery,Dry Fruits 500g,4,789.76,delivered,2
ORD-103239,2026-09-30,south,  Telangana ,Hyderabad,Electronics,Smartphone,1,19047.02,Lost,1
ORD-103895,2026-03-06,South,Kerala,Kochi,Electronics,Smartwatch,4,N/A,Shipped,
ORD-104266,2026-03-24,Central,Madhya Pradesh,Bhopal,Home & Kitchen,Pressure Cooker,3,1776.76,Delivered,5
ORD-102388,2026-05-13,central,Chhattisgarh,Raipur,grocery,  Basmati Rice 5kg ,4,588.18,Returned,4
ORD-102219,2026-06-27,West,Maharashtra,Mumbai,Grocery,Dry Fruits 500g,4,809.23,Delivered,2
ORD-103345,2026-04-15,West,,Mumbai,Apparel,Kurta,2,978.54,Delivered,2
ORD-101578,30/08/2026,West,gujarat,Ahmedabad,Electronics,Power Bank,1,1400.68,Delivered,3
ORD-101340,2026-03-30,West,maharashtra,pune,Electronics,Wireless Earbuds,2,2350.03,Shipped,
ORD-104029,2026-06-09,East,Assam,Guwahati,Electronics,Smartwatch,4,5281.54,Delivered,4
ORD-102025,2027-03-15,South,Karnataka,Bengaluru,Electronics,Smartphone,1,18893.04,Delivered,3
ORD-103106,2026-03-28,West,Maharashtra,Pune,Electronics,Bluetooth Speaker,4,2788.46,delivered,2
ORD-102926,2026-09-03,West,Goa,Panaji,Electronics,Bluetooth Speaker,5,3289.71,Shipped,
ORD-104661,2026-06-25,West,Goa,panaji,Health & Beauty,Face Wash,1,255.09,Delivered,2
ORD-104751,2026-03-12,South,Karnataka,Bengaluru,Clothing,kurta,2,969.66,Delivered,4
ORD-102795,10-Mar-2026,North,Chandigarh,Chandigarh,Grocery,Atta 10kg,2,455.36,Delivered,1
ORD-104539,2026-03-15,North,Rajasthan,Jaipur,Electronics,  Smartphone ,1,17379.25,  Pending ,
ORD-100657,2026-04-28,North,  Chandigarh ,Chandigarh,HOME & KITCHEN,Bedsheet Set,1,1181.18,Delivered,2
ORD-100733,27-Sep-2026,  South ,telangana,Hyderabad,Grocery,Cooking Oil 1L,1,201.86,Pending,
ORD-100177,15/09/2026,N,Chandigarh,Chandigarh,Home & Kitchen,  Pressure Cooker ,4,1855.06,Delivered,3
ORD-103363,2026-04-11,Central,Madhya Pradesh,Bhopal,Health & Beauty,Sunscreen,1,455.28,Shipped,
ORD-104675,2026-03-13,North,Chandigarh,Chandigarh,Home & Kitchen,non-stick pan,1,1072.43,Shipped,
ORD-101272,2026-01-18,North,Chandigarh,Chandigarh,Apparel,Cotton T-Shirt,2,502.51,Delivered,1
ORD-103858,2026-08-10,  Central ,Chhattisgarh,Raipur,  Home & Kitchen ,Bedsheet Set,3,1151.52,Delivered,2
ORD-100833,2026-06-07,Western,Goa,Panaji,  Grocery ,Basmati Rice 5kg,4,593.52,Delivered,3
ORD-102096,2026-07-01,n,Haryana,Gurugram,Health & Beauty,Hair Dryer,1,1458.26,Cancelled,
ORD-101946,2026-09-14,West,Gujarat,Ahmedabad,Electronics,Smartwatch,1,4636.22,Delivered,2
ORD-104112,2026-08-01,East,West Bengal,Kolkata,Apparel,Kurta,3,809.49,Returned,6
ORD-101625,2026-05-12,North,Haryana,Gurugram,Grocery,Atta 10kg,8,475.50,delivered,1
ORD-103872,2026-09-16,Central,Madhya Pradesh,Indore,Health & Beauty,Face Wash,2,269.86,Delivered,4
ORD-103349,2026-07-21,Central,Maharashtra,Nagpur,health & beauty,face wash,2,256.79,Delivered,3
ORD-103209,2026-09-29,North,delhi,Delhi,Apparel,Winter Jacket,2,2352.55,Delivered,2
ORD-103137,2026-08-04,East,,Bhubaneswar,Grocery,Dry Fruits 500g,3,817.15,Delivered,9
ORD-104730,2026-01-28,South,Tamil Nadu,Chennai,Electronics,Smartwatch,1,4511.96,Completed,3
ORD-102607,2026-01-29,South,Kerala,Kochi,Home & Kitchen,Pressure Cooker,2,N/A,Delivered,3
ORD-104399,2026-03-20,East,Odisha,  Bhubaneswar ,Grocery,Basmati Rice 5kg,2,639.87,Shipped,
ORD-101739,2026-05-01,East,Bihar,Patna,Grocery,Dry Fruits 500g,5,738.15,Delivered,4
ORD-100534,2026-07-17,West,Maharashtra,Mumbai,grocery,  Atta 10kg ,2,538.09,  Delivered ,2
ORD-100620,2026-03-01,West,maharashtra,Pune,Health & Beauty,vitamin c tablets,2,506.07,Delivered,4
ORD-103091,16/05/2026,West,Maharashtra,Pune,Electronics,Wireless Earbuds,3,2613.19,DELIVERED,3
ORD-103697,2026-05-07,West,Gujarat,Ahmedabad,Grocery,Basmati Rice 5kg,3,655.55,Pending,
ORD-100247,2026-06-12,N,Rajasthan,jaipur,  Grocery ,Dry Fruits 500g,4,732.66,Shipped,
ORD-103114,2026-07-27,South,Telangana,Hyderabad,Electronics,Power Bank,2,1179.33,Delivered,4
ORD-103051,2026-08-05,North,Haryana,Gurugram,Health & Beauty,Vitamin C Tablets,1,596.26,Delivered,4
ORD-101685,2026-01-16,Central,Madhya Pradesh,Indore,Health & Beauty,Hair Dryer,1,1465.64,Delivered,4
ORD-101108,19/08/2026,South,Kerala,kochi,Groceries,  Basmati Rice 5kg ,4,708.52,  Delivered ,4
ORD-100286,2026-08-26,north,Rajasthan,Jaipur,Electronics,power bank,1,1219.05,Delivered,3
ORD-103288,2026-08-24,North,Delhi,New Delhi,Home & Kitchen,LED Bulb Pack,1,414.15,Completed,3
ORD-104257,2026-08-16,Central,,Raipur,Electronics,Bluetooth Speaker,2,3186.05,Returned,2
ORD-100629,2026-05-28,North,CHANDIGARH,Chandigarh,Electronics,Wireless Earbuds,1,2312.69,Delivered,
ORD-102511,2026-09-23,South,Kerala,Kochi,Grocery,  Atta 10kg ,-3,453.61,Cancelled,
ORD-103639,24/08/2026,West,Gujarat,Ahmedabad,electronics,Wireless Earbuds,1,2399.26,Delivered,3
ORD-103187,2026-08-02,South,Tamil Nadu,Chennai,Grocery,Cooking Oil 1L,2,178.95,CANCELLED,
ORD-104355,2026-05-21,East,Assam,Guwahati,Electronics,smartwatch,1,4660.58,Returned,6
ORD-101672,06-Jun-2026,West,Maharashtra,Mumbai,APPAREL,denim jeans,2,1385.99,Shipped,
ORD-104240,2026-07-31,Central,Chhattisgarh,Raipur,Home & Kitchen,Mixer Grinder,5,3436.37,delivered,5
ORD-104448,2026-04-27,North,Delhi,Delhi,Health & Beauty,Vitamin C Tablets,1,595.84,Cancelled,
ORD-100530,2026-01-09,South,Karnataka,Bengaluru,Health & Beauty,Vitamin C Tablets,1,511.65,Completed,3
ORD-103740,2026-06-23,N,Chandigarh,Chandigarh,Health & Beauty,Face Wash,1,256.05,Cancelled,
ORD-102693,30/08/2026,Southern,,Hyderabad,Groceries,Basmati Rice 5kg,3,596.66,Cancelled,
ORD-100973,2026-01-31,North,Rajasthan,Jaipur,Electronics,Bluetooth Speaker,2,2967.06,delivered,1
ORD-100441,31/02/2026,  North ,Uttar Pradesh,LUCKNOW,Electronics,Bluetooth Speaker,1,3283.39,Shipped,
ORD-100875,02-Jul-2026,West,Maharashtra,Pune,Health & Beauty,Vitamin C Tablets,3,527.08,Delivered,4
ORD-100293,2026-05-02,Central,Maharashtra,Nagpur,Health & Beauty,Shampoo 400ml,1,420.26,Completed,4
ORD-103820,19/03/2026,South,Telangana,Hyderabad,Grocery,DRY FRUITS 500G,2,752.89,DELIVERED,1
ORD-100209,2026-05-28,North,Chandigarh,Chandigarh,Health & Beauty,face wash,2,266.68,Delivered,2
ORD-104838,2026-01-19,Central,Madhya Pradesh,Bhopal,Grocery,Dry Fruits 500g,3,784.89,Delivered,4
ORD-104093,2026-01-15,West,Gujarat,Ahmedabad,Grocery,Green Tea 100 Bags,2,351.41,Cancelled,
ORD-101886,2026-06-27,North,Delhi,Delhi,Electronics,smartwatch,1,5139.21,Pending,
ORD-102759,2026-02-12,West,Maharashtra,Mumbai,  Electronics ,Smartwatch,1,5007.52,Delivered,2
ORD-100567,2026-04-04,South,Karnataka,Bengaluru,Apparel,Denim Jeans,1,1640.91,  Returned ,1
ORD-101305,24/06/2026,South,Telangana,Hyderabad,Grocery,Atta 10kg,5,536.52,Delivered,1
ORD-103792,02-Sep-2026,West,,Pune,Home & Kitchen,LED Bulb Pack,1,362.15,DELIVERED,4
ORD-101623,2026-05-07,East,Odisha,Bhubaneswar,grocery,Basmati Rice 5kg,2,684.98,Delivered,4
ORD-103524,2026-03-19,west,Maharashtra,Pune,  Grocery ,  Atta 10kg ,4,512.63,Delivered,3
ORD-102953,2026-05-21,North,Rajasthan,Jaipur,Apparel,Running Shoes,1,3090.47,Delivered,
ORD-103060,26/08/2026,N,Delhi,Delhi,Electronics,Smartphone,2,19051.99,Delivered,3
ORD-103223,2026-06-19,South,Karnataka,Bengaluru,Apparel,Running Shoes,3,3066.30,Delivered,2
ORD-104110,2026-08-10,Central,Madhya Pradesh,Bhopal,Grocery,Basmati Rice 5kg,8,662.71,Completed,4
ORD-101742,2026-06-12,West,Maharashtra,Bombay,Apparel,Winter Jacket,1,2251.03,Shipped,
ORD-101542,2026-02-15,North,Chandigarh,Chandigarh,  Home & Kitchen ,Mixer Grinder,4,3563.60,Delivered,3
ORD-104773,2026-07-30,SOUTH,Karnataka,Bengaluru,Electronics,Power Bank,2,1204.76,Delivered,2
ORD-104710,2026-09-24,southern,Telangana,Hyderabad,Electronics,Smartphone,3,19384.85,DELIVERED,4
ORD-100421,2026-04-25,East,Assam,Guwahati,Apparel,kurta,5,828.97,delivered,2
ORD-102561,2026-01-16,South,Karnataka,Bengaluru,Health & Beauty,Sunscreen,1,462.94,Returned,3
ORD-101356,2026-06-06,West,Goa,Panaji,Grocery,Green Tea 100 Bags,4,382.76,Shipped,
ORD-103643,2026-02-13,North,Rajasthan,  Jaipur ,Health & Beauty,SUNSCREEN,1,485.55,Shipped,
ORD-103073,2026-02-17,N,  Delhi ,Delhi,Grocery,Green Tea 100 Bags,2,382.58,DELIVERED,1
ORD-101967,05-Mar-2026,South,Karnataka,Bengaluru,Health & Beauty,shampoo 400ml,2,386.48,Completed,3
ORD-103963,25/01/2026,Central,,Nagpur,Home & Kitchen,Mixer Grinder,1,3747.17,Delivered,3
ORD-103476,2026-01-21,West,Maharashtra,Mumbai,Health & Beauty,SUNSCREEN,2,479.53,Shipped,
ORD-101821,2026-09-20,Southern,Telangana,Hyderabad,electronics,SMARTPHONE,2,18810.59,Delivered,4
ORD-101717,2026-09-26,East,Odisha,Bhubaneswar,  Apparel ,kurta,3,853.49,Shipped,
ORD-104951,03/07/2026,West,Gujarat,Ahmedabad,Grocery,Cooking Oil 1L,2,194.78,Cancelled,
ORD-104224,10/08/2026,Central,Madhya Pradesh,Bhopal,Apparel,RUNNING SHOES,2,2885.65,Pending,
ORD-103439,17/09/2026,West,Gujarat,  Ahmedabad ,  Clothing ,Denim Jeans,3,1388.14,Delivered,3
ORD-102782,2026-06-01,North,Uttar Pradesh,Lucknow,HEALTH & BEAUTY,Vitamin C Tablets,4,567.82,delivered,1
ORD-103946,2026-07-05,South,Kerala,Kochi,Apparel,Denim Jeans,2,1395.83,Canceled,
ORD-103909,12/05/2026,West,goa,panaji,Home & Kitchen,PRESSURE COOKER,1,1783.21,  Delivered ,3
ORD-101621,2026-02-05,West,Gujarat,Ahmedabad,grocery,Dry Fruits 500g,3,735.81,In Transit,
ORD-103144,25-Jul-2026,Central,Chhattisgarh,Raipur,  Electronics ,Bluetooth Speaker,1,2958.55,Delivered,3
ORD-100455,2026-05-24,South,  Tamil Nadu ,Chennai,Grocery,Dry Fruits 500g,1,857.85,Delivered,3
ORD-101074,24-Aug-2026,Central,Madhya Pradesh,indore,Home & Kitchen,Mixer Grinder,3,3815.38,cancelled,
ORD-100354,13-Jul-2026,East,Assam,Guwahati,ELECTRONICS,Wireless Earbuds,1,2465.98,Shipped,
ORD-101645,19/07/2026,Western,Maharashtra,Pune,Grocery,Dry Fruits 500g,3,853.83,Delivered,3
ORD-103017,06-Feb-2026,North,Rajasthan,  Jaipur ,Health & Beauty,Face Wash,4,247.64,Returned,3
ORD-104866,2026-02-02,North,Haryana,Gurugram,Electronics,Bluetooth Speaker,3,2759.75,Delivered,2
ORD-100131,2026-05-08,East,West Bengal,kolkata,Grocery,Cooking Oil 1L,2,181.57,  Pending ,
ORD-104422,2026-01-20,South,KARNATAKA,Bengaluru,home & kitchen,LED Bulb Pack,2,413.39,Returned,4
ORD-102559,24-Mar-2026,North,Haryana,  Gurugram ,Electronics,Smartwatch,2,4972.80,Completed,1
ORD-100040,23-Aug-2026,North,Uttar Pradesh,Lucknow,Grocery,basmati rice 5kg,4,599.54,Delivered,3
ORD-100466,2026-06-16,South,Tamil Nadu,Chennai,Health & Beauty,Vitamin C Tablets,1,536.55,Pending,
ORD-103421,2026-03-04,North,Haryana,Gurugram,Electronics,Power Bank,3,1357.59,delivered,4
ORD-103927,2026-08-01,South,,Hyderabad,Home & Kitchen,Mixer Grinder,1,3486.83,Delivered,2
ORD-100523,2026-04-01,Western,Gujarat,ahmedabad,Grocery,Atta 10kg,6,517.30,Delivered,2
ORD-102312,2026-03-28,  East ,Odisha,Bhubaneswar,Home & Kitchen,LED Bulb Pack,1,370.12,Shipped,
ORD-102686,2026-08-26,West,Maharashtra,Mumbai,Grocery,  Atta 10kg ,4,500.56,pending,
ORD-101225,2026-09-29,CENTRAL,,bhopal,Electronics,  Power Bank ,3,1309.56,IN TRANSIT,
ORD-102410,2026-08-12,North,Haryana,Gurugram,Electronics,Smartphone,2,18041.28,Delivered,2
ORD-100477,31-Mar-2026,East,Bihar,Patna,  Apparel ,cotton t-shirt,1,483.10,Pending,
ORD-100636,2026-04-19,South,Karnataka,Bengaluru,Groceries,  Green Tea 100 Bags ,3,355.13,Pending,
ORD-101914,2026-07-13,South,Telangana,Hyderabad,Apparel,Running Shoes,1,3166.72,Delivered,2
ORD-103543,15/06/2026,Central,Madhya Pradesh,Indore,Home & Kitchen,LED Bulb Pack,2,376.73,Returned,4
ORD-104256,24/07/2026,South,Karnataka,Bengaluru,Home & Kitchen,LED Bulb Pack,2,395.93,Delivered,1
ORD-103641,2026-06-05,Central,Madhya Pradesh,Bhopal,Apparel,COTTON T-SHIRT,4,506.13,Canceled,
ORD-104639,19/07/2026,South,,HYDERABAD,Grocery,Green Tea 100 Bags,2,316.76,Delivered,3
ORD-102516,2026-03-27,  South ,Telangana,Hyderabad,Apparel,cotton t-shirt,4,493.71,Shipped,
ORD-102840,2026-01-03,central,Madhya Pradesh,Bhopal,Grocery,Cooking Oil 1L,2,178.08,Delivered,4
ORD-100641,2026-08-22,Central,  Madhya Pradesh ,Indore,Health & Beauty,Shampoo 400ml,1,434.65,  Returned ,2
ORD-101473,2026-01-29,West,Gujarat,Ahmedabad,Apparel,Running Shoes,abc,2881.90,  Pending ,
ORD-100268,30/06/2026,North,Chandigarh,Chandigarh,health & beauty,Face Wash,1,255.28,Delivered,2
ORD-104811,2026-09-01,Southern,Telangana,Hyderabad,HEALTH & BEAUTY,Sunscreen,1,490.92,Cancelled,
ORD-104679,2026-03-31,Central,Maharashtra,Nagpur,Home & Kitchen,Bedsheet Set,1,1156.13,Delivered,4
ORD-101468,2026-04-23,South,Karnataka,bengaluru,Apparel,Running Shoes,3,2934.19,Delivered,4
ORD-102690,2026-07-05,East,Assam,  Guwahati ,Home & Kitchen,Non-Stick Pan,3,986.66,Pending,
ORD-102098,2026-08-14,North,Rajasthan,Jaipur,Health & Beauty,Shampoo 400ml,1,434.36,Pending,
ORD-102262,11/02/2026,East,Bihar,Patna,Electronics,Smartphone,1,17679.28,Delivered,6
ORD-102294,2026-08-02,Central,Madhya Pradesh,Bhopal,health & beauty,Shampoo 400ml,1,396.85,Returned,
ORD-103036,2026-05-03,Central,Chhattisgarh,raipur,Apparel,Cotton T-Shirt,3,465.94,  Returned ,4
ORD-103786,2026-05-25,Central,maharashtra,Nagpur,Electronics,Power Bank,1,1173.37,Delivered,3
ORD-100819,2026-07-04,Central,Madhya Pradesh,Indore,Clothing,kurta,abc,931.95,Cancelled,
ORD-102998,2026-05-27,East,Odisha,Bhubaneswar,Electronics,Power Bank,1,1223.94,delivered,3
ORD-101972,25/06/2026,South,Kerala,Kochi,grocery,Dry Fruits 500g,abc,845.18,Delivered,5
ORD-101360,20/06/2026,South,  Karnataka ,  Bangalore ,Apparel,Winter Jacket,1,2740.76,Delivered,3
ORD-104789,2026-06-02,East,Odisha,Bhubaneswar,Apparel,Kurta,1,840.13,Delivered,3
ORD-104001,2026-06-22,East,Odisha,Bhubaneswar,Grocery,Green Tea 100 Bags,1,344.23,Delivered,4
ORD-103958,2026-06-21,West,Gujarat,Ahmedabad,Home & Kitchen,Pressure Cooker,3,2027.69,  Shipped ,
ORD-101892,2026-07-01,South,Tamil Nadu,,Electronics,Bluetooth Speaker,1,2811.42,Delivered,3
ORD-100135,24/03/2026,  West ,Maharashtra,Pune,Grocery,Basmati Rice 5kg,2,605.42,Delivered,2
ORD-100722,11/09/2026,North,Chandigarh,Chandigarh,Electronics,Smartphone,1,18650.90,Shipped,
ORD-100401,2026-03-16,North,Uttar Pradesh,  Lucknow ,apparel,Winter Jacket,1,2306.60,Delivered,3
ORD-100718,2026-09-28,Central,Chhattisgarh,Raipur,Home & Kitchen,LED Bulb Pack,1,375.45,Delivered,
ORD-104997,2026-07-16,West,Maharashtra,Mumbai,Home & Kitchen,Mixer Grinder,2,3201.56,Delivered,2
ORD-103629,2026-06-28,  West ,,Ahmedabad,Grocery,ATTA 10KG,3,543.34,Completed,3
ORD-104777,2026-01-25,  Southern ,Telangana,Hyderabad,HEALTH & BEAUTY,Hair Dryer,1,1627.89,Shipped,
ORD-103165,2026-05-20,North,Haryana,Gurugram,Apparel,Kurta,1,981.90,DELIVERED,3
ORD-102642,2026-08-12,West,Maharashtra,pune,Clothing,Kurta,2,932.19,Delivered,3
ORD-102233,2026-09-26,Central,,Nagpur,Electronics,Smartphone,3,17788.20,Delivered,2
ORD-102297,2026-05-05,North,Delhi,Delhi,Grocery,Dry Fruits 500g,1,765.75,Completed,1
ORD-100062,2026-06-28,East,Bihar,Patna,,Green Tea 100 Bags,5,368.67,  Delivered ,3
ORD-100690,2026-01-30,  South ,Telangana,HYDERABAD,Electronics,Bluetooth Speaker,1,3091.63,Delivered,3
ORD-102778,yesterday,South,Tamil Nadu,Chennai,Electronics,Smartphone,5,19084.79,Delivered,3
ORD-104829,2026-07-16,North,Uttar Pradesh,Lucknow,Electronics,Power Bank,1,1411.17,Shipped,
ORD-103733,2026-05-03,West,Maharashtra,Bombay,Health & Beauty,shampoo 400ml,1,359.55,Delivered,2
ORD-102595,13/03/2026,North,,gurugram,Health & Beauty,Shampoo 400ml,2,365.27,Completed,2
ORD-102725,2026-04-08,West,Gujarat,Ahmedabad,APPAREL,Denim Jeans,3,1352.52,  Delivered ,2
ORD-104322,2026-07-24,South,Telangana,Hyderabad,Home & Kitchen,LED Bulb Pack,2,410.57,Delivered,3
ORD-100079,08/06/2026,East,West Bengal,Calcutta,Grocery,Basmati Rice 5kg,2,662.83,Shipped,
ORD-103323,2026-05-09,South,Karnataka,Bengaluru,Home & Kitchen,Non-Stick Pan,6,989.33,Shipped,
ORD-101351,2026-03-13,North,  Delhi ,Delhi,Grocery,Basmati Rice 5kg,3,628.38,delivered,2
ORD-102223,2026-05-05,North,Haryana,Gurugram,Electronics,Smartwatch,2,4849.43,Pending,
ORD-101664,27/07/2026,West,GOA,Panaji,Health & Beauty,Hair Dryer,1,1651.07,cancelled,
ORD-103637,2026-08-01,West,Gujarat,Ahmedabad,Grocery,Cooking Oil 1L,2,196.54,Shipped,
ORD-100744,2026-09-11,West,  Maharashtra ,  Mumbai ,ELECTRONICS,Power Bank,2,1197.78,Delivered,3
ORD-101845,2026-07-22,North,DELHI,Delhi,Home & Kitchen,LED Bulb Pack,1,435.63,Delivered,2
ORD-101989,20/04/2026,East,Assam,Guwahati,Grocery,Green Tea 100 Bags,5,380.77,Delivered,3
ORD-100210,2026-03-26,west,Goa,panaji,Grocery,basmati rice 5kg,6,621.91,Delivered,3
ORD-103949,2026-09-22,central,,Nagpur,Grocery,Atta 10kg,2,534.98,Cancelled,
ORD-104222,05/08/2026,East,Bihar,Patna,Apparel,Kurta,2,926.49,Canceled,
ORD-102426,2026-05-23,West,Maharashtra,Pune,Apparel,Running Shoes,3,3287.26,Delivered,4
ORD-101245,03/07/2026,West,Maharashtra,Pune,Apparel,Denim Jeans,3,1444.89,Delivered,2
ORD-100687,2026-06-10,Southern,Kerala,  Kochi ,Grocery,COOKING OIL 1L,1,N/A,Shipped,
ORD-100616,2026-09-17,North,Haryana,Gurugram,Apparel,Cotton T-Shirt,1,451.28,Completed,2
ORD-103228,2026-07-07,North,Haryana,Gurugram,Home & Kitchen,NON-STICK PAN,3,980.65,Shipped,
ORD-102048,2026-07-25,North,Rajasthan,Jaipur,APPAREL,Denim Jeans,1,1644.71,Delivered,2
ORD-101218,05/08/2026,South,Kerala,  Kochi ,Grocery,green tea 100 bags,1,353.69,DELIVERED,4
ORD-103954,24/08/2026,East,Bihar,Patna,Apparel,  Running Shoes ,3,2758.60,Delivered,5
ORD-102923,22/01/2026,western,Goa,Panaji,Electronics,Smartphone,1,20641.13,Delivered,2
ORD-104291,2026-09-12,East,  West Bengal ,Kolkata,Electronics,Smartphone,1,19609.79,Delivered,6
ORD-103965,03-Apr-2026,West,Goa,PANAJI,Apparel,Cotton T-Shirt,4,509.27,Delivered,
ORD-104509,20-Jun-2026,South,  Kerala ,Kochi,  Home & Kitchen ,  Pressure Cooker ,3,2059.10,Delivered,3
ORD-101722,2026-03-06,East,Assam,Guwahati,Grocery,Cooking Oil 1L,3,189.31,Delivered,7
ORD-100074,2026-09-05,North,Rajasthan,Jaipur,Electronics,Smartphone,2,20298.80,Delivered,3
ORD-100742,2026-08-10,South,,Bengaluru,  Electronics ,smartwatch,1,4635.49,Shipped,
ORD-101480,2026-03-03,North,DELHI,DELHI,Electronics,Smartphone,3,17342.43,DELIVERED,1
ORD-101198,2026-04-02,East,Assam,Guwahati,Electronics,BLUETOOTH SPEAKER,4,2854.70,Delivered,4
ORD-100382,29/03/2026,South,Karnataka,Bengaluru,Electronics,Power Bank,1,1421.14,Delivered,1
ORD-101765,2026-07-18,n,Delhi,Delhi,Apparel,Denim Jeans,2,1508.97,delivered,5
ORD-100682,2026-03-14,North,Rajasthan,Jaipur,Electronics,POWER BANK,1,1353.70,Delivered,3
ORD-100762,2026-03-13,North,Uttar Pradesh,lucknow,Home & Kitchen,Bedsheet Set,2,1282.33,Delivered,3
ORD-102825,31/02/2026,North,Chandigarh,Chandigarh,Grocery,Basmati Rice 5kg,1,609.51,Delivered,1
ORD-101788,2026-04-08,West,  Maharashtra ,Bombay,Apparel,Cotton T-Shirt,1,540.27,Delivered,4
ORD-100967,22/06/2026,East,Bihar,Patna,Home & Kitchen,Non-Stick Pan,2,1087.94,Delivered,3
ORD-103241,2026-02-24,East,West Bengal,Kolkata,Health & Beauty,Sunscreen,1,446.98,Delivered,4
ORD-102361,2026-07-30,South,Telangana,Hyderabad,Grocery,Basmati Rice 5kg,1,633.74,Delivered,3
ORD-100609,2026-08-14,Central,Maharashtra,Nagpur,Electronics,Smartwatch,1,4718.50,Delivered,2
ORD-101659,2026-06-03,North,Uttar Pradesh,Lucknow,Electronics,Smartwatch,1,4739.72,Shipped,
ORD-100192,2026-03-29,North,Uttar Pradesh,Lucknow,Health & Beauty,Vitamin C Tablets,1,574.23,Returned,1
ORD-100760,21-Sep-2026,south,Tamil Nadu,Chennai,Home & Kitchen,LED Bulb Pack,4,432.54,returned,1
ORD-102820,2026-06-26,South,Karnataka,Bengaluru,health & beauty,Hair Dryer,2,1542.82,  Delivered ,2
ORD-102214,2026-02-12,South,Karnataka,Bengaluru,  Home & Kitchen ,LED Bulb Pack,1,423.01,Delivered,1
ORD-102274,21/01/2026,Central,Madhya Pradesh,Indore,Apparel,Kurta,3,907.31,delivered,3
ORD-101758,20-Apr-2026,Central,MAHARASHTRA,Nagpur,Electronics,Smartwatch,3,5396.18,Delivered,2
ORD-103048,2026-08-02,South,,Kochi,Health and Beauty,Sunscreen,1,471.08,Delivered,3
ORD-103795,03-Sep-2026,Western,Gujarat,Ahmedabad,Electronics,Power Bank,2,1299.64,Shipped,
ORD-104245,28-Feb-2026,SOUTH,Karnataka,Bengaluru,Electronics,Bluetooth Speaker,1,2747.16,delivered,4
ORD-101171,2026-02-28,South,Karnataka,Bangalore,Grocery,Cooking Oil 1L,2,175.12,Shipped,
ORD-103424,18/03/2026,West,Maharashtra,Pune,Grocery,Dry Fruits 500g,2,764.58,Delivered,2
ORD-100015,2026-09-13,South,Telangana,Hyderabad,Home & Kitchen,LED Bulb Pack,1,419.95,Delivered,3
ORD-103601,08/05/2026,South,Tamil Nadu,Chennai,Apparel,kurta,1,969.66,  Delivered ,2
ORD-100583,2026-08-10,West,goa,  Panaji ,Grocery,Atta 10kg,2,535.09,delivered,2
ORD-104875,2026-04-30,south,Tamil Nadu,Chennai,HOME & KITCHEN,LED Bulb Pack,5,384.38,Pending,
ORD-100734,25/08/2026,  South ,Telangana,Hyderabad,groceries,Atta 10kg,3,502.45,delivered,6
ORD-101212,05/02/2026,South,  Tamil Nadu ,,grocery,Green Tea 100 Bags,4,347.27,Delivered,2
ORD-103727,2026-06-10,North,,Chandigarh,home & kitchen,Non-Stick Pan,4,962.23,  Delivered ,5
ORD-101605,2026-03-21,Central,Chhattisgarh,RAIPUR,Grocery,Basmati Rice 5kg,2,672.53,Shipped,
ORD-104380,2026-06-30,West,Maharashtra,MUMBAI,Health & Beauty,Sunscreen,1,441.29,Shipped,
ORD-102324,2026-01-23,South,Telangana,HYDERABAD,Apparel,Cotton T-Shirt,1,491.96,Delivered,4
ORD-101068,2026-08-28,North,Uttar Pradesh,Lucknow,Grocery,  Cooking Oil 1L ,4,201.71,DELIVERED,2
ORD-103945,20-Apr-2026,West,Goa,PANAJI,Health & Beauty,Vitamin C Tablets,3,587.00,Delivered,2
ORD-104498,2026-09-14,North,Haryana,gurugram,Electronics,Smartwatch,1,5204.86,Delivered,3
ORD-100400,2026-09-20,West,Maharashtra,Mumbai,ELECTRONICS,Power Bank,2,1190.62,Delivered,2
ORD-102959,2026-05-17,East,Odisha,Bhubaneswar,Grocery,Green Tea 100 Bags,2,335.58,Delivered,2
ORD-103699,2026-08-07,West,Maharashtra,Pune,Health & Beauty,Sunscreen,2,430.87,canceled,
ORD-103812,2026-06-01,  South ,Kerala,Kochi,  Grocery ,Green Tea 100 Bags,3,358.68,Delivered,3
ORD-101013,2026-08-06,West,Maharashtra,Pune,Home & Kitchen,Mixer Grinder,4,3403.23,Pending,
ORD-103068,2026-09-14,West,Maharashtra,Pune,Electronics,Smartwatch,1,4668.60,Delivered,3
ORD-100834,2026-09-07,West,Goa,Panaji,Electronics,Smartwatch,1,4817.48,Shipped,
ORD-104981,12-May-2026,South,tamil nadu,Chennai,Health & Beauty,Vitamin C Tablets,1,547.54,Completed,2
ORD-100934,2026-02-13,North,Haryana,Gurugram,Home & Kitchen,LED Bulb Pack,1,383.48,Delivered,1
ORD-101871,2026-09-26,North,Chandigarh,chandigarh,Grocery,Basmati Rice 5kg,4,606.83,Delivered,3
ORD-100927,2026-06-04,West,Maharashtra,Mumbai,grocery,Green Tea 100 Bags,2,345.86,Delivered,3
ORD-100997,09/08/2026,West,Maharashtra,pune,electronics,Bluetooth Speaker,1,3101.55,DELIVERED,3
ORD-103674,13-May-2026,Southern,Karnataka,Bengaluru,Grocery,Dry Fruits 500g,1,769.60,Delivered,
ORD-100543,01/02/2026,South,Kerala,Kochi,Electronics,Smartwatch,2,4679.00,Delivered,3
ORD-100529,28/05/2026,South,Kerala,Kochi,Health & Beauty,Face Wash,1,239.14,Delivered,4
ORD-100654,2026-07-23,north,Rajasthan,  Jaipur ,Groceries,Dry Fruits 500g,3,843.31,Delivered,3
ORD-101776,16-May-2026,North,chandigarh,Chandigarh,Grocery,Dry Fruits 500g,1,729.24,  Shipped ,
ORD-100759,2026-03-30,North,Rajasthan,Jaipur,Apparel,Winter Jacket,1,2731.51,Delivered,4
ORD-100619,05/04/2026,North,Rajasthan,Jaipur,Health & Beauty,Sunscreen,2,453.64,Delivered,2
ORD-100571,2026-03-01,  North ,Delhi,Delhi,  Apparel ,Winter Jacket,1,2419.11,Delivered,1
ORD-101045,2026-08-01,West,GOA,Panaji,Electronics,Power Bank,1,1180.49,Delivered,4
ORD-101525,05-Mar-2026,South,Telangana,Hyderabad,Electronics,Bluetooth Speaker,2,3239.77,Delivered,4
ORD-100977,31/07/2026,South,  Telangana ,Hyderabad,Home & Kitchen,Pressure Cooker,1,1859.05,Pending,
ORD-101255,2026-07-07,Southern,TELANGANA,Hyderabad,Grocery,atta 10kg,2,530.18,Pending,
ORD-101339,2026-07-20,West,Maharashtra,Pune,Grocery,Cooking Oil 1L,3,177.10,PENDING,
ORD-101866,2026-08-10,North,CHANDIGARH,Chandigarh,Home & Kitchen,LED Bulb Pack,1,415.95,  Delivered ,1
ORD-102990,2026-06-15,South,Telangana,Hyderabad,Electronics,Bluetooth Speaker,1,2915.63,SHIPPED,
ORD-100430,2026-09-22,Southern,Telangana,hyderabad,Electronics,Power Bank,1,1246.91,Delivered,1
ORD-102729,23/06/2026,West,Maharashtra,Pune,Health & Beauty,Sunscreen,3,433.59,Delivered,2
ORD-101325,2026-05-13,West,Gujarat,Ahmedabad,Grocery,Dry Fruits 500g,4,761.06,Delivered,2
ORD-100499,2026-06-10,South,Telangana,Hyderabad,Apparel,Running Shoes,1,3160.48,Delivered,3
ORD-100261,2026-07-19,North,Haryana,Gurugram,Electronics,POWER BANK,1,1207.01,Delivered,1
ORD-104998,07-Aug-2026,  West ,Goa,Panaji,Electronics,Bluetooth Speaker,1,2887.70,Cancelled,
ORD-104305,2026-04-03,North,Chandigarh,  Chandigarh ,Grocery,Atta 10kg,3,466.62,Delivered,3
ORD-103185,19/07/2026,West,  Maharashtra ,Mumbai,Home & Kitchen,Non-Stick Pan,1,1024.89,DELIVERED,
ORD-101734,2026-06-18,West,Goa,Panaji,Grocery,Basmati Rice 5kg,1,595.64,Pending,
ORD-101719,2026-03-27,West,Maharashtra,Pune,Electronics,Wireless Earbuds,3,2608.08,delivered,4
ORD-104574,2026-02-17,South,Telangana,Hyderabad,Electronics,Wireless Earbuds,1,2435.14,Returned,4
ORD-100331,2026-09-03,West,Maharashtra,Pune,Home & Kitchen,LED Bulb Pack,1,367.33,Completed,2
ORD-102891,05/04/2026,East,Bihar,Patna,  Health & Beauty ,Shampoo 400ml,1,385.96,delivered,3
ORD-103332,19/09/2026,  E ,Assam,Guwahati,Electronics,Power Bank,1,1325.80,Delivered,7
ORD-102873,11-Sep-2026,North,delhi,Delhi,Electronics,Smartwatch,1,5107.06,Returned,3
ORD-103401,23/05/2026,East,Bihar,Patna,Electronics,Wireless Earbuds,1,2336.37,Returned,5
ORD-102862,2026-04-27,East,Bihar,Patna,Home & Kitchen,Mixer Grinder,2,3334.38,Pending,
ORD-100063,2026-09-11,North,Haryana,Gurugram,ELECTRONICS,Smartphone,3,19110.68,Delivered,1
ORD-100514,31/02/2026,North,Chandigarh,CHANDIGARH,Grocery,Atta 10kg,6,524.76,Completed,2
ORD-100810,2026-02-13,East,Assam,Guwahati,Apparel,Cotton T-Shirt,2,498.88,Delivered,2
ORD-104229,2026-06-26,Central,Maharashtra,Nagpur,Apparel,Winter Jacket,1,2296.37,Delivered,2
ORD-100587,07/06/2026,West,Gujarat,Ahmedabad,Apparel,Winter Jacket,1,2698.87,Cancelled,
ORD-103865,2026-02-13,West,Goa,Panaji,Grocery,Basmati Rice 5kg,3,680.71,Delivered,2
ORD-100618,05-May-2026,South,Telangana,Hyderabad,grocery,Atta 10kg,7,523.15,In Transit,
ORD-100114,2026-09-13,North,Haryana,Gurugram,Grocery,Green Tea 100 Bags,2,339.27,Delivered,2
ORD-102429,2026-07-30,South,Kerala,Kochi,Home & Kitchen,PRESSURE COOKER,4,1873.35,Delivered,4
ORD-103368,2026-07-20,south,Telangana,Hyderabad,Electronics,Wireless Earbuds,3,2434.93,Shipped,
ORD-100394,15/05/2026,South,Tamil Nadu,Chennai,Grocery,Atta 10kg,5,498.13,Delivered,3
ORD-104191,2026-06-16,East,Odisha,Bhubaneswar,Electronics,Smartphone,3,20261.44,Delivered,4
ORD-100573,2026-09-07,  East ,Odisha,Bhubaneswar,Apparel,Kurta,1,813.14,SHIPPED,
ORD-100801,2026-04-08,West,,Panaji,Home & Kitchen,Pressure Cooker,2,2038.28,Delivered,4
ORD-101394,2026-05-18,Western,Maharashtra,PUNE,Electronics,Power Bank,1,1305.19,Delivered,1
ORD-101949,2026-06-07,  West ,  Gujarat ,  Ahmedabad ,Electronics,Smartphone,4,17716.47,Delivered,2
ORD-102351,2026-01-17,South,Telangana,Hyderabad,Grocery,Dry Fruits 500g,1,826.17,Returned,2
ORD-103735,15/08/2026,West,Maharashtra,Mumbai,Grocery,Basmati Rice 5kg,1,585.55,Returned,3
ORD-104783,2026-08-30,West,Gujarat,  Ahmedabad ,  Grocery ,Basmati Rice 5kg,4,680.84,Delivered,2
ORD-101229,29/06/2026,East,Bihar,Patna,Grocery,  Atta 10kg ,3,530.02,Pending,
ORD-100140,2026-08-02,East,West Bengal,Kolkata,Apparel,Running Shoes,1,3163.26,Delivered,5
ORD-100236,15/05/2026,South,Karnataka,BENGALURU,Grocery,Basmati Rice 5kg,3,598.80,Delivered,3
ORD-100859,21/07/2026,North,Chandigarh,Chandigarh,grocery,Cooking Oil 1L,4,205.16,Cancelled,
ORD-102754,2026-06-30,Central,Madhya Pradesh,bhopal,Health & Beauty,Sunscreen,1,447.81,PENDING,
ORD-102713,2026-01-31,North,Chandigarh,Chandigarh,Groceries,Green Tea 100 Bags,1,342.43,Delivered,4
ORD-101855,07/05/2026,South,,kochi,Apparel,Cotton T-Shirt,1,545.91,Pending,
ORD-104192,2027-03-15,North,Haryana,Gurugram,Home & Kitchen,Bedsheet Set,1,1229.47,Returned,3
ORD-104481,2026-09-04,South,Tamil Nadu,Chennai,Health & Beauty,Vitamin C Tablets,1,516.22,  Pending ,
ORD-104032,12-Apr-2026,West,Gujarat,Ahmedabad,Grocery,green tea 100 bags,3,314.80,Delivered,4
ORD-103312,05/07/2026,West,Gujarat,Ahmedabad,Apparel,Running Shoes,1,2848.69,Delivered,1
ORD-103012,2026-03-15,East,Odisha,Bhubaneswar,Electronics,Wireless Earbuds,1,2288.70,pending,
ORD-101880,2026-06-17,North,chandigarh,Chandigarh,Electronics,Bluetooth Speaker,1,3056.95,Completed,3
ORD-104637,2026-09-06,South,KARNATAKA,Bengaluru,Electronics,smartphone,1,19726.17,Shipped,
ORD-103683,07-Mar-2026,South,Telangana,hyderabad,Health & Beauty,Vitamin C Tablets,1,555.91,Delivered,5
ORD-101926,25/05/2026,Western,Maharashtra,  Pune ,Electronics,Power Bank,2,1274.21,Delivered,5
ORD-104036,2026-09-19,west,Goa,Panaji,electronics,Power Bank,2,1175.85,Delivered,5
ORD-100689,23/03/2026,South,Kerala,Kochi,Grocery,Green Tea 100 Bags,3,344.06,Delivered,4
ORD-104107,2026-08-06,South,Tamil Nadu,  Chennai ,Groceries,Atta 10kg,4,532.69,Delivered,3
,2026-08-15,South,Kerala,Kochi,Grocery,Basmati Rice 5kg,2,600.53,Delivered,3
ORD-103076,2026-03-26,Central,Chhattisgarh,raipur,Grocery,  Atta 10kg ,1,463.57,Delivered,5
ORD-101644,06-Feb-2026,South,Tamil Nadu,Chennai,Health & Beauty,vitamin c tablets,1,563.66,Delivered,3
ORD-102234,13/06/2026,  East ,Assam,Guwahati,Grocery,dry fruits 500g,1,779.44,Delivered,5
ORD-103671,2026-02-26,East,Bihar,Patna,HOME & KITCHEN,  Mixer Grinder ,2,3547.50,delivered,3
ORD-100417,2026-07-26,North,Rajasthan,Jaipur,Apparel,Kurta,1,898.88,delivered,3
ORD-103829,12/06/2026,West,  Gujarat ,Ahmedabad,Apparel,Denim Jeans,3,1646.67,Delivered,4
ORD-101567,2026-07-24,West,Maharashtra,Pune,grocery,Atta 10kg,5,507.88,Delivered,1
ORD-102109,23/02/2026,West,Goa,Panaji,Apparel,Winter Jacket,5,2634.72,Pending,
ORD-102504,04-Jun-2026,Central,Madhya Pradesh,Bhopal,grocery,Atta 10kg,7,462.99,Delivered,2
ORD-103264,2026-07-01,South,Kerala,Kochi,Electronics,Smartwatch,4,5398.41,Delivered,2
ORD-100446,14/06/2026,West,Goa,Panaji,Electronics,Power Bank,3,1281.11,DELIVERED,1
ORD-101837,2026-07-06,North,Haryana,Gurugram,APPAREL,Cotton T-Shirt,1,495.32,DELIVERED,3
ORD-100006,2026-04-06,West,goa,Panaji,  Electronics ,Power Bank,2,1174.71,Delivered,1
ORD-103474,2026-02-19,East,,Calcutta,Apparel,Winter Jacket,1,2414.00,Delivered,4
ORD-103790,2026-05-26,West,gujarat,Ahmedabad,Apparel,Denim Jeans,1,1488.28,Delivered,3
ORD-104925,07-Jun-2026,West,Goa,  Panaji ,Grocery,Green Tea 100 Bags,3,366.20,Delivered,2
ORD-101763,2026-03-31,South,Telangana,Hyderabad,Grocery,Cooking Oil 1L,3,175.62,Pending,
ORD-100672,2026-04-11,West,Maharashtra,Pune,apparel,Winter Jacket,7,2293.52,  Delivered ,2
ORD-101055,2026-07-29,east,BIHAR,Patna,Apparel,Denim Jeans,1,1362.10,Shipped,
ORD-100283,2026-09-29,south,TAMIL NADU,Chennai,Apparel,Running Shoes,1,2916.30,Delivered,4
ORD-104462,2026-04-14,North,Delhi,Delhi,Electronics,Smartphone,5,20271.16,Delivered,5
ORD-100025,2026-08-24,South,Telangana,Hyderabad,Home & Kitchen,Mixer Grinder,4,3606.84,DELIVERED,1
ORD-101244,2026-08-18,South,Kerala,Kochi,Grocery,Basmati Rice 5kg,3,631.16,DELIVERED,2
ORD-101791,2026-08-06,Central,Madhya Pradesh,Indore,home & kitchen,Bedsheet Set,2,1122.95,Delivered,5
ORD-101042,2026-08-27,East,Bihar,Patna,Health & Beauty,Sunscreen,2,463.52,Delivered,5
ORD-104872,2026-08-16,Central,Madhya Pradesh,Bhopal,Apparel,Cotton T-Shirt,1,527.83,Completed,1
ORD-104923,13/03/2026,central,madhya pradesh,Indore,Apparel,Denim Jeans,4,1606.92,Delivered,
ORD-102087,2026-05-30,North,,Jaipur,grocery,Basmati Rice 5kg,2,692.51,Delivered,4
ORD-101915,04/07/2026,West,Goa,Panaji,Health & Beauty,Face Wash,1,244.82,Delivered,3
ORD-100710,2026-05-14,North,Rajasthan,Jaipur,Electronics,Smartwatch,2,4741.98,Delivered,2
ORD-101132,2026-07-17,West,Maharashtra,Mumbai,Home & Kitchen,LED Bulb Pack,1,367.67,Shipped,
ORD-104533,2026-03-11,South,Telangana,Hyderabad,Apparel,Cotton T-Shirt,1,454.58,Shipped,
ORD-103873,11/07/2026,East,West Bengal,  Kolkata ,Apparel,Running Shoes,2,2959.55,Delivered,6
ORD-100550,09-Aug-2026,North,Rajasthan,JAIPUR,  Grocery ,Basmati Rice 5kg,5,674.49,  Delivered ,2
ORD-102598,2026-03-11,East,Odisha,Bhubaneswar,Health & Beauty,Shampoo 400ml,1,427.60,shipped,
ORD-104293,02/01/2026,West,Gujarat,  Ahmedabad ,grocery,Atta 10kg,2,493.32,Delivered,3
ORD-102208,14/07/2026,North,Chandigarh,Chandigarh,HEALTH & BEAUTY,Hair Dryer,2,1628.37,Delivered,4
ORD-102525,2026-05-17,South,KARNATAKA,Bengaluru,Grocery,Atta 10kg,3,520.61,Delivered,2
ORD-102442,04/08/2026,North,Uttar Pradesh,Lucknow,Health & Beauty,  Hair Dryer ,1,1617.71,Delivered,
ORD-101193,30/04/2026,North,Uttar Pradesh,Lucknow,  Grocery ,Basmati Rice 5kg,4,676.84,Delivered,4
ORD-102134,2026-06-24,South,Kerala,Kochi,Electronics,Smartphone,3,17705.78,Delivered,3
ORD-101413,2026-06-04,WEST,Goa,Panaji,Grocery,Dry Fruits 500g,5,874.56,  Returned ,5
ORD-102171,09-Jun-2026,south,Kerala,Kochi,  Home & Kitchen ,Bedsheet Set,1,1264.31,Delivered,3
ORD-101999,21-Sep-2026,Central,  Madhya Pradesh ,Bhopal,Home & Kitchen,Bedsheet Set,4,1302.04,  Delivered ,3
ORD-100204,2026-06-10,West,  Goa ,Panaji,Home & Kitchen,Pressure Cooker,1,1820.52,Delivered,3
ORD-100884,2026-08-11,West,Goa,Panaji,Electronics,smartwatch,2,4514.14,In Transit,
ORD-101284,31/07/2026,West,Gujarat,Ahmedabad,Home & Kitchen,mixer grinder,1,3402.76,Cancelled,
ORD-100607,15/03/2026,North,Delhi,Delhi,Health & Beauty,Sunscreen,1,455.56,Cancelled,
ORD-100205,2026-08-14,West,Goa,Panaji,Grocery,Cooking Oil 1L,2,207.89,Delivered,3
ORD-102183,05/07/2026,West,Gujarat,Ahmedabad,Grocery,Basmati Rice 5kg,3,599.14,Delivered,2
ORD-103586,2026-02-24,West,Goa,Panaji,Grocery,Dry Fruits 500g,4,776.89,Cancelled,
ORD-101974,2026-09-10,South,Kerala,  Kochi ,Apparel,Denim Jeans,1,1439.97,Delivered,1
ORD-103722,01/04/2026,west,Maharashtra,pune,grocery,atta 10kg,2,544.81,Delivered,2
ORD-101470,26-May-2026,  West ,  Maharashtra ,Pune,groceries,Atta 10kg,2,527.28,Shipped,
ORD-102392,2026-02-01,North,Rajasthan,Jaipur,Grocery,Green Tea 100 Bags,2,320.58,Delivered,
ORD-104851,2026-06-05,North,Delhi,Delhi,Health & Beauty,Sunscreen,1,444.57,Shipped,
ORD-100305,26/03/2026,West,Maharashtra,MUMBAI,Grocery,  Basmati Rice 5kg ,5,625.69,Delivered,1
ORD-101006,2026-08-04,West,MAHARASHTRA,Pune,Health & Beauty,Face Wash,2,237.34,Delivered,
ORD-102460,2026-04-05,North,Delhi,Delhi,Apparel,Kurta,1,825.74,Completed,3
ORD-104067,2026-01-24,East,odisha,Bhubaneswar,Health & Beauty,Sunscreen,1,463.79,Delivered,4
ORD-101590,2026-09-09,east,Bihar,Patna,Grocery,  Cooking Oil 1L ,1,206.44,Shipped,
ORD-102624,2026-05-19,South,,Chennai,Grocery,Basmati Rice 5kg,3,623.72,Delivered,4
ORD-100779,07-Aug-2026,North,Haryana,Gurugram,Health & Beauty,Sunscreen,1,438.63,Cancelled,
ORD-101979,2026-06-01,West,Maharashtra,Mumbai,Groceries,Dry Fruits 500g,4,764.69,Returned,3
ORD-101803,2026-05-16,Central,Madhya Pradesh,Indore,Apparel,Running Shoes,1,3263.26,Delivered,1
ORD-104731,2026-02-14,South,kerala,Kochi,Home & Kitchen,non-stick pan,4,952.52,Delivered,1
ORD-101558,2026-09-14,South,  Karnataka ,Bengaluru,Grocery,  Atta 10kg ,1,492.02,DELIVERED,3
ORD-103296,2026-02-25,Central,Chhattisgarh,Raipur,APPAREL,Winter Jacket,3,2693.17,Delivered,4
ORD-100034,11/09/2026,West,Maharashtra,Mumbai,Electronics,  Power Bank ,5,1272.02,Delivered,2
ORD-101099,2026-09-08,South,Telangana,Hyderabad,Grocery,Dry Fruits 500g,5,756.82,Delivered,3
ORD-100589,2026-07-26,South,karnataka,Bengaluru,Electronics,Smartwatch,3,5086.87,Shipped,
ORD-104938,2026-06-07,West,Maharashtra,Pune,Electronics,Wireless Earbuds,2,2442.19,Shipped,
ORD-103422,2026-06-10,N,Uttar Pradesh,Lucknow,Grocery,Cooking Oil 1L,2,195.43,Delivered,2
ORD-104037,2026-04-09,  Southern ,Karnataka,Bengaluru,Groceries,Atta 10kg,5,536.04,Delivered,2
ORD-102858,2026-09-27,West,  Goa ,Panaji,Grocery,Atta 10kg,3,499.21,Delivered,2
ORD-104807,2026-07-31,Central,Madhya Pradesh,Bhopal,Apparel,Denim Jeans,3,1567.49,Delivered,
ORD-101259,2026-05-07,South,Kerala,Kochi,  Apparel ,Running Shoes,2,3102.53,Delivered,5
ORD-101240,27-Jul-2026,Western,Maharashtra,Pune,Electronics,Bluetooth Speaker,1,2845.73,In Transit,
ORD-100520,2026-03-22,South,Kerala,Kochi,Apparel,Winter Jacket,3,2299.95,Delivered,3
ORD-103742,2026-02-26,South,Telangana,Hyderabad,Health & Beauty,Shampoo 400ml,1,359.91,Delivered,1
ORD-100611,2026-06-27,East,Assam,Guwahati,Grocery,Basmati Rice 5kg,3,674.73,DELIVERED,4
ORD-104876,2026-06-15,Central,Chhattisgarh,Raipur,Grocery,Dry Fruits 500g,4,727.12,Delivered,2
ORD-100367,2026-08-21,East,West Bengal,Kolkata,Electronics,Smartphone,2,19141.40,Delivered,6
ORD-103372,05/09/2026,South,Kerala,kochi,Health & Beauty,Face Wash,7,242.81,Pending,
ORD-102996,2026-07-17,North,Uttar Pradesh,Lucknow,  Grocery ,Cooking Oil 1L,4,202.61,delivered,1
ORD-101725,2026-02-17,West,Maharashtra,MUMBAI,Apparel,Denim Jeans,2,1645.10,DELIVERED,3
ORD-102284,2026-03-11,east,West Bengal,Kolkata,Apparel,Cotton T-Shirt,1,487.72,Delivered,5
ORD-101304,2026-07-28,North,Haryana,Gurgaon,Grocery,Dry Fruits 500g,3,731.57,Shipped,
ORD-102537,2026-05-18,  South ,  Telangana ,Hyderabad,Apparel,Kurta,2,938.98,Delivered,4
ORD-101980,2026-08-20,South,Kerala,Kochi,Electronics,Power Bank,1,1297.24,Delivered,1
ORD-103310,2026-08-27,South,Kerala,Kochi,Health & Beauty,Shampoo 400ml,1,375.12,delivered,1
ORD-103295,2026-06-14,west,,Pune,Health & Beauty,Sunscreen,1,482.56,Shipped,
ORD-103214,2026-03-21,East,  Odisha ,Bhubaneswar,Grocery,Basmati Rice 5kg,2,625.46,DELIVERED,4
ORD-103271,2026-08-11,East,Assam,  Guwahati ,Electronics,Power Bank,2,1216.31,Pending,
ORD-101708,2026-03-09,West,  Goa ,PANAJI,Electronics,WIRELESS EARBUDS,2,2572.59,Delivered,3
ORD-104161,2026-04-13,East,Odisha,Bhubaneswar,Health & Beauty,Shampoo 400ml,1,405.65,Delivered,3
ORD-100437,25/07/2026,West,Goa,Panaji,Grocery,Dry Fruits 500g,3,811.19,Delivered,2
ORD-103961,2026-03-09,West,Maharashtra,Mumbai,Grocery,Dry Fruits 500g,2,724.98,Delivered,2
ORD-102940,2026-06-27,East,Bihar,Patna,Electronics,Bluetooth Speaker,5,2829.87,completed,3
ORD-100047,27/08/2026,  South ,KARNATAKA,Bengaluru,ELECTRONICS,Wireless Earbuds,3,2585.10,Delivered,
ORD-103236,2026-09-09,South,Kerala,Kochi,Grocery,Cooking Oil 1L,6,180.04,Delivered,2
ORD-101163,26/06/2026,North,Rajasthan,Jaipur,Grocery,Atta 10kg,3,486.24,Delivered,2
ORD-102612,2026-03-13,North,Rajasthan,Jaipur,  Health & Beauty ,Hair Dryer,3,1457.92,Delivered,4
ORD-103642,05/09/2026,Central,Madhya Pradesh,Bhopal,Electronics,Power Bank,1,1396.74,Delivered,6
ORD-103007,2026-08-10,West,Gujarat,Ahmedabad,Grocery,Atta 10kg,4,453.61,Shipped,
ORD-101695,14-Apr-2026,  West ,Gujarat,Ahmedabad,Apparel,Winter Jacket,1,2373.61,Delivered,3
ORD-102797,2026-05-23,East,Bihar,Patna,Home & Kitchen,LED Bulb Pack,4,429.88,Pending,
ORD-103800,2026-04-07,North,Uttar Pradesh,lucknow,Health & Beauty,face wash,1,244.00,  Delivered ,2
ORD-101766,2026-06-09,West,Maharashtra,Mumbai,Grocery,Cooking Oil 1L,4,196.77,Delivered,2
ORD-102444,2026-04-20,East,odisha,Bhubaneswar,Home & Kitchen,Non-Stick Pan,1,945.50,Completed,4
ORD-101072,2026-02-10,West,Maharashtra,Pune,Home and Kitchen,LED Bulb Pack,1,375.82,Delivered,4
ORD-102814,2026-08-21,  South ,Tamil Nadu,Chennai,health & beauty,Face Wash,1,263.32,Delivered,1
ORD-102034,2026-01-06,South,Tamil Nadu,Chennai,Apparel,Kurta,1,934.06,Delivered,3
ORD-100349,2026-09-21,  North ,Uttar Pradesh,Lucknow,Health & Beauty,Sunscreen,2,455.11,Delivered,1
ORD-101928,2026-07-25,South,  Karnataka ,Bangalore,Grocery,Green Tea 100 Bags,2,322.25,Delivered,2
ORD-104502,2026-04-24,South,Karnataka,Bengaluru,Health & Beauty,Vitamin C Tablets,2,525.69,Delivered,2
ORD-102224,2026-08-19,South,Telangana,Hyderabad,Home & Kitchen,Bedsheet Set,1,1196.70,Shipped,
ORD-100823,2026-05-05,North,Uttar Pradesh,Lucknow,Electronics,Bluetooth Speaker,1,2973.84,DELIVERED,1
ORD-100675,2026-06-06,South,Tamil Nadu,Chennai,Apparel,Cotton T-Shirt,3,524.24,In Transit,
ORD-101930,19-Jun-2026,east,West Bengal,Kolkata,Health & Beauty,Shampoo 400ml,2,416.82,delivered,4
ORD-103779,2026-05-14,West,Goa,Panaji,electronics,Power Bank,3,1225.44,Delivered,2
ORD-101401,2026-01-25,North,Delhi,Delhi,Health & Beauty,Shampoo 400ml,2,390.61,in transit,
ORD-101354,2026-06-06,South,Telangana,Hyderabad,Apparel,WINTER JACKET,1,2319.41,  Delivered ,5
ORD-101453,2026-09-16,North,Haryana,Gurugram,Electronics,Bluetooth Speaker,4,3051.49,Delivered,1
ORD-104581,2026-01-31,North,Uttar Pradesh,Lucknow,Electronics,Wireless Earbuds,3,2563.69,Delivered,3
ORD-100020,24/09/2026,West,  Gujarat ,Ahmedabad,Home & Kitchen,Non-Stick Pan,2,1056.43,Delivered,3
ORD-102992,2027-03-15,Central,Chhattisgarh,  Raipur ,Electronics,Smartwatch,2,5270.82,Delivered,
ORD-100961,11/09/2026,Central,Madhya Pradesh,Bhopal,Grocery,Basmati Rice 5kg,4,634.51,Delivered,3
ORD-100143,2026-06-20,North,Chandigarh,Chandigarh,Apparel,Running Shoes,1,2731.72,DELIVERED,2
ORD-102543,2026-01-20,Central,Madhya Pradesh,Indore,Health & Beauty,Vitamin C Tablets,3,575.92,Delivered,2
ORD-103469,2026-01-23,Central,Madhya Pradesh,Indore,Apparel,Denim Jeans,1,1476.20,Delivered,4
ORD-100412,2026-09-01,Central,maharashtra,Nagpur,Grocery,Dry Fruits 500g,3,864.84,Cancelled,
ORD-100100,2026-09-16,East,Bihar,Patna,Apparel,  Kurta ,1,969.58,Delivered,7
ORD-100083,2026-02-17,South,Tamil Nadu,  Chennai ,Apparel,Cotton T-Shirt,2,496.54,  Pending ,
ORD-104640,05/07/2026,South,Telangana,Hyderabad,Electronics,Bluetooth Speaker,3,3081.87,Returned,1
ORD-102939,2026-02-11,South,Tamil Nadu,Chennai,Home & Kitchen,LED Bulb Pack,1,398.19,Delivered,3
ORD-104299,2026-07-16,West,Goa,Panaji,Apparel,Cotton T-Shirt,1,534.13,Delivered,2
ORD-104882,14-Jun-2026,South,Telangana,  Hyderabad ,Apparel,Denim Jeans,1,1577.49,Delivered,2
ORD-101370,2026-09-20,South,Telangana,Hyderabad,  Grocery ,Green Tea 100 Bags,5,375.17,  Delivered ,
ORD-100431,2026-05-19,Central,Maharashtra,Nagpur,Electronics,Bluetooth Speaker,1,3278.75,Delivered,3
ORD-104682,2026-08-23,Central,,Indore,Health & Beauty,Hair Dryer,1,1586.07,Delivered,3
ORD-100256,29-May-2026,Central,madhya pradesh,Bhopal,  Electronics ,Bluetooth Speaker,2,2776.62,delivered,4
ORD-103809,13-Jun-2026,West,Gujarat,ahmedabad,Home & Kitchen,Pressure Cooker,2,1870.98,Returned,2
ORD-103503,11/09/2026,North,Chandigarh,Chandigarh,Electronics,  Smartphone ,2,18162.57,Delivered,5
ORD-102415,2026-05-25,East,Odisha,Bhubaneswar,Electronics,Power Bank,1,1319.25,Returned,3
ORD-103115,26-Aug-2026,East,bihar,Patna,Home & Kitchen,LED Bulb Pack,2,388.26,Delivered,6
ORD-104693,15/04/2026,West,gujarat,  Ahmedabad ,Grocery,Cooking Oil 1L,6,199.17,delivered,
ORD-104628,15/06/2026,NORTH,Delhi,New Delhi,Apparel,Denim Jeans,2,1628.68,Pending,
ORD-101331,2026-09-05,North,haryana,Gurugram,Grocery,  Green Tea 100 Bags ,2,341.25,Delivered,1
ORD-103646,2026-03-16,South,Karnataka,Bengaluru,grocery,Basmati Rice 5kg,5,699.63,Pending,
ORD-101014,2026-03-10,North,Haryana,Gurugram,Apparel,Denim Jeans,1,1573.68,Delivered,2
ORD-102583,28/06/2026,north,Rajasthan,Jaipur,Grocery,Atta 10kg,5,475.92,Delivered,2
ORD-102184,2026-08-25,Central,Chhattisgarh,Raipur,GROCERY,Dry Fruits 500g,2,806.82,Delivered,3
ORD-102581,2026-06-22,South,Tamil Nadu,Madras,Home & Kitchen,Mixer Grinder,1,3630.31,Delivered,6
ORD-103324,30/03/2026,East,  Odisha ,  Bhubaneswar ,grocery,Atta 10kg,1,515.08,Pending,
ORD-101232,2026-07-19,South,  Tamil Nadu ,Madras,Health & Beauty,hair dryer,1,1700.67,Pending,
ORD-101435,2026-07-19,North,Rajasthan,Jaipur,Grocery,  Atta 10kg ,1,453.25,Completed,4
ORD-100332,2026-05-26,South,Tamil Nadu,Chennai,Grocery,Dry Fruits 500g,2,863.00,cancelled,
ORD-100764,31/01/2026,South,Karnataka,Bengaluru,Health & Beauty,Shampoo 400ml,2,395.21,Delivered,3
ORD-103235,02/02/2026,North,Uttar Pradesh,Lucknow,Home & Kitchen,LED Bulb Pack,3,N/A,Delivered,4
ORD-100527,2026-03-21,East,West Bengal,Kolkata,Apparel,Kurta,1,809.90,Shipped,
ORD-102243,25/05/2026,east,Bihar,Patna,Electronics,bluetooth speaker,1,3246.44,Shipped,
ORD-102152,2026-09-21,West,Maharashtra,Mumbai,,Pressure Cooker,1,1739.08,Delivered,1
ORD-102648,18/05/2026,West,Goa,Panaji,Electronics,Wireless Earbuds,2,2540.54,Delivered,6
ORD-102465,2026-04-27,SOUTH,telangana,  Hyderabad ,  Health & Beauty ,Hair Dryer,2,1657.25,Shipped,
ORD-100881,2026-07-23,West,Maharashtra,Pune,Home & Kitchen,Mixer Grinder,4,3341.54,COMPLETED,3
ORD-102202,2026-05-30,Central,Maharashtra,Nagpur,Electronics,smartphone,1,20334.92,Delivered,3
ORD-103121,2026-07-16,CENTRAL,Madhya Pradesh,Indore,Apparel,Cotton T-Shirt,3,511.33,  Pending ,
ORD-104409,13/02/2026,East,Assam,  Guwahati ,Apparel,Denim Jeans,abc,1437.76,Delivered,3
ORD-104700,2026-08-28,North,Uttar Pradesh,Lucknow,HOME & KITCHEN,PRESSURE COOKER,2,1956.62,Pending,
ORD-104462,2026-04-14,North,Delhi,Delhi,Electronics,Smartphone,1,20271.16,Delivered,5
ORD-102370,2026-09-30,East,Bihar,Patna,Health & Beauty,Vitamin C Tablets,1,533.86,Delivered,7
ORD-104926,01-Feb-2026,North,Delhi,Delhi,Apparel,Kurta,1,963.23,Shipped,
ORD-102081,2026-08-29,N,Uttar Pradesh,Lucknow,Home & Kitchen,  Pressure Cooker ,1,1730.66,DELIVERED,2
ORD-102776,2026-05-29,  East ,  West Bengal ,Kolkata,Electronics,smartwatch,5,4906.12,Cancelled,
ORD-102994,2026-07-08,West,Maharashtra,Pune,Apparel,kurta,1,959.31,Pending,
ORD-100160,2026-08-16,East,Odisha,Bhubaneswar,Home & Kitchen,Bedsheet Set,1,1208.20,Shipped,
ORD-101118,2026-01-28,South,Telangana,hyderabad,Electronics,Smartwatch,3,4800.38,delivered,4
ORD-101467,2026-02-19,North,Delhi,Delhi,Home & Kitchen,Pressure Cooker,2,1794.34,Delivered,2
ORD-101713,22/09/2026,Central,Maharashtra,Nagpur,Electronics,Power Bank,2,1389.91,  Delivered ,4
ORD-100748,30/07/2026,south,Karnataka,Bengaluru,Home & Kitchen,Pressure Cooker,4,1716.49,Shipped,
ORD-103754,18/04/2026,North,RAJASTHAN,Jaipur,Apparel,Cotton T-Shirt,1,473.11,  Delivered ,1
ORD-100260,2026-07-05,N,Uttar Pradesh,lucknow,Home & Kitchen,Mixer Grinder,2,3841.74,Delivered,2
ORD-104447,2026-08-29,South,  Telangana ,Hyderabad,Electronics,Wireless Earbuds,2,2616.75,Delivered,1
ORD-104684,2026-05-19,South,Karnataka,Bengaluru,Grocery,Cooking Oil 1L,2,182.65,Delivered,1
ORD-100459,2026-01-28,West,Goa,PANAJI,Electronics,bluetooth speaker,1,2878.55,Delivered,3
ORD-100716,2026-09-18,North,Haryana,Gurugram,Grocery,Cooking Oil 1L,5,190.15,Pending,
ORD-101629,2026-08-30,South,Telangana,hyderabad,Home & Kitchen,Pressure Cooker,1,2079.36,IN TRANSIT,
ORD-104327,2026-04-17,South,Kerala,Kochi,Health and Beauty,Face Wash,4,254.62,Delivered,3
ORD-101507,22/03/2026,East,Bihar,Patna,Grocery,Atta 10kg,6,508.98,Shipped,
ORD-103222,17/02/2026,West,,Ahmedabad,Home & Kitchen,Mixer Grinder,1,3756.51,Delivered,
ORD-103956,18-May-2026,E,Bihar,Patna,Grocery,Dry Fruits 500g,5,797.68,Delivered,3
ORD-102594,2026-02-07,South,Telangana,Hyderabad,Apparel,Denim Jeans,1,1553.79,Delivered,3
ORD-102739,12-Apr-2026,South,Tamil Nadu,CHENNAI,Home & Kitchen,Pressure Cooker,1,1816.43,Shipped,
ORD-100546,2026-03-25,West,Gujarat,Ahmedabad,Home & Kitchen,Mixer Grinder,1,3335.93,Pending,
ORD-101173,2026-06-10,South,Tamil Nadu,Chennai,Apparel,Running Shoes,3,2816.42,Returned,4
ORD-100132,2026-06-23,Central,Madhya Pradesh,Bhopal,Electronics,Bluetooth Speaker,3,2784.61,delivered,
ORD-104825,2026-04-22,North,Haryana,Gurugram,Grocery,Cooking Oil 1L,3,172.28,Delivered,2
ORD-102527,2026-07-11,West,maharashtra,PUNE,Electronics,Smartphone,2,20022.39,Delivered,1
ORD-102338,2026-04-29,East,ODISHA,BHUBANESWAR,Grocery,Basmati Rice 5kg,3,662.56,Cancelled,
ORD-104499,31-Jul-2026,South,Tamil Nadu,Chennai,Grocery,Green Tea 100 Bags,1,342.26,Delivered,2
ORD-102464,2026-07-17,Central,madhya pradesh,Bhopal,Grocery,Basmati Rice 5kg,3,602.49,Completed,3
ORD-101377,17/05/2026,North,Uttar Pradesh,Lucknow,ELECTRONICS,Smartphone,2,17235.26,  Delivered ,3
ORD-100489,27/04/2026,  South ,Kerala,Kochi,Apparel,Cotton T-Shirt,1,449.47,Delivered,3
ORD-104494,2026-08-29,West,Maharashtra,Pune,Apparel,Denim Jeans,1,1611.27,Delivered,3
ORD-103736,2026-08-12,south,Kerala,Kochi,Home & Kitchen,Pressure Cooker,1,1882.09,Delivered,2
ORD-101841,2026-03-13,North,  Uttar Pradesh ,Lucknow,Health & Beauty,Vitamin C Tablets,2,585.27,Cancelled,
ORD-102731,2026-07-09,North,uttar pradesh,Lucknow,Electronics,Bluetooth Speaker,2,3196.71,Delivered,2
ORD-104525,2026-03-08,West,Maharashtra,Mumbai,Apparel,Running Shoes,1,2959.30,Delivered,2
ORD-101716,2026-03-07,North,HARYANA,Gurugram,Electronics,Wireless Earbuds,2,2381.33,  Delivered ,1
ORD-102952,2026-02-20,southern,Kerala,kochi,Grocery,Atta 10kg,2,532.78,Delivered,2
ORD-102365,18/08/2026,West,Goa,,clothing,Running Shoes,2,2805.41,Delivered,4
ORD-101144,11/09/2026,North,Haryana,GURUGRAM,Electronics,Wireless Earbuds,2,2637.41,Delivered,2
ORD-102510,2026-06-27,West,Maharashtra,Pune,  Grocery ,Green Tea 100 Bags,3,383.27,Delivered,1
ORD-100811,2026-08-24,  West ,Maharashtra,Mumbai,Apparel,Denim Jeans,5,1496.42,Cancelled,
ORD-100093,2026-04-09,Central,Chhattisgarh,Raipur,Grocery,Green Tea 100 Bags,1,375.26,Completed,4
ORD-102335,2026-03-22,North,delhi,Delhi,grocery,Atta 10kg,1,516.74,Pending,
ORD-102852,2026-07-04,North,Chandigarh,Chandigarh,Electronics,Smartwatch,1,5125.55,PENDING,
ORD-102466,2026-06-15,WESTERN,Gujarat,Ahmedabad,Electronics,Power Bank,2,1192.18,Delivered,2
ORD-103120,20/04/2026,West,Gujarat,Ahmedabad,Grocery,Green Tea 100 Bags,3,369.24,Returned,2
ORD-104752,05/01/2026,Central,Chhattisgarh,Raipur,Electronics,Wireless Earbuds,2,2660.05,Delivered,3
ORD-104552,22/01/2026,Central,,Raipur,Health & Beauty,Shampoo 400ml,2,397.99,Delivered,3
ORD-104691,2026-04-21,West,Maharashtra,Bombay,Apparel,Winter Jacket,1,2324.21,Delivered,2
ORD-103240,2026-05-24,West,  Gujarat ,Ahmedabad,Health & Beauty,Face Wash,4,236.45,Delivered,1
ORD-101885,2026-02-08,West,Maharashtra,Pune,Health & Beauty,Face Wash,2,251.94,Delivered,2
ORD-104791,2026-05-20,Central,Madhya Pradesh,Bhopal,Electronics,SMARTPHONE,1,20385.61,Pending,
ORD-102746,04-Jul-2026,EAST,  Bihar ,Patna,Grocery,  Basmati Rice 5kg ,2,612.36,Completed,5
ORD-104870,yesterday,West,Maharashtra,Mumbai,Electronics,Power Bank,3,1322.36,Delivered,
ORD-101461,23-Apr-2026,  N ,Rajasthan,Jaipur,Grocery,Green Tea 100 Bags,5,359.56,Cancelled,
ORD-101874,11/05/2026,West,Maharashtra,Mumbai,Home & Kitchen,Bedsheet Set,2,1267.00,Delivered,4
ORD-103960,2026-03-17,west,Maharashtra,mumbai,Grocery,Basmati Rice 5kg,2,609.64,Delivered,3
ORD-100740,2026-09-22,Central,MADHYA PRADESH,Indore,Electronics,Smartwatch,1,4606.62,Returned,2
ORD-101047,25-Sep-2026,Central,Chhattisgarh,Raipur,Grocery,Basmati Rice 5kg,2,619.15,Pending,
ORD-102865,19/01/2026,South,Kerala,Kochi,Grocery,Green Tea 100 Bags,4,316.04,Pending,
ORD-104019,2026-05-27,N,Rajasthan,Jaipur,health & beauty,VITAMIN C TABLETS,2,577.93,Returned,5
ORD-103518,02-Jul-2026,South,karnataka,Bengaluru,Grocery,Cooking Oil 1L,4,179.97,delivered,4
ORD-101601,27-Sep-2026,North,Haryana,Gurugram,Grocery,Green Tea 100 Bags,1,370.82,Shipped,
ORD-104622,06/04/2026,North,Uttar Pradesh,  Lucknow ,Apparel,Kurta,2,927.87,Delivered,4
ORD-104417,2026-08-01,West,Gujarat,Ahmedabad,home & kitchen,Non-Stick Pan,1,940.23,Pending,
ORD-102018,2026-06-10,Central,Maharashtra,Nagpur,  Electronics ,Wireless Earbuds,5,2297.64,Cancelled,
ORD-100965,25/05/2026,Central,Madhya Pradesh,Bhopal,Health & Beauty,Shampoo 400ml,5,397.65,Delivered,2
ORD-100794,2026-05-29,West,Maharashtra,pune,Electronics,Smartphone,3,20456.99,Delivered,1
ORD-103868,12/01/2026,West,Maharashtra,Pune,Health & Beauty,Vitamin C Tablets,1,503.18,  Delivered ,
ORD-100671,2026-02-26,South,Tamil Nadu,Chennai,Health & Beauty,Hair Dryer,2,1569.62,Delivered,4
ORD-104489,30-Jun-2026,CENTRAL,Maharashtra,Nagpur,Home & Kitchen,LED Bulb Pack,1,377.29,Cancelled,
ORD-104449,2026-06-11,South,Karnataka,Bengaluru,Home & Kitchen,Pressure Cooker,2,1921.98,Delivered,3
ORD-103698,2026-05-31,North,Uttar Pradesh,LUCKNOW,Home & Kitchen,Pressure Cooker,1,1881.81,Delivered,3
ORD-100775,01/04/2026,South,  Karnataka ,Bengaluru,Grocery,Basmati Rice 5kg,3,685.52,Delivered,4
ORD-101406,2026-08-10,North,Uttar Pradesh,Lucknow,  Electronics ,Wireless Earbuds,2,2395.17,Shipped,
ORD-100502,18/05/2026,Central,Maharashtra,Nagpur,  Grocery ,Dry Fruits 500g,7,846.11,Delivered,3
ORD-100035,20/03/2026,East,Bihar,patna,Home & Kitchen,Non-Stick Pan,4,1002.40,Cancelled,
ORD-104143,2026-09-01,West,Goa,Panaji,Electronics,Power Bank,3,1368.30,Delivered,2
ORD-103607,2026-02-06,North,Rajasthan,Jaipur,Grocery,Dry Fruits 500g,4,N/A,Pending,
ORD-100590,2026-03-01,Central,Madhya Pradesh,Bhopal,Electronics,Smartwatch,3,5399.57,Delivered,3
ORD-103430,yesterday,West,Gujarat,Ahmedabad,Grocery,Basmati Rice 5kg,3,660.57,CANCELLED,
ORD-104614,2027-03-15,North,Rajasthan,Jaipur,Groceries,Dry Fruits 500g,5,847.54,Delivered,4
ORD-101653,2026-09-24,South,Kerala,Kochi,Electronics,Bluetooth Speaker,1,2871.26,Delivered,4
ORD-101767,2026-04-13,central,Chhattisgarh,Raipur,Grocery,Atta 10kg,1,531.54,delivered,5
ORD-102400,07-Jun-2026,South,Tamil Nadu,Chennai,ELECTRONICS,Power Bank,2,1402.60,Pending,
ORD-103832,2026-08-22,WEST,Gujarat,Ahmedabad,health & beauty,Sunscreen,-3,449.79,Delivered,3
ORD-102791,30-Mar-2026,South,Kerala,Kochi,Apparel,Kurta,4,899.72,Delivered,2
ORD-103777,2026-01-21,central,Maharashtra,Nagpur,Apparel,Denim Jeans,3,1413.22,Delivered,3
ORD-103942,2026-04-09,North,Rajasthan,Jaipur,Home & Kitchen,Non-Stick Pan,2,930.04,Canceled,
ORD-101307,17/05/2026,East,West Bengal,  Kolkata ,Health & Beauty,Face Wash,2,261.73,Delivered,3
ORD-101757,09/07/2026,East,West Bengal,Kolkata,Home & Kitchen,Mixer Grinder,3,3742.54,Pending,
ORD-101427,2026-09-16,North,Delhi,Delhi,Clothing,Running Shoes,2,3209.36,In Transit,
ORD-102382,2026-03-13,South,Tamil Nadu,Chennai,Grocery,Cooking Oil 1L,4,170.71,  Delivered ,1
ORD-101441,01/06/2026,West,Maharashtra,Pune,Home & Kitchen,Bedsheet Set,1,1265.36,Delivered,2
ORD-104908,29/01/2026,South,TAMIL NADU,Madras,Home & Kitchen,Mixer Grinder,1,3381.98,Delivered,5
ORD-103449,2026-08-15,East,West Bengal,Kolkata,Health & Beauty,FACE WASH,1,246.90,Delivered,7
ORD-100634,01-Apr-2026,Central,Madhya Pradesh,Indore,Apparel,Kurta,6,813.70,  Delivered ,6
ORD-102571,2026-05-21,Central,Madhya Pradesh,Indore,Grocery,  Green Tea 100 Bags ,1,314.57,Shipped,
ORD-100999,2026-02-10,Central,Madhya Pradesh,Indore,Electronics,Smartwatch,1,5060.37,Delivered,5
ORD-101252,2026-03-18,North,Haryana,Gurugram,Home & Kitchen,LED Bulb Pack,4,422.03,Delivered,4
ORD-104466,2026-08-28,East,West Bengal,Kolkata,HOME & KITCHEN,LED Bulb Pack,1,409.84,Delivered,8
ORD-102040,23/05/2026,Central,Madhya Pradesh,Indore,Home & Kitchen,Bedsheet Set,1,1160.94,Delivered,6
ORD-100577,2026-05-07,West,Goa,  Panaji ,Home & Kitchen,Bedsheet Set,2,1102.55,Delivered,2
ORD-102582,07/06/2026,  South ,KARNATAKA,Bengaluru,Electronics,Bluetooth Speaker,1,3090.83,Delivered,2
ORD-101825,2026-08-22,West,Gujarat,AHMEDABAD,Home & Kitchen,Pressure Cooker,2,2082.91,Delivered,2
ORD-101993,12-Sep-2026,East,Bihar,Patna,Electronics,Wireless Earbuds,1,2702.54,Delivered,7
ORD-101034,31/03/2026,North,Delhi,Delhi,Health & Beauty,Face Wash,1,259.56,Delivered,4
ORD-104802,2026-04-10,South,  Telangana ,Hyderabad,electronics,Smartphone,2,17575.73,Shipped,
ORD-102970,2026-07-07,West,Gujarat,Ahmedabad,Grocery,  Basmati Rice 5kg ,4,597.37,Delivered,1
ORD-100442,18/05/2026,WEST,Goa,panaji,Electronics,Smartwatch,1,5270.16,Delivered,1
ORD-100486,2026-09-25,North,Haryana,  Gurugram ,Grocery,Cooking Oil 1L,4,188.96,  Delivered ,4
ORD-104044,2026-09-19,South,Karnataka,BENGALURU,Groceries,Dry Fruits 500g,1,742.71,Delivered,5
ORD-100026,23/05/2026,north,Uttar Pradesh,Lucknow,Grocery,Green Tea 100 Bags,4,363.89,Completed,4
ORD-103980,2026-06-26,North,Delhi,New Delhi,GROCERY,BASMATI RICE 5KG,1,665.52,Delivered,3
ORD-101762,2026-05-26,East,Odisha,Bhubaneswar,Home & Kitchen,led bulb pack,2,392.82,Delivered,4
ORD-101846,2026-05-09,North,Rajasthan,Jaipur,Grocery,Cooking Oil 1L,1,173.22,Canceled,
ORD-102373,09/04/2026,North,Delhi,Delhi,Grocery,Dry Fruits 500g,4,811.23,delivered,1
ORD-103853,2026-01-23,South,Telangana,hyderabad,Apparel,Winter Jacket,1,2492.63,Delivered,3
ORD-103688,29/05/2026,West,Maharashtra,Pune,Grocery,Atta 10kg,2,470.78,Cancelled,
ORD-103298,2026-05-11,South,tamil nadu,Chennai,Grocery,green tea 100 bags,4,324.47,Cancelled,
ORD-101278,2026-06-11,West,Maharashtra,Bombay,Grocery,Basmati Rice 5kg,4,592.74,Completed,2
ORD-104625,2026-08-21,West,Maharashtra,Pune,  Apparel ,Winter Jacket,1,2318.94,Delivered,3
ORD-102880,2026-09-22,Western,Maharashtra,Mumbai,electronics,Smartphone,1,17357.57,Cancelled,
ORD-101127,19/08/2026,South,Telangana,Hyderabad,Grocery,Cooking Oil 1L,6,200.76,Delivered,3
ORD-103834,17-Feb-2026,West,Maharashtra,Pune,Electronics,Bluetooth Speaker,1,3104.38,Completed,3
ORD-101172,2026-08-06,Central,Chhattisgarh,Raipur,Apparel,Denim Jeans,1,1631.47,Delivered,4
ORD-103054,2026-07-31,East,ODISHA,Bhubaneswar,Grocery,Atta 10kg,5,484.44,Delivered,1
ORD-101242,2026-07-12,East,ODISHA,bhubaneswar,Health & Beauty,Face Wash,1,225.19,Completed,3
ORD-104142,2026-05-04,North,Haryana,Gurugram,Home & Kitchen,Mixer Grinder,3,3794.08,Delivered,1
ORD-101790,2026-04-04,Central,  Madhya Pradesh ,Indore,Apparel,Kurta,1,861.86,Delivered,4
ORD-101822,2026-05-30,North,Haryana,Gurugram,Home & Kitchen,  LED Bulb Pack ,1,368.09,delivered,5
ORD-100994,2026-07-12,North,Delhi,Delhi,Grocery,  Cooking Oil 1L ,4,181.07,delivered,3
ORD-103362,2026-09-14,South,Tamil Nadu,Chennai,Electronics,Smartwatch,1,4538.40,Delivered,
ORD-104631,28/08/2026,Central,Madhya Pradesh,Indore,Grocery,Dry Fruits 500g,3,851.98,Completed,5
ORD-103301,2026-08-08,Western,Maharashtra,Mumbai,grocery,Basmati Rice 5kg,3,615.69,Delivered,4
ORD-100214,13-Sep-2026,South,Karnataka,Bengaluru,Apparel,running shoes,1,3031.57,delivered,1
ORD-100603,24/07/2026,East,Assam,Guwahati,Electronics,Power Bank,1,1327.93,Delivered,5
ORD-104374,2026-03-05,E,Odisha,Bhubaneswar,Health & Beauty,Hair Dryer,1,1747.34,pending,
ORD-100176,2026-09-27,north,Rajasthan,Jaipur,Grocery,Green Tea 100 Bags,2,339.00,Delivered,2
ORD-100138,2026-07-23,South,TAMIL NADU,Madras,HEALTH & BEAUTY,Shampoo 400ml,1,438.85,  Delivered ,
ORD-103554,2026-04-28,South,Tamil Nadu,Chennai,Health & Beauty,Vitamin C Tablets,1,575.97,COMPLETED,2
ORD-104187,28/07/2026,West,Gujarat,Ahmedabad,Home and Kitchen,Non-Stick Pan,2,980.83,  Delivered ,3
ORD-101361,2026-03-15,South,Telangana,Hyderabad,Health & Beauty,Vitamin C Tablets,1,520.46,Delivered,1
ORD-103545,2026-08-06,North,Rajasthan,Jaipur,Grocery,Dry Fruits 500g,2,819.22,Delivered,3
ORD-100123,2026-04-23,North,Delhi,Delhi,Health & Beauty,Sunscreen,2,417.39,Delivered,2
ORD-102441,2026-08-09,East,West Bengal,Kolkata,Apparel,Denim Jeans,7,1540.87,  Delivered ,5
ORD-102681,2026-03-06,Central,Madhya Pradesh,Bhopal,health & beauty,Face Wash,3,236.64,Delivered,3
ORD-101275,2026-04-10,South,Telangana,Hyderabad,Home & Kitchen,  Pressure Cooker ,1,1773.19,Delivered,4
ORD-104924,12/09/2026,West,Goa,Panaji,Electronics,Smartwatch,3,5343.04,Delivered,2
ORD-100688,2026-08-21,Southern,Tamil Nadu,Chennai,Health & Beauty,Sunscreen,4,419.80,Delivered,2
ORD-103825,2026-04-07,North,Uttar Pradesh,Lucknow,  Grocery ,Atta 10kg,1,522.18,Delivered,2
ORD-103517,2026-08-17,North,Delhi,Delhi,Electronics,Smartwatch,2,5457.82,Delivered,1
ORD-100255,2026-07-27,West,  Gujarat ,Ahmedabad,GROCERY,Basmati Rice 5kg,3,596.53,Shipped,
ORD-101217,2026-07-16,East,Bihar,Patna,Grocery,Atta 10kg,4,513.23,Delivered,4
ORD-100780,2026-08-25,West,Gujarat,Ahmedabad,Grocery,Dry Fruits 500g,1,728.81,Delivered,1
ORD-102266,2026-07-24,West,Maharashtra,MUMBAI,Home & Kitchen,Bedsheet Set,1,1139.15,Pending,
ORD-104831,2026-03-24,West,Gujarat,  Ahmedabad ,Grocery,Dry Fruits 500g,7,751.53,Delivered,2
ORD-103597,2026-09-20,North,  Haryana ,Gurugram,Electronics,SMARTWATCH,2,4659.39,Delivered,3
ORD-102792,05/07/2026,North,Haryana,Gurugram,Grocery,Green Tea 100 Bags,2,360.62,Delivered,
ORD-103357,2026-04-15,South,Kerala,kochi,Home & Kitchen,Bedsheet Set,3,1122.98,Shipped,
ORD-102376,2026-09-20,North,Uttar Pradesh,  Lucknow ,Apparel,Kurta,2,811.16,Delivered,1
ORD-100107,2026-04-11,Western,Goa,Panaji,Apparel,Winter Jacket,1,2310.22,Pending,
ORD-100815,2026-03-12,South,Kerala,kochi,Electronics,Smartwatch,2,4788.61,Lost,3
ORD-103347,07/04/2026,East,Odisha,Bhubaneswar,Groceries,dry fruits 500g,3,867.59,Shipped,
ORD-102584,2026-02-01,West,,mumbai,  Home & Kitchen ,Pressure Cooker,1,1868.95,Delivered,2
ORD-104438,2026-07-20,South,,Hyderabad,Grocery,Green Tea 100 Bags,7,324.90,  Returned ,2
ORD-103987,16/09/2026,South,Telangana,Hyderabad,Electronics,Power Bank,1,1372.88,Shipped,
ORD-101548,2026-02-10,West,Goa,Panaji,Clothing,Cotton T-Shirt,4,514.85,Delivered,1
ORD-100126,2026-04-23,EAST,,Patna,Electronics,Power Bank,1,1317.38,Delivered,6
ORD-102683,2026-07-20,North,Rajasthan,jaipur,Grocery,Basmati Rice 5kg,4,665.71,Delivered,4
ORD-101539,23-Aug-2026,North,Rajasthan,Jaipur,Apparel,  Kurta ,1,945.29,Delivered,4
ORD-104177,2026-09-28,WEST,Maharashtra,Mumbai,Electronics,Smartphone,3,18646.96,Delivered,4
ORD-100000,07-Apr-2026,North,Chandigarh,Chandigarh,APPAREL,Winter Jacket,1,2629.52,Delivered,4
ORD-100294,07-May-2026,South,Kerala,Kochi,health & beauty,hair dryer,1,1456.32,Completed,2
ORD-100078,2026-06-21,West,Maharashtra,Mumbai,Electronics,power bank,2,1300.43,Delivered,2
ORD-102938,18/07/2026,EAST,West Bengal,kolkata,Home & Kitchen,Bedsheet Set,1,1302.86,Delivered,3
ORD-100622,2026-08-27,South,Karnataka,Bengaluru,Home & Kitchen,Mixer Grinder,2,3828.89,delivered,2
ORD-101051,2026-07-27,East,Assam,guwahati,Home & Kitchen,Bedsheet Set,3,1312.80,Delivered,3
ORD-101665,25/06/2026,North,Rajasthan,Jaipur,APPAREL,Kurta,1,935.08,Delivered,3
ORD-102673,13/06/2026,South,karnataka,Bengaluru,Home & Kitchen,Non-Stick Pan,1,1077.53,Shipped,
ORD-103997,2026-09-20,Western,Goa,Panaji,Electronics,Bluetooth Speaker,1,3097.72,Cancelled,
ORD-100196,11/07/2026,East,Odisha,Bhubaneswar,Grocery,Green Tea 100 Bags,2,383.68,Pending,
ORD-104026,21/08/2026,N,Chandigarh,CHANDIGARH,Apparel,Kurta,1,816.11,Pending,
ORD-102260,2026-06-09,CENTRAL,Madhya Pradesh,Indore,Grocery,Basmati Rice 5kg,2,622.87,Delivered,1
ORD-100270,2026-06-21,North,Chandigarh,Chandigarh,Electronics,Bluetooth Speaker,1,3058.47,Delivered,4
ORD-100628,2026-07-24,North,Chandigarh,Chandigarh,Grocery,Atta 10kg,1,482.53,Delivered,4
ORD-104356,03-Aug-2026,North,Chandigarh,Chandigarh,Apparel,Winter Jacket,3,2401.95,Delivered,2
ORD-102394,06-Sep-2026,North,chandigarh,Chandigarh,Electronics,Wireless Earbuds,2,2718.35,Cancelled,
ORD-102080,06/03/2026,South,Kerala,Kochi,Groceries,cooking oil 1l,3,193.30,Returned,2
ORD-102359,2026-04-12,Central,,Indore,Apparel,Cotton T-Shirt,1,500.52,Pending,
ORD-101443,2026-06-04,west,Maharashtra,Pune,Home and Kitchen,Bedsheet Set,1,1101.56,Delivered,
ORD-103194,2026-06-15,West,Goa,panaji,Health & Beauty,Shampoo 400ml,3,437.11,Returned,3
ORD-102967,2026-08-05,North,Chandigarh,Chandigarh,Electronics,Smartwatch,3,5367.69,Pending,
ORD-102564,2026-08-11,North,Rajasthan,Jaipur,HEALTH & BEAUTY,Hair Dryer,1,1529.53,pending,
ORD-101053,2026-08-14,South,Telangana,Hyderabad,Grocery,Cooking Oil 1L,4,190.24,Cancelled,
ORD-103612,12/07/2026,East,West Bengal,Kolkata,Home & Kitchen,Non-Stick Pan,1,962.09,Shipped,
ORD-101126,01-Sep-2026,Central,Maharashtra,Nagpur,Electronics,Power Bank,3,1213.36,SHIPPED,
ORD-104016,01-Aug-2026,East,Assam,Guwahati,Electronics,Bluetooth Speaker,1,3090.67,Delivered,6
ORD-104070,2026-01-21,North,Delhi,Delhi,Grocery,basmati rice 5kg,4,713.12,Shipped,
ORD-104917,2026-04-12,West,Goa,PANAJI,Grocery,Basmati Rice 5kg,5,613.12,DELIVERED,4
ORD-100317,25/07/2026,  South ,Telangana,Hyderabad,Apparel,Denim Jeans,2,1553.89,pending,
ORD-100175,2026-08-03,South,  Tamil Nadu ,Chennai,  Apparel ,Winter Jacket,1,2652.36,Delivered,2
ORD-100221,2026-04-13,North,RAJASTHAN,Jaipur,Electronics,Wireless Earbuds,1,2641.42,Delivered,1
ORD-100420,2026-07-06,North,Chandigarh,Chandigarh,Health & Beauty,Shampoo 400ml,1,416.96,Delivered,2
ORD-102231,2026-06-22,  North ,Chandigarh,Chandigarh,Electronics,Power Bank,2,1363.48,Delivered,7
ORD-100846,2026-05-24,Central,Chhattisgarh,Raipur,home & kitchen,Pressure Cooker,2,1802.12,Delivered,4
ORD-102003,2026-07-26,  West ,Maharashtra,Mumbai,Grocery,Dry Fruits 500g,1,778.40,Delivered,4
ORD-100957,2026-09-28,North,Rajasthan,Jaipur,Apparel,Cotton T-Shirt,1,450.34,Delivered,5
ORD-100318,2026-06-12,South,Karnataka,  Bengaluru ,Grocery,Basmati Rice 5kg,1,711.46,Delivered,1
ORD-102526,2026-06-18,West,Maharashtra,pune,Grocery,Atta 10kg,6,518.31,  Delivered ,1
ORD-101081,26/09/2026,West,Gujarat,Ahmedabad,Grocery,Green Tea 100 Bags,4,382.86,Delivered,2
ORD-101633,2026-09-23,West,Maharashtra,Mumbai,Health & Beauty,Hair Dryer,3,1605.62,Completed,1
ORD-104970,2026-09-22,Central,Madhya Pradesh,Indore,Grocery,Green Tea 100 Bags,2,359.70,Shipped,
ORD-102471,2026-06-10,East,BIHAR,Patna,Home & Kitchen,LED Bulb Pack,1,375.63,Returned,9
ORD-100010,2026-02-08,North,  Haryana ,Gurugram,  Grocery ,DRY FRUITS 500G,4,846.43,Delivered,1
ORD-101919,2026-01-26,Southern,Tamil Nadu,CHENNAI,  Apparel ,Cotton T-Shirt,1,510.96,Delivered,2
ORD-103131,2026-09-15,WEST,Maharashtra,Pune,Electronics,Bluetooth Speaker,3,2704.09,Delivered,1
ORD-104826,23/09/2026,North,Uttar Pradesh,Lucknow,Electronics,Smartwatch,3,4717.94,Delivered,3
ORD-100610,2026-09-03,West,Goa,Panaji,  Electronics ,  Bluetooth Speaker ,1,3143.61,Cancelled,
ORD-102346,05/06/2026,WESTERN,Goa,Panaji,Apparel,Denim Jeans,3,1461.67,Delivered,3
ORD-103025,12/08/2026,West,Maharashtra,Mumbai,Apparel,  Cotton T-Shirt ,1,496.55,Delivered,2
ORD-102118,2026-07-26,east,Odisha,BHUBANESWAR,Home & Kitchen,Bedsheet Set,1,1240.53,In Transit,
ORD-100316,2027-03-15,North,Rajasthan,Jaipur,Grocery,Basmati Rice 5kg,1,634.89,Delivered,4
ORD-100809,03-May-2026,West,Goa,Panaji,Grocery,Atta 10kg,6,532.99,Delivered,2
ORD-100288,2026-08-21,West,Maharashtra,Pune,Electronics,smartphone,1,19065.90,Delivered,4
ORD-104470,2026-06-21,West,Gujarat,Ahmedabad,Apparel,Kurta,2,902.28,Cancelled,
ORD-100325,31/02/2026,South,telangana,Hyderabad,Apparel,Winter Jacket,3,2677.35,Canceled,
ORD-102239,14/04/2026,South,Tamil Nadu,Chennai,  Electronics ,Bluetooth Speaker,4,2818.97,Delivered,3
ORD-100735,21/05/2026,Western,Goa,Panaji,Electronics,Bluetooth Speaker,3,3175.29,Cancelled,
ORD-104403,03-Feb-2026,South,Tamil Nadu,Chennai,  Clothing ,Kurta,3,968.02,Delivered,3
ORD-101019,2026-09-28,North,Chandigarh,CHANDIGARH,Electronics,Smartwatch,1,5246.82,Delivered,5
ORD-102037,2026-02-20,Central,Chhattisgarh,Raipur,Clothing,Running Shoes,1,2861.88,Completed,6
ORD-100296,11/07/2026,South,Kerala,kochi,Apparel,WINTER JACKET,1,2359.67,Delivered,3
ORD-100264,2026-05-29,NORTH,Delhi,Delhi,Health & Beauty,Sunscreen,1,476.34,Returned,4
ORD-103037,25/04/2026,  North ,Rajasthan,JAIPUR,APPAREL,Running Shoes,1,2846.56,Shipped,
ORD-102321,2026-07-12,North,,Jaipur,Grocery,atta 10kg,2,522.09,Shipped,
ORD-101736,21-Mar-2026,North,Rajasthan,Jaipur,Electronics,Bluetooth Speaker,1,2916.02,  Returned ,2
ORD-101196,2026-05-16,North,Haryana,Gurugram,  Apparel ,Kurta,3,951.92,pending,
ORD-102674,31/07/2026,North,Uttar Pradesh,Lucknow,Health & Beauty,Sunscreen,2,474.22,Delivered,3
ORD-102044,20/09/2026,East,Assam,Guwahati,Grocery,Atta 10kg,3,467.66,delivered,7
ORD-101810,2026-06-16,North,Rajasthan,Jaipur,Apparel,Denim Jeans,1,1584.19,Completed,1
ORD-100422,2026-02-20,  Central ,Chhattisgarh,Raipur,Home & Kitchen,LED Bulb Pack,1,397.73,Delivered,3
ORD-101830,2026-05-06,CENTRAL,Chhattisgarh,Raipur,Home & Kitchen,  Bedsheet Set ,1,1093.67,Delivered,3
ORD-100578,2026-02-04,North,delhi,Delhi,Health & Beauty,Face Wash,2,251.51,Completed,2
ORD-103732,2026-09-29,west,Gujarat,AHMEDABAD,Grocery,Basmati Rice 5kg,2,705.28,Pending,
ORD-103355,2026-05-01,Central,Maharashtra,Nagpur,Apparel,Cotton T-Shirt,2,519.64,Delivered,4
ORD-101085,13/08/2026,E,West Bengal,Kolkata,Grocery,Atta 10kg,4,464.19,Delivered,8
ORD-101200,2026-06-03,South,,Kochi,Grocery,Cooking Oil 1L,3,195.38,DELIVERED,3
ORD-101455,2026-05-09,West,Maharashtra,Pune,Grocery,Cooking Oil 1L,1,191.18,Delivered,1
ORD-101248,27/01/2026,West,Gujarat,Ahmedabad,Groceries,Basmati Rice 5kg,4,605.45,Cancelled,
ORD-104047,18/07/2026,  East ,West Bengal,Kolkata,Apparel,Denim Jeans,1,1508.52,Lost,3
ORD-104538,2026-09-21,North,  Rajasthan ,Jaipur,Electronics,Bluetooth Speaker,8,2947.66,Delivered,3
ORD-104021,2026-05-15,SOUTH,Kerala,Kochi,Apparel,Kurta,1,853.91,Delivered,3
ORD-103315,2026-09-15,Western,Gujarat,Ahmedabad,Grocery,Green Tea 100 Bags,3,340.46,  Delivered ,3
ORD-101364,2026-06-13,South,Telangana,Hyderabad,Electronics,Smartphone,2,17950.08,Delivered,2
ORD-103382,2026-09-20,Central,Madhya Pradesh,Indore,Electronics,Bluetooth Speaker,3,2956.14,Returned,5
ORD-102856,23/09/2026,West,Maharashtra,Pune,Electronics,Power Bank,5,1373.63,  Cancelled ,
ORD-100899,2026-08-11,North,Haryana,Gurugram,Health & Beauty,  Vitamin C Tablets ,2,515.36,returned,4
ORD-104331,2026-08-13,South,Kerala,Kochi,Electronics,Wireless Earbuds,abc,2405.64,Delivered,1
ORD-104290,2026-09-03,South,Tamil Nadu,Chennai,Health & Beauty,Face Wash,3,246.82,Completed,2
ORD-101333,2026-04-04,North,Chandigarh,Chandigarh,Health & Beauty,Shampoo 400ml,2,366.10,DELIVERED,2
ORD-102744,2026-05-02,  North ,Rajasthan,Jaipur,Grocery,Cooking Oil 1L,6,196.27,Delivered,2
ORD-104377,2026-07-18,west,Maharashtra,Bombay,Electronics,Bluetooth Speaker,1,3219.20,Delivered,4
ORD-103417,2026-06-28,South,Tamil Nadu,Chennai,Health & Beauty,SHAMPOO 400ML,3,371.29,Delivered,1
ORD-102151,03/03/2026,North,Chandigarh,Chandigarh,Home & Kitchen,Bedsheet Set,2,1161.06,Cancelled,
ORD-104705,2026-05-14,West,Gujarat,Ahmedabad,Electronics,Smartphone,2,19954.42,Delivered,2
ORD-102476,30/04/2026,North,,GURUGRAM,Apparel,Cotton T-Shirt,1,470.24,Delivered,1
ORD-104248,31-Aug-2026,North,Delhi,DELHI,Grocery,Atta 10kg,3,485.19,Delivered,4
ORD-104626,2026-04-09,south,Tamil Nadu,chennai,Apparel,Winter Jacket,2,2541.45,Delivered,
ORD-103526,12/09/2026,Southern,Tamil Nadu,Chennai,Health & Beauty,Sunscreen,1,442.77,Returned,1
ORD-102641,2026-02-12,North,Delhi,Delhi,Groceries,Cooking Oil 1L,5,201.24,Delivered,2
ORD-100412,2026-09-01,Central,maharashtra,Nagpur,Grocery,Dry Fruits 500g,3,864.84,Cancelled,
ORD-100478,2026-08-09,North,  Haryana ,Gurugram,Electronics,Smartwatch,1,5015.57,Completed,4
ORD-103308,20-Feb-2026,Southern,Tamil Nadu,CHENNAI,health & beauty,Vitamin C Tablets,1,582.89,Delivered,2
ORD-100736,2026-07-29,East,  Assam ,guwahati,Grocery,Dry Fruits 500g,4,736.06,Delivered,6
ORD-100792,06/09/2026,North,haryana,  Gurugram ,Electronics,Bluetooth Speaker,2,3174.97,Shipped,
ORD-102477,2026-09-29,Central,Maharashtra,Nagpur,Home & Kitchen,Pressure Cooker,1,1966.41,Shipped,
ORD-102052,29-Aug-2026,West,Maharashtra,Pune,Health & Beauty,Face Wash,1,247.10,Delivered,3
ORD-103114,2026-07-27,South,Telangana,Hyderabad,Electronics,Power Bank,2,1179.33,Delivered,4
ORD-101920,2026-06-16,West,Maharashtra,Pune,Home & Kitchen,Non-Stick Pan,3,919.80,Delivered,1
ORD-100668,2026-01-17,Central,,Nagpur,Home & Kitchen,LED Bulb Pack,2,374.20,Shipped,
ORD-103373,06-Jul-2026,Southern,Telangana,HYDERABAD,Health & Beauty,Sunscreen,1,452.90,Returned,2
ORD-100944,2026-08-11,East,West Bengal,Kolkata,Apparel,Running Shoes,2,2835.86,Completed,5
ORD-104921,2026-03-11,East,Bihar,Patna,Home & Kitchen,Bedsheet Set,1,1260.56,Delivered,3
ORD-101729,2026-08-08,South,,Kochi,Health & Beauty,Vitamin C Tablets,1,591.45,Pending,
ORD-103031,2026-06-01,central,Chhattisgarh,Raipur,Apparel,Kurta,3,836.74,Delivered,1
ORD-103394,07/06/2026,North,Chandigarh,,  Grocery ,Atta 10kg,2,488.48,delivered,3
ORD-104845,2026-07-01,West,Maharashtra,Pune,Grocery,Atta 10kg,3,488.67,Delivered,1
ORD-103704,26-Jul-2026,South,Tamil Nadu,chennai,Grocery,Cooking Oil 1L,3,202.67,Delivered,4
ORD-102291,2026-05-06,North,Uttar Pradesh,Lucknow,Apparel,Running Shoes,2,3178.18,Delivered,
ORD-101838,2026-06-01,South,Telangana,  Hyderabad ,Home & Kitchen,Non-Stick Pan,2,1097.52,Delivered,3
ORD-104607,31-May-2026,Central,Madhya Pradesh,Indore,Apparel,  Denim Jeans ,1,1527.31,  Pending ,
ORD-100152,2026-09-07,West,Goa,panaji,Groceries,Atta 10kg,abc,507.88,Shipped,
ORD-103229,2026-04-25,west,Maharashtra,Pune,Grocery,Green Tea 100 Bags,1,368.72,Delivered,3
ORD-101209,2026-04-05,West,Goa,Panaji,Grocery,Cooking Oil 1L,3,188.84,delivered,3
ORD-102787,2026-04-14,Central,Madhya Pradesh,Bhopal,Grocery,Dry Fruits 500g,5,753.13,Completed,4
ORD-103558,2026-09-14,Central,Chhattisgarh,Raipur,Electronics,Smartphone,1,17335.03,Delivered,5
ORD-104125,11/08/2026,West,Gujarat,Ahmedabad,Grocery,Atta 10kg,1,455.91,Delivered,2
ORD-100667,2026-05-23,South,Kerala,Kochi,clothing,Denim Jeans,4,1350.85,Delivered,
ORD-103701,2026-01-22,East,,Guwahati,Health & Beauty,Vitamin C Tablets,1,505.27,delivered,5
ORD-102554,2026-05-15,East,Assam,Guwahati,Grocery,Basmati Rice 5kg,4,651.17,Delivered,4
ORD-103425,2026-09-06,SOUTH,  Kerala ,kochi,Health & Beauty,Shampoo 400ml,1,376.15,Delivered,2
ORD-104286,2026-07-26,South,  Telangana ,Hyderabad,Home & Kitchen,Pressure Cooker,4,1851.88,  Delivered ,1
ORD-104234,2026-09-25,South,  Tamil Nadu ,Chennai,Electronics,smartphone,1,18293.31,Delivered,2
ORD-102256,2026-07-16,West,Goa,Panaji,Grocery,Basmati Rice 5kg,2,638.68,Delivered,3
ORD-100872,17-May-2026,West,Maharashtra,Pune,Apparel,Winter Jacket,3,2249.45,Delivered,2
ORD-103564,2026-02-24,South,Tamil Nadu,Madras,  Electronics ,Power Bank,1,1371.28,Delivered,2
ORD-100743,2026-04-19,West,Maharashtra,Mumbai,health & beauty,Sunscreen,1,437.46,Delivered,3
ORD-103344,15/03/2026,South,,Chennai,Apparel,Denim Jeans,1,1464.61,delivered,3
ORD-104281,2026-05-30,East,ODISHA,Bhubaneswar,Grocery,Green Tea 100 Bags,5,319.95,DELIVERED,3
ORD-101606,2026-09-06,South,Telangana,HYDERABAD,Electronics,POWER BANK,1,1337.96,Completed,3
ORD-100409,20/06/2026,South,karnataka,Bengaluru,APPAREL,Running Shoes,5,3085.00,Canceled,
ORD-101957,2026-03-14,South,Karnataka,Bengaluru,Electronics,Bluetooth Speaker,3,2894.45,Delivered,2
ORD-103062,2026-05-16,East,Bihar,PATNA,Apparel,winter jacket,1,2348.84,Shipped,
ORD-100562,2026-06-06,North,CHANDIGARH,Chandigarh,Clothing,Kurta,1,840.57,Delivered,3
ORD-104030,2026-05-12,Central,Madhya Pradesh,Bhopal,Grocery,Atta 10kg,3,470.58,Delivered,3
ORD-103201,2026-07-17,western,Goa,panaji,Electronics,smartwatch,1,4921.54,Delivered,3
ORD-104239,2026-07-26,North,Uttar Pradesh,Lucknow,Apparel,Running Shoes,1,2765.61,Delivered,2
ORD-101402,30/09/2026,E,Bihar,Patna,Electronics,Smartphone,1,19257.62,Delivered,6
ORD-101806,2026-07-18,Western,Maharashtra,mumbai,Grocery,Basmati Rice 5kg,4,610.59,Delivered,3
ORD-104947,2026-05-18,West,Maharashtra,Mumbai,Electronics,Smartwatch,1,5375.71,Delivered,1
ORD-101085,13/08/2026,E,West Bengal,Kolkata,Grocery,Atta 10kg,4,464.19,Delivered,8
ORD-104391,02/06/2026,West,gujarat,AHMEDABAD,Apparel,Denim Jeans,2,1434.24,SHIPPED,
ORD-104950,17-May-2026,East,Assam,  Guwahati ,Electronics,Smartwatch,1,4526.15,Delivered,3
ORD-103126,2026-09-27,  North ,Rajasthan,Jaipur,Electronics,Power Bank,4,1425.21,Delivered,5
ORD-103341,2026-02-24,Central,Madhya Pradesh,Indore,Electronics,Smartwatch,2,5425.97,Delivered,5
ORD-103538,2026-03-12,West,Gujarat,Ahmedabad,APPAREL,Cotton T-Shirt,2,489.12,Pending,
ORD-104987,2026-08-02,East,Odisha,Bhubaneswar,Health & Beauty,Vitamin C Tablets,2,500.02,Delivered,7
ORD-101134,30/04/2026,West,Goa,Panaji,Grocery,Green Tea 100 Bags,2,327.48,DELIVERED,1
ORD-102185,2026-02-03,Central,Maharashtra,Nagpur,Apparel,Cotton T-Shirt,1,518.19,In Transit,
ORD-102372,06/04/2026,E,Assam,  Guwahati ,Home and Kitchen,Non-Stick Pan,1,993.85,Delivered,4
ORD-100304,2026-08-12,South,Telangana,Hyderabad,home & kitchen,LED Bulb Pack,1,429.25,Shipped,
ORD-101816,2026-02-22,  East ,  Bihar ,Patna,HEALTH & BEAUTY,Sunscreen,1,475.54,Shipped,
ORD-104354,2026-07-09,  West ,Gujarat,Ahmedabad,Health & Beauty,  Face Wash ,3,252.90,delivered,2
ORD-102698,05/06/2026,North,Rajasthan,Jaipur,  Grocery ,Atta 10kg,4,526.40,Delivered,1
ORD-102978,2026-02-26,East,Bihar,Patna,Electronics,Smartphone,3,19040.51,Shipped,
ORD-104922,2026-08-31,North,Haryana,Gurugram,ELECTRONICS,Power Bank,2,1218.54,Delivered,1
ORD-103938,2026-05-02,West,Gujarat,Ahmedabad,  Home & Kitchen ,LED Bulb Pack,2,427.86,Cancelled,
ORD-104854,2026-05-17,South,kerala,Kochi,apparel,Kurta,1,986.89,Delivered,1
ORD-103855,2026-06-21,North,Chandigarh,Chandigarh,Grocery,Basmati Rice 5kg,6,695.67,Delivered,1
ORD-103367,2026-01-29,West,Maharashtra,Mumbai,Home & Kitchen,Bedsheet Set,3,1194.16,Completed,2
ORD-101527,2026-05-02,Southern,Karnataka,Bengaluru,Electronics,Power Bank,2,1184.01,Delivered,6
ORD-103561,2026-09-29,central,Chhattisgarh,Raipur,Electronics,Smartwatch,-3,5269.10,Delivered,4
ORD-102762,2026-06-26,south,Karnataka,Bengaluru,Clothing,Denim Jeans,1,1475.40,Pending,
ORD-102450,2026-07-11,South,Karnataka,Bengaluru,Electronics,  Power Bank ,4,1335.70,Delivered,6
ORD-100575,24-Mar-2026,North,UTTAR PRADESH,Lucknow,Apparel,Running Shoes,1,2832.72,  Delivered ,
ORD-104538,2026-09-21,North,  Rajasthan ,Jaipur,Electronics,Bluetooth Speaker,3,2947.66,Delivered,3
ORD-102079,05/09/2026,West,Gujarat,Ahmedabad,Clothing,Kurta,1,951.73,Completed,5
ORD-100595,2026-01-21,West,Goa,Panaji,Electronics,power bank,1,1271.71,DELIVERED,4
ORD-100800,2026-07-25,North,Delhi,Delhi,Grocery,Atta 10kg,4,457.14,Delivered,4
ORD-100856,2026-08-24,East,West Bengal,Kolkata,Home & Kitchen,Non-Stick Pan,1,980.32,Pending,
ORD-103505,2026-02-06,West,Maharashtra,Pune,  Electronics ,Wireless Earbuds,1,2679.32,Delivered,2
ORD-104542,2026-07-16,West,Maharashtra,Mumbai,Electronics,Smartphone,2,17129.32,Delivered,2
ORD-104806,2026-02-27,East,Odisha,Bhubaneswar,grocery,Dry Fruits 500g,6,846.54,Delivered,5
ORD-102103,06/03/2026,West,goa,Panaji,Home & Kitchen,Mixer Grinder,1,3392.69,Shipped,
ORD-103807,26/09/2026,South,Karnataka,BENGALURU,Apparel,Winter Jacket,2,2551.56,Delivered,3
ORD-100790,2026-04-03,West,Goa,Panaji,Apparel,winter jacket,1,2581.43,Returned,3
ORD-100379,2026-07-11,  North ,Rajasthan,Jaipur,Home and Kitchen,Pressure Cooker,3,1836.89,DELIVERED,3
ORD-100208,2026-08-19,South,Telangana,Hyderabad,Electronics,Wireless Earbuds,1,2559.59,Delivered,5
ORD-100649,2026-02-10,North,haryana,Gurugram,Grocery,GREEN TEA 100 BAGS,5,328.40,Delivered,1
ORD-101552,2026-04-20,East,  Odisha ,Bhubaneswar,Health & Beauty,Sunscreen,4,429.10,Returned,5
ORD-103506,2026-08-19,  West ,Gujarat,Ahmedabad,Health & Beauty,Hair Dryer,1,1748.47,Delivered,1
ORD-103935,04/03/2026,South,Karnataka,Bengaluru,Home & Kitchen,Pressure Cooker,1,1943.60,Delivered,3
ORD-103444,2026-09-30,East,Odisha,bhubaneswar,Home and Kitchen,Mixer Grinder,2,3262.84,Delivered,8
ORD-101604,2026-05-29,East,Assam,Guwahati,Grocery,Cooking Oil 1L,3,189.97,Shipped,
ORD-100894,2026-06-10,North,Haryana,Gurugram,Electronics,Bluetooth Speaker,1,2957.44,Shipped,
ORD-103655,2026-06-24,North,Haryana,Gurugram,Electronics,Wireless Earbuds,1,2544.38,Shipped,
ORD-103038,14/06/2026,Western,goa,Panaji,Home & Kitchen,non-stick pan,3,943.11,Delivered,3
ORD-100996,29/04/2026,Central,Maharashtra,Nagpur,Apparel,Running Shoes,2,3153.39,  Delivered ,3
ORD-101082,2026-08-05,North,Chandigarh,Chandigarh,Apparel,Cotton T-Shirt,1,540.38,Completed,1
ORD-100070,2026-06-18,West,Gujarat,Ahmedabad,Apparel,Running Shoes,2,2936.08,Shipped,
ORD-102753,17/02/2026,West,Maharashtra,Mumbai,Home & Kitchen,Pressure Cooker,2,1739.80,Pending,
ORD-101176,27/04/2026,Central,Madhya Pradesh,Indore,Electronics,Power Bank,1,1382.58,Pending,
ORD-101142,2026-08-27,North,haryana,Gurugram,Grocery,Green Tea 100 Bags,3,353.15,Delivered,1
ORD-104404,2026-07-12,South,Telangana,Hyderabad,Apparel,Cotton T-Shirt,1,548.22,Delivered,2
ORD-101143,2026-04-02,West,Gujarat,Ahmedabad,Home & Kitchen,Non-Stick Pan,2,971.77,Delivered,3
ORD-100266,25-Jun-2026,West,Gujarat,Ahmedabad,Grocery,Dry Fruits 500g,6,863.81,Delivered,2
ORD-100664,21-Jul-2026,Central,,Nagpur,  Grocery ,Basmati Rice 5kg,5,604.96,Delivered,1
ORD-101759,2026-06-22,Southern,Kerala,Kochi,Grocery,  Cooking Oil 1L ,2,172.17,Delivered,3
ORD-102099,2026-04-28,West,Gujarat,Ahmedabad,Electronics,Power Bank,1,1379.36,Delivered,3
ORD-102523,2026-01-30,  Central ,Madhya Pradesh,  Indore ,Electronics,Smartphone,1,18045.23,Delivered,5
ORD-102632,2026-08-13,North,Chandigarh,Chandigarh,Apparel,Winter Jacket,4,2377.29,Delivered,2
ORD-101954,2026-09-12,Central,Chhattisgarh,Raipur,Electronics,Smartwatch,1,4782.86,Completed,5
ORD-101811,12/03/2026,South,kerala,Kochi,Home & Kitchen,  Mixer Grinder ,2,3642.89,Delivered,1
ORD-100396,28/02/2026,East,West Bengal,Kolkata,Electronics,Power Bank,2,1241.69,Delivered,3
ORD-100701,27-Sep-2026,North,Delhi,Delhi,Home & Kitchen,LED Bulb Pack,1,437.40,Shipped,
ORD-103193,2026-05-29,West,Goa,Panaji,Health & Beauty,face wash,2,263.63,Delivered,3
ORD-103869,2026-03-31,West,  Maharashtra ,Mumbai,Grocery,  Atta 10kg ,-3,541.82,Pending,
ORD-103216,2026-05-17,East,West Bengal,Kolkata,APPAREL,Denim Jeans,2,1500.83,Delivered,4
ORD-100391,2026-05-24,North,UTTAR PRADESH,Lucknow,Electronics,Power Bank,3,1172.57,Delivered,4
ORD-103990,2026-02-21,South,Karnataka,Bengaluru,GROCERY,Atta 10kg,2,457.57,Shipped,
ORD-102160,2026-07-19,Central,Chhattisgarh,Raipur,Electronics,  Power Bank ,1,1340.78,Delivered,3
ORD-103590,2026-09-28,West,Maharashtra,Mumbai,Apparel,Winter Jacket,1,2711.12,Delivered,2
ORD-101588,2026-08-20,North,Delhi,New Delhi,Electronics,Smartwatch,2,4769.34,Delivered,1
ORD-101329,2026-01-16,West,Maharashtra,Pune,Electronics,Bluetooth Speaker,1,2926.67,  Delivered ,3
ORD-104205,2026-09-09,West,Maharashtra,Mumbai,Grocery,Cooking Oil 1L,1,182.67,Delivered,1
ORD-101660,16/07/2026,South,Karnataka,Bengaluru,Home & Kitchen,Bedsheet Set,3,1080.89,Delivered,1
ORD-102043,2026-02-02,West,,PANAJI,Groceries,basmati rice 5kg,1,599.39,Shipped,
ORD-103157,2026-09-18,Central,Madhya Pradesh,Bhopal,Home & Kitchen,LED Bulb Pack,1,382.62,Shipped,
ORD-101540,03/03/2026,E,Assam,Guwahati,  Grocery ,Basmati Rice 5kg,1,622.08,Delivered,5
ORD-103270,2026-09-16,South,Tamil Nadu,Chennai,Grocery,Green Tea 100 Bags,5,332.02,Delivered,3
ORD-100895,21-Jan-2026,WEST,Maharashtra,  Mumbai ,Grocery,Dry Fruits 500g,2,856.28,Delivered,3
ORD-100890,10/04/2026,West,Gujarat,Ahmedabad,Electronics,Power Bank,1,1396.69,Shipped,
ORD-104251,2026-05-26,North,Haryana,Gurugram,Electronics,POWER BANK,1,1329.23,Delivered,3
ORD-100016,2026-06-28,North,Chandigarh,Chandigarh,  Apparel ,Running Shoes,1,3110.62,Delivered,1
ORD-102877,2026-08-20,west,goa,panaji,Electronics,smartphone,1,17138.87,Delivered,3
ORD-102541,13-Jun-2026,N,Uttar Pradesh,Lucknow,grocery,Basmati Rice 5kg,1,708.14,Completed,3
ORD-102352,10-Apr-2026,South,,Kochi,Grocery,Green Tea 100 Bags,1,381.39,Shipped,
ORD-103523,2026-04-20,West,Maharashtra,Mumbai,Apparel,winter jacket,3,2617.69,Cancelled,
ORD-100513,12-Apr-2026,south,  Karnataka ,Bengaluru,  Electronics ,  Bluetooth Speaker ,1,2898.53,Shipped,
ORD-102381,2026-07-30,North,Uttar Pradesh,LUCKNOW,Groceries,Dry Fruits 500g,1,750.20,Cancelled,
ORD-104560,2026-02-25,South,Kerala,Kochi,Grocery,Cooking Oil 1L,3,183.15,  Delivered ,3
ORD-100993,2026-07-24,North,Delhi,Delhi,Home & Kitchen,Non-Stick Pan,1,990.14,Cancelled,
ORD-102053,2026-02-05,West,Gujarat,Ahmedabad,Apparel,Cotton T-Shirt,2,540.76,Delivered,2
ORD-104373,2026-07-16,West,Gujarat,Ahmedabad,Apparel,  Running Shoes ,1,3026.40,Delivered,2
ORD-102406,2026-05-24,West,Gujarat,Ahmedabad,Health & Beauty,  Vitamin C Tablets ,2,497.96,Canceled,
ORD-104181,03/07/2026,East,Odisha,Bhubaneswar,Groceries,Cooking Oil 1L,4,193.54,Delivered,4
ORD-104985,2026-05-11,South,Kerala,Kochi,Apparel,Denim Jeans,1,1530.81,Delivered,1
ORD-103894,2026-04-24,NORTH,Delhi,Delhi,Grocery,Atta 10kg,5,538.93,  Delivered ,2
ORD-100297,16/01/2026,South,Tamil Nadu,Chennai,Grocery,Atta 10kg,3,528.61,Cancelled,
ORD-100233,2026-02-02,West,Goa,Panaji,Grocery,Basmati Rice 5kg,2,609.29,Delivered,1
ORD-102105,2026-02-02,Central,Chhattisgarh,Raipur,Apparel,Kurta,2,926.84,Pending,
ORD-104351,2026-03-01,South,Tamil Nadu,Chennai,Health & Beauty,  Shampoo 400ml ,1,434.63,Delivered,3
ORD-104353,2026-09-13,East,Assam,Guwahati,Electronics,Smartwatch,1,4886.96,DELIVERED,7
ORD-101281,2026-02-10,western,Maharashtra,Pune,Health & Beauty,Face Wash,1,250.18,Returned,4
ORD-103906,27/06/2026,North,rajasthan,Jaipur,Health & Beauty,Sunscreen,2,438.63,Delivered,2
ORD-101208,2026-07-09,NORTH,Chandigarh,Chandigarh,Clothing,Denim Jeans,2,1447.54,SHIPPED,
ORD-103691,2026-03-30,West,Maharashtra,MUMBAI,Health & Beauty,Face Wash,4,229.05,Cancelled,
ORD-101429,2026-03-07,West,gujarat,Ahmedabad,Home & Kitchen,Bedsheet Set,2,1191.71,Delivered,2
ORD-102213,2026-08-17,West,Goa,Panaji,Grocery,Cooking Oil 1L,3,200.70,Delivered,1
ORD-102327,2026-01-31,Central,Madhya Pradesh,Indore,Health & Beauty,face wash,1,264.48,Delivered,5
ORD-102064,10/07/2026,West,Maharashtra,Pune,Apparel,Winter Jacket,2,2401.21,Shipped,
ORD-101760,2026-09-05,South,KERALA,Kochi,Apparel,Kurta,3,907.83,Delivered,3
ORD-101116,06/06/2026,South,TAMIL NADU,Chennai,HOME & KITCHEN,Pressure Cooker,1,1826.83,Delivered,5
ORD-104688,yesterday,West,Maharashtra,Pune,grocery,Dry Fruits 500g,3,723.48,Delivered,3
ORD-102812,19-May-2026,East,Assam,Guwahati,Home & Kitchen,NON-STICK PAN,3,1027.21,delivered,5
ORD-104670,2026-03-22,CENTRAL,Madhya Pradesh,Indore,Health & Beauty,Vitamin C Tablets,1,549.44,Completed,4
ORD-100465,2026-02-15,South,Karnataka,Bengaluru,Health & Beauty,Sunscreen,3,429.73,DELIVERED,3
12345,2026-09-28,North,Uttar Pradesh,Lucknow,Electronics,Smartwatch,4,5147.48,Completed,3
ORD-102806,27-Aug-2026,North,Uttar Pradesh,lucknow,Apparel,Running Shoes,2,3155.74,Cancelled,
ORD-104008,23/01/2026,Central,Madhya Pradesh,Bhopal,  Health & Beauty ,Hair Dryer,1,1719.29,Cancelled,
ORD-101699,2026-08-31,North,Rajasthan,Jaipur,Apparel,Cotton T-Shirt,1,500.21,  Delivered ,2
ORD-100219,2026-08-13,West,Maharashtra,Pune,ELECTRONICS,Wireless Earbuds,1,2395.68,Delivered,2
ORD-100342,2026-04-11,Central,Madhya Pradesh,Indore,Apparel,Winter Jacket,1,2356.43,Delivered,4
ORD-103620,30/07/2026,Central,Chhattisgarh,Raipur,Groceries,Green Tea 100 Bags,2,377.19,Delivered,6
ORD-103352,23/07/2026,West,Maharashtra,MUMBAI,Health & Beauty,Hair Dryer,3,1467.21,Delivered,1
ORD-101463,2026-07-28,  West ,Goa,Panaji,Health & Beauty,Vitamin C Tablets,1,546.06,delivered,1
ORD-102456,2026-09-10,South,Tamil Nadu,Chennai,Electronics,Smartwatch,1,5145.41,Delivered,3
ORD-103417,2026-06-28,South,Tamil Nadu,Chennai,Health & Beauty,SHAMPOO 400ML,3,371.29,Delivered,1
ORD-102948,2026-04-08,Central,Madhya Pradesh,  Indore ,Electronics,Smartphone,1,19008.13,Delivered,3
ORD-100691,2026-06-16,west,Gujarat,Ahmedabad,Grocery,Green Tea 100 Bags,1,336.43,Delivered,2
ORD-100313,2026-06-21,south,Karnataka,Bangalore,Electronics,Smartwatch,3,5454.73,Delivered,2
ORD-100479,31-Aug-2026,North,Delhi,New Delhi,Health & Beauty,Hair Dryer,1,1641.06,Completed,2
ORD-102988,2026-09-14,West,Goa,Panaji,Health & Beauty,Hair Dryer,1,1509.04,Delivered,2
ORD-104792,16-May-2026,North,Uttar Pradesh,Lucknow,Electronics,Bluetooth Speaker,1,3201.43,Delivered,1
ORD-104504,2026-05-20,East,Odisha,Bhubaneswar,Health and Beauty,Vitamin C Tablets,3,564.47,Delivered,5
ORD-100680,2026-05-25,North,Delhi,Delhi,GROCERIES,Green Tea 100 Bags,4,362.68,Delivered,3
ORD-102660,29/01/2026,Central,CHHATTISGARH,  Raipur ,Health & Beauty,face wash,3,227.87,Delivered,2
ORD-104980,2026-08-23,North,rajasthan,jaipur,Apparel,Running Shoes,1,3179.94,Delivered,4
ORD-102065,2026-09-29,West,Maharashtra,Mumbai,Electronics,Power Bank,3,1271.29,PENDING,
ORD-102305,2026-03-18,North,Delhi,Delhi,Health & Beauty,Vitamin C Tablets,1,520.79,Delivered,3
ORD-102104,2026-03-15,  South ,Telangana,Hyderabad,Apparel,Winter Jacket,1,2383.95,delivered,3
ORD-104458,2026-09-25,  East ,,Kolkata,Apparel,Cotton T-Shirt,3,456.67,Delivered,7
ORD-104230,2026-08-02,South,tamil nadu,Chennai,Electronics,Wireless Earbuds,3,N/A,returned,3
ORD-104005,29/08/2026,north,Rajasthan,Jaipur,HEALTH & BEAUTY,Hair Dryer,3,1520.61,Shipped,
ORD-101586,01/03/2026,East,West Bengal,kolkata,Home & Kitchen,Pressure Cooker,3,1997.07,Delivered,4
ORD-102640,2026-07-24,South,Karnataka,  Bengaluru ,Health & Beauty,Face Wash,2,251.40,DELIVERED,4
ORD-102972,2026-03-09,South,Telangana,Hyderabad,Home & Kitchen,Mixer Grinder,3,3642.72,Pending,
ORD-102811,2026-03-05,North,,Chandigarh,ELECTRONICS,Wireless Earbuds,1,2467.80,Delivered,4
ORD-100237,2026-04-27,North,Rajasthan,Jaipur,Home & Kitchen,Bedsheet Set,1,1179.46,Delivered,2
ORD-102735,2026-07-04,East,Odisha,Bhubaneswar,Electronics,Power Bank,2,1227.61,Shipped,
ORD-104588,2026-09-29,Western,Gujarat,Ahmedabad,Grocery,Atta 10kg,4,532.38,Delivered,1
ORD-103342,08/08/2026,Central,maharashtra,Nagpur,Grocery,Green Tea 100 Bags,4,351.36,Delivered,4
ORD-100448,2026-05-10,North,Rajasthan,Jaipur,Clothing,Cotton T-Shirt,1,534.44,Delivered,1
ORD-102329,2026-02-13,North,Rajasthan,Jaipur,Grocery,Dry Fruits 500g,5,832.10,Completed,
ORD-104024,2026-07-15,South,Telangana,Hyderabad,Home & Kitchen,Non-Stick Pan,2,980.72,Delivered,3
ORD-102685,2026-08-12,NORTH,RAJASTHAN,Jaipur,Grocery,Atta 10kg,5,520.62,  Delivered ,3
ORD-102207,2026-05-15,North,Delhi,Delhi,Apparel,Denim Jeans,2,1599.65,Delivered,3
ORD-102047,2026-07-05,West,Maharashtra,Mumbai,Apparel,Running Shoes,1,2981.44,Delivered,1
ORD-102520,2026-04-01,South,Telangana,Hyderabad,Home & Kitchen,Non-Stick Pan,3,930.66,Cancelled,
ORD-103571,2026-03-17,North,  Haryana ,Gurugram,  Apparel ,Denim Jeans,1,1404.30,Returned,3
ORD-104401,2026-04-01,  West ,Gujarat,Ahmedabad,Health & Beauty,Shampoo 400ml,1,370.30,Returned,3
ORD-104904,23-May-2026,East,Assam,Guwahati,Home & Kitchen,LED Bulb Pack,3,385.53,Delivered,1
ORD-102574,2026-09-11,North,rajasthan,JAIPUR,Apparel,Running Shoes,1,3102.54,Delivered,3
ORD-104071,2026-05-09,West,gujarat,Ahmedabad,Health & Beauty,sunscreen,1,428.21,Delivered,2
ORD-104138,2026-08-08,North,Uttar Pradesh,Lucknow,Home & Kitchen,Non-Stick Pan,5,1037.98,Delivered,4
ORD-104652,2026-09-08,WEST,Goa,Panaji,  Electronics ,Power Bank,2,1333.82,Shipped,
ORD-103075,2026-05-20,Southern,,Chennai,Clothing,Winter Jacket,4,2694.82,Delivered,3
ORD-103613,2026-04-10,West,Maharashtra,Pune,Grocery,Cooking Oil 1L,5,199.67,Delivered,4
ORD-101537,2026-08-06,North,Delhi,Delhi,Grocery,Green Tea 100 Bags,3,323.63,Shipped,
ORD-100626,02/02/2026,SOUTH,,Chennai,Health & Beauty,Vitamin C Tablets,4,577.98,completed,2
ORD-104454,04-Sep-2026,East,Assam,guwahati,Groceries,Atta 10kg,6,458.68,Delivered,8
ORD-102868,2026-04-13,NORTH,Haryana,,Grocery,basmati rice 5kg,4,612.94,Delivered,2
ORD-104741,13-Jun-2026,West,Maharashtra,Pune,Apparel,Denim Jeans,2,1559.21,DELIVERED,2
ORD-101161,2026-06-09,  North ,Chandigarh,Chandigarh,Health & Beauty,Vitamin C Tablets,2,558.51,Pending,
ORD-103734,02-Jun-2026,North,Rajasthan,Jaipur,Grocery,Cooking Oil 1L,5,182.98,Delivered,3
ORD-104108,2026-09-12,North,Haryana,Gurugram,electronics,Smartphone,2,20288.98,DELIVERED,2
ORD-101676,08/02/2026,East,Bihar,patna,Health & Beauty,VITAMIN C TABLETS,1,576.90,In Transit,
ORD-100253,29/03/2026,North,Uttar Pradesh,LUCKNOW,Grocery,Dry Fruits 500g,3,859.19,Delivered,3
ORD-100254,20/06/2026,East,West Bengal,kolkata,apparel,Winter Jacket,1,2566.53,Delivered,6
ORD-104159,2026-09-06,North,Uttar Pradesh,Lucknow,Electronics,Power Bank,2,1424.92,Delivered,3
ORD-100271,2026-02-20,West,Goa,Panaji,Grocery,Green Tea 100 Bags,4,347.05,Shipped,
ORD-102774,2026-05-23,West,Maharashtra,  Pune ,Electronics,Bluetooth Speaker,1,3035.00,Delivered,2
ORD-100211,2026-08-01,South,tamil nadu,Chennai,Electronics,Smartphone,1,20894.69,Delivered,5
ORD-100124,2026-03-08,East,West Bengal,Kolkata,Apparel,Kurta,3,936.76,Completed,6
ORD-103567,2026-05-26,East,Bihar,Patna,Grocery,Basmati Rice 5kg,3,619.07,Completed,1
ORD-100220,16-May-2026,West,Maharashtra,Pune,Apparel,Cotton T-Shirt,1,537.49,Delivered,1
ORD-101350,2026-05-06,North,Delhi,Delhi,Grocery,Dry Fruits 500g,5,815.59,Delivered,3
ORD-101430,2026-03-28,South,Telangana,Hyderabad,Home & Kitchen,Pressure Cooker,5,1937.67,Delivered,3
ORD-101423,2026-08-07,East,Assam,Guwahati,Grocery,Atta 10kg,4,538.49,delivered,7
ORD-100411,2026-02-15,North,Haryana,gurugram,Grocery,Green Tea 100 Bags,1,315.33,Delivered,3
ORD-104544,2026-04-27,East,ASSAM,Guwahati,GROCERY,Basmati Rice 5kg,3,656.00,Shipped,
ORD-103582,2026-07-28,North,Rajasthan,Jaipur,Apparel,Kurta,1,928.11,Delivered,1
ORD-101686,06-Jan-2026,North,Delhi,New Delhi,  Grocery ,Dry Fruits 500g,1,763.08,Pending,
ORD-102363,2026-03-17,East,Bihar,Patna,Electronics,Smartphone,3,17473.66,SHIPPED,
ORD-103322,21/03/2026,Southern,Karnataka,Bengaluru,Clothing,  Kurta ,1,861.21,Delivered,4
ORD-104113,07/03/2026,Central,Madhya Pradesh,bhopal,Health & Beauty,  Sunscreen ,3,429.77,Delivered,5
ORD-103937,2026-04-17,West,Maharashtra,Pune,Electronics,Wireless Earbuds,3,2250.00,Delivered,3
ORD-104444,2026-06-16,South,Tamil Nadu,Chennai,Electronics,Bluetooth Speaker,1,2964.45,Cancelled,
ORD-101903,06-Apr-2026,South,Telangana,Hyderabad,apparel,kurta,1,836.22,Delivered,2
ORD-101862,2026-02-22,CENTRAL,Madhya Pradesh,Bhopal,Electronics,Smartphone,2,17341.88,Delivered,
ORD-104960,04/07/2026,North,Haryana,Gurgaon,Home & Kitchen,Pressure Cooker,1,2009.36,Delivered,3
ORD-101020,28/08/2026,West,Maharashtra,Mumbai,Electronics,Smartphone,1,20017.12,Delivered,2
ORD-103348,12/04/2026,West,Maharashtra,Mumbai,Grocery,Basmati Rice 5kg,6,661.21,Delivered,1
ORD-100229,2026-06-28,N,  Rajasthan ,Jaipur,Clothing,Winter Jacket,1,2352.92,Delivered,3
ORD-100470,14/02/2026,Southern,Kerala,Kochi,Grocery,Basmati Rice 5kg,4,677.50,Pending,
ORD-100358,2026-07-30,North,Delhi,Delhi,Health & Beauty,Shampoo 400ml,1,373.67,Delivered,4
ORD-104989,2026-08-03,North,Haryana,Gurgaon,Health and Beauty,Face Wash,1,249.37,Shipped,
ORD-104501,2026-02-06,South,Telangana,Hyderabad,Home & Kitchen,Mixer Grinder,1,3693.02,Delivered,1
ORD-100666,2026-03-10,North,DELHI,Delhi,Health and Beauty,Vitamin C Tablets,3,554.99,Delivered,2
ORD-101416,2026-09-18,North,,lucknow,Electronics,Power Bank,2,1319.64,Cancelled,
ORD-101626,17/05/2026,North,Chandigarh,Chandigarh,Grocery,Green Tea 100 Bags,2,346.33,Delivered,1
ORD-102932,2026-06-13,central,chhattisgarh,Raipur,Apparel,Running Shoes,2,3158.65,  Delivered ,2
ORD-102997,2026-08-15,North,Rajasthan,Jaipur,electronics,Smartphone,2,18566.39,delivered,1
ORD-101570,2026-04-09,East,bihar,Patna,Home and Kitchen,Pressure Cooker,2,1808.98,Completed,2
ORD-102342,06/09/2026,  West ,Goa,Panaji,Electronics,wireless earbuds,1,2644.09,Delivered,3
ORD-102198,2026-05-30,South,  Kerala ,Kochi,Apparel,Running Shoes,abc,3001.85,Pending,
ORD-101185,2026-09-28,East,Assam,Guwahati,Electronics,Bluetooth Speaker,1,2997.94,Delivered,9
ORD-104966,2026-09-20,  East ,Odisha,Bhubaneswar,Apparel,RUNNING SHOES,4,3163.05,Delivered,6
ORD-101922,14/02/2026,South,Kerala,Kochi,Apparel,Winter Jacket,2,2289.72,  Returned ,4
ORD-101168,2026-09-09,West,Gujarat,Ahmedabad,Electronics,Smartwatch,2,4555.25,Delivered,1
ORD-102371,2026-03-01,West,Maharashtra,Mumbai,Home & Kitchen,Mixer Grinder,1,3478.80,Returned,3
ORD-103854,2026-07-06,North,,Chandigarh,Health & Beauty,Shampoo 400ml,1,362.57,Completed,3
ORD-104830,21-Feb-2026,West,  Maharashtra ,Pune,Grocery,Basmati Rice 5kg,3,679.89,Completed,
ORD-104933,2026-01-25,North,Chandigarh,Chandigarh,Health & Beauty,Hair Dryer,1,1744.15,Delivered,3
ORD-100292,2026-05-22,South,,Bengaluru,Apparel,Winter Jacket,1,2427.42,Delivered,2
ORD-102020,2026-01-27,SOUTH,  Karnataka ,Bangalore,Health & Beauty,vitamin c tablets,1,577.11,Delivered,2
ORD-103020,2026-04-02,North,Haryana,GURUGRAM,Grocery,Basmati Rice 5kg,2,658.18,Shipped,
ORD-100369,03/01/2026,Central,  Madhya Pradesh ,Bhopal,Grocery,Cooking Oil 1L,3,197.57,Shipped,
ORD-101576,2026-07-23,North,Rajasthan,Jaipur,Apparel,  Denim Jeans ,1,1469.19,Delivered,1
ORD-104104,2026-05-03,Central,Madhya Pradesh,Bhopal,Grocery,dry fruits 500g,4,824.02,Delivered,5
ORD-101924,2026-08-28,Central,chhattisgarh,Raipur,electronics,Smartwatch,2,5297.00,Returned,4
ORD-103256,2026-02-06,west,Maharashtra,mumbai,Groceries,Green Tea 100 Bags,2,329.72,Delivered,5
ORD-104253,08/06/2026,Central,Madhya Pradesh,bhopal,Apparel,Cotton T-Shirt,1,542.81,Shipped,
ORD-104910,2026-05-09,North,Uttar Pradesh,Lucknow,Health and Beauty,Sunscreen,1,448.98,Delivered,1
ORD-104336,2026-08-13,central,Maharashtra,Nagpur,Clothing,Cotton T-Shirt,1,512.08,Cancelled,
ORD-100438,2026-04-14,Central,Chhattisgarh,Raipur,Electronics,Power Bank,1,1190.81,  Shipped ,
ORD-100231,2026-08-27,North,Chandigarh,Chandigarh,Health & Beauty,Face Wash,2,231.35,Delivered,2
ORD-101490,2026-04-14,South,Tamil Nadu,Chennai,Clothing,kurta,2,831.49,Delivered,3
ORD-100853,2026-08-12,South,Tamil Nadu,Chennai,Home & Kitchen,LED Bulb Pack,1,388.64,Completed,3
ORD-101976,17/06/2026,Central,Maharashtra,NAGPUR,Health and Beauty,Shampoo 400ml,1,359.79,Delivered,
ORD-100302,24-May-2026,Western,Maharashtra,Mumbai,Grocery,Atta 10kg,5,528.54,Delivered,2
ORD-100453,2026-04-21,South,Tamil Nadu,Chennai,Home & Kitchen,Pressure Cooker,1,1827.94,Delivered,3
ORD-102551,18/08/2026,South,Karnataka,Bengaluru,Home & Kitchen,Bedsheet Set,1,1270.40,Completed,2
ORD-101374,2026-08-09,North,Delhi,Delhi,Electronics,Bluetooth Speaker,2,3184.02,Cancelled,
ORD-104864,28/06/2026,North,Chandigarh,Chandigarh,Home & Kitchen,Pressure Cooker,3,1949.31,Delivered,3
ORD-102509,2026-06-22,Central,Madhya Pradesh,Indore,Electronics,Bluetooth Speaker,-3,2813.10,Cancelled,
ORD-100524,2026-06-12,North,Rajasthan,Jaipur,Apparel,Cotton T-Shirt,3,503.44,Delivered,4
ORD-101932,2026-07-23,East,Assam,Guwahati,Home & Kitchen,LED Bulb Pack,5,373.67,Completed,6
ORD-101286,2026-03-30,south,Karnataka,Bengaluru,Home & Kitchen,Bedsheet Set,1,1314.82,delivered,1
ORD-100225,2026-05-13,North,Chandigarh,Chandigarh,Home & Kitchen,LED Bulb Pack,2,376.59,Delivered,3
ORD-101649,2026-02-08,South,Karnataka,Bengaluru,Apparel,Denim Jeans,4,1383.45,  Delivered ,1
ORD-102576,2026-08-27,West,Maharashtra,Mumbai,Health & Beauty,  Shampoo 400ml ,1,432.19,  Delivered ,3
ORD-100504,2026-07-02,N,Chandigarh,Chandigarh,Grocery,Basmati Rice 5kg,3,677.63,Delivered,3
ORD-104709,2026-09-03,North,Uttar Pradesh,lucknow,Grocery,Dry Fruits 500g,1,797.52,Delivered,2
ORD-103061,26/06/2026,North,Haryana,Gurugram,Electronics,Smartwatch,2,5042.40,Delivered,4
ORD-101680,2026-01-17,Central,CHHATTISGARH,Raipur,Home & Kitchen,Non-Stick Pan,3,1097.90,Shipped,
ORD-101753,2026-01-22,West,Gujarat,Ahmedabad,Grocery,Dry Fruits 500g,3,719.50,Completed,3
ORD-102350,2026-07-09,Western,Goa,Panaji,Health & Beauty,Vitamin C Tablets,4,595.71,Cancelled,
ORD-101950,2027-03-15,NORTH,Haryana,Gurugram,Home & Kitchen,LED Bulb Pack,1,400.81,Delivered,3
ORD-103283,2026-07-25,South,Kerala,Kochi,Electronics,Wireless Earbuds,3,2432.46,Delivered,2
ORD-100226,2026-03-30,South,Telangana,Hyderabad,grocery,Basmati Rice 5kg,2,655.85,  Delivered ,4
ORD-104232,2026-09-05,North,Rajasthan,Jaipur,grocery,Atta 10kg,2,532.05,Delivered,2
ORD-103804,2026-09-19,North,Chandigarh,Chandigarh,Apparel,  Denim Jeans ,2,1597.84,DELIVERED,2
ORD-104846,2026-06-24,South,Tamil Nadu,CHENNAI,Home & Kitchen,Mixer Grinder,1,3348.07,DELIVERED,3
ORD-104179,2026-06-16,West,Gujarat,Ahmedabad,Grocery,Cooking Oil 1L,1,190.41,Pending,
ORD-104346,2026-01-08,North,Haryana,Gurugram,Apparel,Running Shoes,1,2806.83,Delivered,3
ORD-104930,2026-05-03,North,Haryana,Gurugram,Electronics,Power Bank,1,1199.88,Delivered,3
ORD-104268,2026-05-01,South,Telangana,  Hyderabad ,Electronics,Power Bank,3,1228.11,Delivered,4
ORD-100151,2026-03-25,North,Haryana,Gurugram,Grocery,Cooking Oil 1L,2,177.62,Delivered,2
ORD-100818,2026-05-30,North,RAJASTHAN,Jaipur,Home and Kitchen,Pressure Cooker,1,1980.17,Returned,2
ORD-104419,2026-02-19,South,Telangana,Hyderabad,Grocery,Dry Fruits 500g,1,727.70,Delivered,4
ORD-100623,2026-09-05,North,Rajasthan,Jaipur,Home & Kitchen,Bedsheet Set,1,1206.69,Cancelled,
ORD-102091,29/07/2026,North,Rajasthan,Jaipur,Home & Kitchen,Non-Stick Pan,1,944.16,Delivered,1
ORD-102743,26/08/2026,south,telangana,hyderabad,  Home & Kitchen ,Non-Stick Pan,3,1075.36,Lost,
ORD-104193,2026-08-21,Central,Chhattisgarh,Raipur,Grocery,Green Tea 100 Bags,6,356.46,Delivered,4
ORD-101770,2026-07-24,East,,Kolkata,Grocery,Dry Fruits 500g,2,786.77,Delivered,5
ORD-104445,2026-02-27,South,Tamil Nadu,  Chennai ,Apparel,Winter Jacket,1,2262.16,Delivered,4
ORD-102369,2026-09-06,East,Bihar,Patna,Home & Kitchen,Pressure Cooker,1,1916.13,Pending,
ORD-100781,20/08/2026,South,Tamil Nadu,Chennai,Electronics,  Wireless Earbuds ,1,2676.81,Shipped,
ORD-104076,2026-06-20,West,Maharashtra,Pune,grocery,Dry Fruits 500g,3,851.25,DELIVERED,2
ORD-102906,13/09/2026,North,Chandigarh,Chandigarh,Electronics,Wireless Earbuds,1,2433.93,Delivered,3
ORD-102815,2026-03-10,North,Chandigarh,Chandigarh,Grocery,Basmati Rice 5kg,2,656.06,Delivered,6
ORD-101428,2026-09-29,West,Goa,Panaji,Electronics,Smartwatch,2,5167.11,cancelled,
ORD-103920,2026-06-04,South,Karnataka,Bengaluru,Grocery,Atta 10kg,4,519.62,Delivered,1
ORD-102031,2026-09-14,West,Maharashtra,Pune,Electronics,Smartphone,1,18811.03,Pending,
ORD-102147,10/08/2026,N,Haryana,Gurugram,home & kitchen,NON-STICK PAN,1,965.66,Delivered,4
ORD-102736,10-Feb-2026,South,Telangana,Hyderabad,Grocery,Basmati Rice 5kg,4,646.71,Delivered,2
ORD-100257,17-Feb-2026,North,Uttar Pradesh,Lucknow,GROCERY,Atta 10kg,3,460.74,Delivered,1
ORD-101299,2026-08-06,South,Kerala,Kochi,Apparel,KURTA,1,959.85,DELIVERED,4
ORD-100694,2026-07-12,North,,Delhi,  Electronics ,Smartwatch,3,5162.35,  Delivered ,2
ORD-101279,01-May-2026,West,Gujarat,Ahmedabad,Electronics,Bluetooth Speaker,1,2856.20,Delivered,3
ORD-102258,09/08/2026,North,CHANDIGARH,Chandigarh,Electronics,Wireless Earbuds,1,2675.97,SHIPPED,
ORD-103979,2026-03-27,West,goa,Panaji,GROCERY,Green Tea 100 Bags,3,338.76,Delivered,3
ORD-100029,2026-07-25,South,Kerala,kochi,Electronics,  Bluetooth Speaker ,3,3103.72,delivered,5
ORD-104983,04/09/2026,North,CHANDIGARH,Chandigarh,Health & Beauty,Face Wash,5,243.27,Delivered,2
ORD-101484,2026-03-20,Southern,Karnataka,BENGALURU,ELECTRONICS,Smartphone,1,17622.75,  Delivered ,3
ORD-101231,31-Jan-2026,South,KARNATAKA,bengaluru,  Electronics ,Bluetooth Speaker,3,2955.17,Delivered,3
ORD-101848,2026-01-13,South,Tamil Nadu,Madras,Health & Beauty,Vitamin C Tablets,2,594.05,Delivered,4
ORD-100241,2026-07-30,CENTRAL,Madhya Pradesh,Bhopal,Health and Beauty,Face Wash,2,243.15,Delivered,4
ORD-102485,2026-03-17,South,Tamil Nadu,Chennai,home & kitchen,MIXER GRINDER,4,3734.07,Delivered,5
ORD-102977,31/05/2026,South,Kerala,Kochi,Grocery,Dry Fruits 500g,3,753.16,Delivered,3
ORD-104116,19-May-2026,North,  Chandigarh ,chandigarh,Grocery,Cooking Oil 1L,4,189.74,Delivered,1
ORD-100248,19/08/2026,north,Chandigarh,Chandigarh,Health & Beauty,Vitamin C Tablets,1,524.03,Shipped,
ORD-102796,2026-01-07,North,Haryana,Gurugram,GROCERY,  Atta 10kg ,1,505.91,Shipped,
ORD-102016,2026-01-30,East,bihar,Patna,Clothing,Cotton T-Shirt,3,452.13,Shipped,
ORD-104578,2026-08-12,NORTH,Uttar Pradesh,Lucknow,Apparel,Winter Jacket,1,2298.25,Pending,
ORD-103604,2026-09-20,West,Maharashtra,Pune,Grocery,Atta 10kg,2,533.03,Pending,
ORD-100581,2026-02-14,West,Goa,Panaji,Home & Kitchen,LED Bulb Pack,1,427.71,Delivered,4
ORD-103816,26/04/2026,South,  Tamil Nadu ,Chennai,Grocery,Green Tea 100 Bags,2,327.11,Delivered,3
ORD-104482,2026-04-30,Southern,Telangana,hyderabad,Grocery,Cooking Oil 1L,2,182.02,Delivered,4
ORD-103851,31/02/2026,West,Maharashtra,Mumbai,Home & Kitchen,Non-Stick Pan,4,912.79,Delivered,3
ORD-100826,2026-07-30,West,Maharashtra,Mumbai,Home & Kitchen,Bedsheet Set,6,1142.91,DELIVERED,1
ORD-103725,2026-03-29,South,telangana,Hyderabad,Home & Kitchen,Mixer Grinder,1,3762.55,Delivered,3
ORD-103914,2026-07-29,e,bihar,  Patna ,Grocery,Basmati Rice 5kg,2,707.17,Delivered,
ORD-102952,2026-02-20,southern,Kerala,kochi,Grocery,Atta 10kg,2,532.78,Delivered,2
ORD-102204,2026-01-30,West,Maharashtra,Mumbai,Apparel,Winter Jacket,4,2498.75,Returned,2
ORD-104591,2026-08-10,East,West Bengal,Kolkata,Home & Kitchen,  Pressure Cooker ,1,1882.47,Delivered,8
ORD-102028,2026-02-18,North,rajasthan,Jaipur,Electronics,Wireless Earbuds,1,2298.07,Delivered,5
ORD-101650,2026-09-26,South,Telangana,Hyderabad,Health & Beauty,Face Wash,2,269.75,Delivered,1
ORD-100375,06-Sep-2026,Southern,Kerala,Kochi,  Health & Beauty ,  Sunscreen ,1,429.36,RETURNED,4
ORD-103970,25-Aug-2026,East,Assam,Guwahati,Health and Beauty,Shampoo 400ml,1,361.26,Delivered,5
ORD-100709,09-Sep-2026,North,Rajasthan,Jaipur,Health & Beauty,Sunscreen,1,442.28,returned,
ORD-104788,2026-06-14,Central,Maharashtra,nagpur,Electronics,Bluetooth Speaker,1,3197.03,Shipped,
ORD-101873,2026-06-03,South,Tamil Nadu,Chennai,Electronics,Power Bank,1,1348.22,DELIVERED,
ORD-100799,2026-06-24,West,Gujarat,Ahmedabad,Electronics,Power Bank,2,1210.68,Delivered,3
12345,2026-08-31,Central,  Maharashtra ,Nagpur,Apparel,Cotton T-Shirt,1,453.44,Returned,3
ORD-100635,24/07/2026,North,Uttar Pradesh,Lucknow,Electronics,smartphone,1,20722.52,Delivered,3
ORD-103375,2026-07-18,South,Tamil Nadu,chennai,Electronics,Bluetooth Speaker,1,2963.13,Pending,
ORD-102166,14-Jun-2026,North,Uttar Pradesh,Lucknow,Grocery,dry fruits 500g,1,809.49,delivered,3
ORD-103873,11/07/2026,East,West Bengal,  Kolkata ,Apparel,Running Shoes,2,2959.55,Delivered,6
ORD-102591,2026-01-23,North,Uttar Pradesh,Lucknow,Clothing,Running Shoes,2,3132.74,Completed,2
ORD-104441,09-Jul-2026,South,,Kochi,Electronics,Bluetooth Speaker,1,2916.60,Delivered,1
ORD-104766,2026-01-29,north,Delhi,Delhi,Apparel,Kurta,1,896.96,Canceled,
ORD-102749,2026-03-04,Central,Madhya Pradesh,Indore,Electronics,Smartphone,3,20825.15,Shipped,
ORD-102012,28/05/2026,South,  Telangana ,Hyderabad,Grocery,cooking oil 1l,3,185.37,shipped,
ORD-103321,2026-07-07,N,Delhi,Delhi,Electronics,smartphone,1,18722.66,Delivered,3
ORD-104426,2026-04-26,North,Rajasthan,JAIPUR,grocery,Dry Fruits 500g,2,827.57,Shipped,
ORD-103840,2026-03-25,  North ,Delhi,Delhi,Grocery,Basmati Rice 5kg,3,638.07,Delivered,3
ORD-100056,2026-06-23,South,Karnataka,Bengaluru,Electronics,Power Bank,2,1199.86,delivered,5
ORD-103428,2026-02-07,North,Delhi,Delhi,Grocery,Basmati Rice 5kg,4,664.95,RETURNED,5
ORD-103514,10-Apr-2026,West,Goa,Panaji,Apparel,Cotton T-Shirt,1,503.54,Shipped,
ORD-100850,2026-05-23,Southern,Karnataka,Bengaluru,Home & Kitchen,Pressure Cooker,1,1775.64,Pending,
ORD-102810,2026-08-26,east,West Bengal,Kolkata,Apparel,Denim Jeans,abc,1385.41,Shipped,
ORD-101345,2026-08-16,South,,Kochi,Groceries,Dry Fruits 500g,1,754.03,Delivered,4
ORD-100471,2026-05-26,west,  Maharashtra ,Mumbai,Grocery,DRY FRUITS 500G,3,729.64,Delivered,3
ORD-100307,25/09/2026,South,Telangana,Hyderabad,Health & Beauty,Shampoo 400ml,1,362.89,Delivered,2
ORD-102161,2026-02-07,North,Haryana,Gurugram,Groceries,Atta 10kg,3,460.30,Delivered,5
ORD-101560,2026-07-20,East,Odisha,Bhubaneswar,Apparel,Cotton T-Shirt,1,501.76,Returned,4
ORD-102606,2026-07-12,Western,Maharashtra,Pune,Apparel,  Cotton T-Shirt ,2,515.45,Delivered,3
ORD-103842,2027-03-15,West,Gujarat,Ahmedabad,Home & Kitchen,Non-Stick Pan,1,913.73,Delivered,3
ORD-103262,2026-05-23,  West ,goa,panaji,Grocery,Cooking Oil 1L,3,200.87,Shipped,
ORD-101711,2026-07-25,  North ,Delhi,Delhi,Electronics,Power Bank,1,1404.31,Delivered,2
,2026-06-13,South,Karnataka,Bengaluru,Grocery,Green Tea 100 Bags,3,315.12,delivered,1
ORD-102006,2026-02-07,West,,Mumbai,Home & Kitchen,LED Bulb Pack,2,382.64,Delivered,2
ORD-101383,2026-08-18,North,Chandigarh,Chandigarh,Electronics,bluetooth speaker,5,2803.33,Delivered,2
ORD-100334,2026-05-21,North,Haryana,Gurugram,Grocery,Green Tea 100 Bags,4,363.67,Completed,2
12345,2026-07-19,South,Telangana,Hyderabad,Grocery,Atta 10kg,2,466.37,Delivered,2
ORD-104855,2026-04-18,East,Odisha,Bhubaneswar,Grocery,Green Tea 100 Bags,2,317.02,Pending,
ORD-103705,2026-01-05,  East ,,Patna,Health & Beauty,Shampoo 400ml,2,435.73,Delivered,5
ORD-100972,2026-03-27,North,Uttar Pradesh,lucknow,Apparel,Denim Jeans,1,1378.15,Cancelled,
ORD-104296,2026-07-21,North,Delhi,Delhi,Grocery,Green Tea 100 Bags,4,353.41,Delivered,3
ORD-103396,2026-07-16,EAST,odisha,  Bhubaneswar ,Grocery,Dry Fruits 500g,3,798.61,delivered,4
ORD-104038,16-Sep-2026,East,west bengal,Kolkata,Apparel,Cotton T-Shirt,1,514.07,Delivered,7
ORD-104249,16-Aug-2026,West,Goa,Panaji,Home & Kitchen,Bedsheet Set,1,1193.04,Delivered,2
ORD-101084,2026-09-24,North,Uttar Pradesh,Lucknow,Electronics,Smartwatch,1,4750.35,Pending,
ORD-101131,2026-02-02,South,Karnataka,Bengaluru,Grocery,Atta 10kg,4,502.11,Shipped,
ORD-102928,2026-01-15,South,Karnataka,Bangalore,Grocery,Cooking Oil 1L,4,184.25,Canceled,
ORD-103041,2026-08-16,north,  Delhi ,Delhi,Electronics,Smartphone,1,19779.31,Canceled,
ORD-101206,17/05/2026,West,Goa,Panaji,Apparel,winter jacket,2,2301.49,Returned,2
ORD-100975,03/08/2026,West,Maharashtra,  Mumbai ,Home & Kitchen,LED Bulb Pack,2,374.90,Delivered,5
ORD-101792,2026-05-22,South,Tamil Nadu,Chennai,Home and Kitchen,Bedsheet Set,2,1262.59,PENDING,
ORD-101809,2026-06-20,South,Karnataka,Bengaluru,Health & Beauty,Sunscreen,1,455.54,Delivered,2
ORD-103365,2026-02-02,East,Bihar,Patna,Health & Beauty,Shampoo 400ml,2,373.73,Delivered,5
ORD-102732,2026-09-15,N,uttar pradesh,Lucknow,Electronics,Smartphone,1,19865.86,Cancelled,
ORD-103695,2026-06-25,West,Gujarat,Ahmedabad,Electronics,  Wireless Earbuds ,2,2660.06,  Delivered ,4
ORD-103864,2026-09-18,East,Odisha,Bhubaneswar,Health & Beauty,Face Wash,2,237.43,Delivered,7
ORD-100457,25/03/2026,Central,Maharashtra,Nagpur,Grocery,Green Tea 100 Bags,4,317.92,Shipped,
ORD-102847,2026-05-02,Central,Maharashtra,NAGPUR,Home & Kitchen,Pressure Cooker,2,1905.44,Delivered,4
ORD-103074,2026-07-20,West,Maharashtra,Pune,Health & Beauty,hair dryer,1,1523.70,Delivered,2
ORD-101893,2026-05-12,West,Maharashtra,Pune,health & beauty,Vitamin C Tablets,1,562.75,Delivered,4
ORD-101292,23/05/2026,South,Telangana,Hyderabad,Grocery,Green Tea 100 Bags,4,334.63,Delivered,5
ORD-101655,27/08/2026,West,GOA,PANAJI,Home & Kitchen,Bedsheet Set,1,1081.01,Delivered,3
ORD-102908,2026-02-25,West,Maharashtra,  Pune ,  Grocery ,Dry Fruits 500g,1,760.95,Delivered,2
,12-Aug-2026,North,Delhi,delhi,Electronics,Smartphone,2,19447.27,RETURNED,1
ORD-101817,16/04/2026,West,Goa,Panaji,Home & Kitchen,Mixer Grinder,1,3194.02,delivered,4
ORD-101207,2026-06-06,SOUTH,Karnataka,Bengaluru,Grocery,Dry Fruits 500g,3,765.05,  Delivered ,3
ORD-102377,2026-07-15,North,Rajasthan,Jaipur,  Home & Kitchen ,Non-Stick Pan,2,947.47,Delivered,5
ORD-101561,2026-07-03,West,GUJARAT,Ahmedabad,health & beauty,  Face Wash ,2,273.39,Cancelled,
ORD-102489,2026-05-25,North,Delhi,Delhi,Grocery,basmati rice 5kg,3,617.36,Delivered,3
ORD-102015,20-Sep-2026,West,  Gujarat ,Ahmedabad,Electronics,Smartphone,2,18187.04,Delivered,2
ORD-101166,2026-05-22,North,Chandigarh,Chandigarh,Electronics,Smartwatch,2,5176.52,Delivered,3
ORD-101088,15-Aug-2026,West,,Panaji,Home & Kitchen,LED Bulb Pack,3,438.12,Completed,4
ORD-100538,2026-08-28,East,,Patna,electronics,Power Bank,2,1280.28,delivered,7
ORD-104357,17-Mar-2026,South,Kerala,Kochi,Grocery,Green Tea 100 Bags,7,324.37,Delivered,2
ORD-102462,2026-02-17,South,Telangana,Hyderabad,Grocery,Atta 10kg,4,479.66,Lost,2
ORD-102545,2026-02-24,Central,Maharashtra,Nagpur,  Home & Kitchen ,Non-Stick Pan,3,1066.57,Cancelled,
ORD-100018,16/07/2026,West,  Maharashtra ,,Grocery,Basmati Rice 5kg,3,619.24,Delivered,3
ORD-100883,2026-01-30,Central,Maharashtra,Nagpur,Electronics,Bluetooth Speaker,1,3126.79,Delivered,3
ORD-104480,2026-09-28,North,Delhi,Delhi,Health & Beauty,Vitamin C Tablets,3,579.67,delivered,1
ORD-101637,31-Jul-2026,West,Maharashtra,mumbai,Groceries,Atta 10kg,2,526.84,Delivered,3
ORD-101056,2026-02-21,western,gujarat,Ahmedabad,GROCERY,Cooking Oil 1L,4,171.99,Delivered,
ORD-102980,2026-03-10,Central,Madhya Pradesh,Indore,home & kitchen,LED Bulb Pack,3,375.80,Delivered,5
ORD-101851,2026-04-11,South,Kerala,Kochi,grocery,Basmati Rice 5kg,2,677.76,Delivered,3
ORD-100137,2026-06-08,North,Rajasthan,Jaipur,Electronics,Smartwatch,1,4532.70,Delivered,3
ORD-104100,2026-04-07,North,  Uttar Pradesh ,Lucknow,Electronics,Smartphone,2,18599.09,Returned,2
ORD-104529,02/06/2026,South,Telangana,Hyderabad,  Home & Kitchen ,Non-Stick Pan,1,1062.84,Delivered,2
ORD-102332,2026-05-23,N,Rajasthan,Jaipur,Health & Beauty,  Vitamin C Tablets ,1,574.79,Delivered,2
ORD-101944,19/03/2026,South,Tamil Nadu,Chennai,Apparel,winter jacket,1,2289.70,Shipped,
ORD-104939,2026-04-10,North,Haryana,Gurugram,Grocery,Basmati Rice 5kg,1,663.50,Pending,
ORD-100469,02/03/2026,east,West Bengal,  Calcutta ,,  Hair Dryer ,2,1714.68,  Delivered ,5
ORD-102304,2026-05-11,North,  Rajasthan ,Jaipur,Health & Beauty,Shampoo 400ml,1,390.98,Delivered,5
ORD-102913,2026-07-24,South,  Tamil Nadu ,CHENNAI,Grocery,Green Tea 100 Bags,1,334.63,Canceled,
ORD-101923,2026-02-25,West,Maharashtra,Bombay,Electronics,Smartphone,1,20324.68,Delivered,
ORD-100149,03/03/2026,Central,Maharashtra,Nagpur,Electronics,Smartwatch,3,5013.32,  Returned ,5
ORD-100685,2026-07-31,West,Gujarat,Ahmedabad,Groceries,Cooking Oil 1L,5,197.65,Shipped,
ORD-100287,2026-04-13,West,Maharashtra,Pune,  Grocery ,Dry Fruits 500g,5,862.25,Delivered,2
ORD-102325,2026-06-26,West,Gujarat,Ahmedabad,Apparel,Running Shoes,2,2778.78,delivered,1
ORD-104888,10/08/2026,East,Bihar,Patna,Electronics,Power Bank,2,1416.58,PENDING,
,2026-04-19,east,Assam,GUWAHATI,Grocery,Cooking Oil 1L,2,194.05,pending,
ORD-102705,19-Feb-2026,West,Maharashtra,Mumbai,Electronics,Bluetooth Speaker,4,2775.82,Delivered,3
ORD-104541,2026-07-25,North,Chandigarh,Chandigarh,Apparel,  Kurta ,1,954.52,Shipped,
ORD-102635,20/04/2026,North,Delhi,Delhi,Home & Kitchen,Pressure Cooker,2,1710.50,  Delivered ,4
ORD-104003,2026-01-13,West,Gujarat,Ahmedabad,Grocery,Basmati Rice 5kg,-3,703.31,Delivered,3
ORD-101727,2026-09-01,E,Bihar,Patna,Home & Kitchen,Mixer Grinder,2,3751.12,Delivered,5
ORD-102672,2026-09-20,North,Delhi,Delhi,Electronics,Smartphone,3,19798.74,Pending,
ORD-104065,2026-05-21,north,Chandigarh,chandigarh,Grocery,Dry Fruits 500g,3,854.95,Delivered,3
ORD-102375,2026-09-16,SOUTH,Telangana,Hyderabad,Health & Beauty,Shampoo 400ml,3,395.00,Pending,
ORD-101326,09/01/2026,North,delhi,Delhi,Home & Kitchen,Bedsheet Set,1,1251.24,Cancelled,
ORD-101652,07/01/2026,Central,Madhya Pradesh,Indore,  Health & Beauty ,Shampoo 400ml,1,372.79,Delivered,6
ORD-103723,04/09/2026,North,Delhi,Delhi,electronics,Wireless Earbuds,1,2660.94,Delivered,1
ORD-102210,03/06/2026,west,Goa,panaji,grocery,COOKING OIL 1L,1,200.74,Delivered,2
ORD-101028,2026-05-15,East,Odisha,Bhubaneswar,Home & Kitchen,Bedsheet Set,2,1191.55,Delivered,5
ORD-103903,2026-07-18,south,Tamil Nadu,Chennai,Health & Beauty,Sunscreen,1,493.34,Delivered,4
ORD-102360,2026-04-30,South,Kerala,Kochi,Home & Kitchen,Mixer Grinder,1,3819.47,Pending,
ORD-101291,2026-04-30,North,Haryana,Gurugram,Grocery,Green Tea 100 Bags,1,371.80,Delivered,
ORD-102156,2026-03-10,south,Tamil Nadu,Chennai,Grocery,dry fruits 500g,5,800.12,Delivered,4
ORD-100646,2026-01-29,SOUTH,Karnataka,Bangalore,Grocery,Dry Fruits 500g,1,796.86,Delivered,1
ORD-101656,2026-05-25,West,Maharashtra,Mumbai,Electronics,Smartwatch,1,5342.09,Completed,4
ORD-103004,2026-09-07,CENTRAL,Chhattisgarh,Raipur,Health & Beauty,Sunscreen,2,454.32,DELIVERED,
ORD-100087,2026-06-22,East,West Bengal,Kolkata,Electronics,Power Bank,2,1224.65,Delivered,5
ORD-101043,2026-08-30,north,Rajasthan,Jaipur,Apparel,Denim Jeans,1,1469.23,Delivered,5
ORD-103493,2026-07-25,  South ,Tamil Nadu,Chennai,Home & Kitchen,Bedsheet Set,3,1209.16,DELIVERED,1
ORD-103828,2026-09-24,North,Rajasthan,Jaipur,Grocery,Dry Fruits 500g,3,809.02,Delivered,2
ORD-104928,2026-01-16,N,Rajasthan,Jaipur,APPAREL,Kurta,1,881.89,delivered,2
ORD-100077,2026-06-15,North,Haryana,Gurugram,Home & Kitchen,LED Bulb Pack,3,399.02,Delivered,2
ORD-102866,27/02/2026,Central,maharashtra,Nagpur,GROCERY,Atta 10kg,5,488.63,Delivered,2
ORD-101883,2026-08-30,CENTRAL,Maharashtra,Nagpur,Grocery,  Basmati Rice 5kg ,1,657.38,Delivered,3
ORD-103328,16/07/2026,West,Maharashtra,pune,Apparel,WINTER JACKET,1,2291.96,  Delivered ,3
ORD-101595,2026-03-17,South,Telangana,,  Apparel ,Cotton T-Shirt,3,490.30,Returned,3
ORD-104182,05/07/2026,NORTH,Delhi,Delhi,Electronics,power bank,2,1185.83,Delivered,3
ORD-104849,22/09/2026,North,Uttar Pradesh,Lucknow,Apparel,Winter Jacket,1,2421.60,Cancelled,
ORD-103539,2026-09-27,South,Tamil Nadu,Chennai,Electronics,Power Bank,2,1364.92,Cancelled,
ORD-102649,2026-09-13,NORTH,Rajasthan,Jaipur,Electronics,Wireless Earbuds,1,2630.80,Delivered,3
ORD-104276,24-Apr-2026,North,uttar pradesh,Lucknow,Home & Kitchen,Mixer Grinder,1,3661.20,Delivered,4
ORD-101493,2027-03-15,north,,Jaipur,home & kitchen,Pressure Cooker,1,1749.79,Shipped,
ORD-103253,2026-08-19,SOUTHERN,Tamil Nadu,Chennai,Grocery,Basmati Rice 5kg,1,660.68,Delivered,3
ORD-102481,14/07/2026,West,Maharashtra,Pune,Grocery,Cooking Oil 1L,1,172.23,Shipped,
ORD-104123,2026-07-21,North,Chandigarh,Chandigarh,  Health & Beauty ,shampoo 400ml,1,435.82,Shipped,
ORD-101147,06/08/2026,East,Odisha,,Apparel,Denim Jeans,1,1594.43,Delivered,7
ORD-102482,2026-03-13,West,Gujarat,  Ahmedabad ,Home & Kitchen,Non-Stick Pan,2,1003.76,Delivered,3
ORD-101678,2026-08-05,South,Karnataka,Bengaluru,  Grocery ,Atta 10kg,1,502.78,Shipped,
ORD-103752,2026-04-10,North,Uttar Pradesh,Lucknow,Health and Beauty,FACE WASH,3,224.32,Delivered,1
ORD-103159,15/08/2026,North,Haryana,Gurugram,Apparel,Denim Jeans,3,1522.78,Delivered,3
ORD-103085,25/04/2026,East,Odisha,bhubaneswar,Grocery,Atta 10kg,2,513.53,Delivered,
ORD-102575,2026-08-21,N,Rajasthan,Jaipur,Grocery,Atta 10kg,3,533.28,Shipped,
ORD-101698,2026-02-05,South,Kerala,Kochi,  Home & Kitchen ,mixer grinder,2,3566.09,Delivered,4
ORD-101182,2026-07-16,South,telangana,Hyderabad,Apparel,Running Shoes,1,2945.93,Delivered,3
ORD-104497,23/09/2026,west,,Panaji,Electronics,Wireless Earbuds,1,2427.61,Delivered,2
ORD-100060,2026-05-18,North,Haryana,,Grocery,Basmati Rice 5kg,4,592.32,Delivered,2
ORD-103658,2026-06-12,North,Delhi,NEW DELHI,Apparel,Kurta,2,956.48,Returned,4
ORD-100086,2026-06-27,south,Karnataka,Bengaluru,Grocery,Dry Fruits 500g,4,799.39,Delivered,1
ORD-102323,2026-08-13,North,Haryana,Gurugram,Electronics,Wireless Earbuds,2,2311.06,Delivered,1
ORD-104555,2026-02-14,West,Gujarat,Ahmedabad,Apparel,Denim Jeans,3,1425.67,Shipped,
ORD-103482,2026-07-15,North,Haryana,Gurugram,Electronics,Wireless Earbuds,2,2407.47,Delivered,2
ORD-102532,2026-09-12,North,Haryana,GURUGRAM,Grocery,Basmati Rice 5kg,5,655.13,Delivered,
ORD-101728,2026-09-20,West,Maharashtra,Pune,clothing,denim jeans,3,1503.39,Cancelled,
ORD-103079,2026-07-28,South,Kerala,Kochi,Grocery,Dry Fruits 500g,1,827.76,Delivered,3
ORD-103195,2026-02-10,South,tamil nadu,CHENNAI,Health & Beauty,Vitamin C Tablets,2,505.45,Delivered,5
ORD-101289,04/09/2026,Western,Maharashtra,Pune,Home & Kitchen,Pressure Cooker,1,1744.29,Pending,
ORD-104603,27/08/2026,  North ,Delhi,Delhi,Electronics,Bluetooth Speaker,2,3199.18,Delivered,4
ORD-104572,2026-07-16,North,Uttar Pradesh,Lucknow,Grocery,Cooking Oil 1L,1,191.33,Delivered,1
ORD-103318,2026-08-01,North,Uttar Pradesh,Lucknow,electronics,Smartphone,1,20025.84,Pending,
ORD-102068,2026-06-18,South,Karnataka,Bengaluru,  Apparel ,Denim Jeans,1,1554.02,  Returned ,2
ORD-104294,2026-06-20,North,Haryana,Gurugram,Apparel,Denim Jeans,1,1393.16,Delivered,3
ORD-101477,31/08/2026,North,DELHI,Delhi,Grocery,Basmati Rice 5kg,3,698.20,Returned,4
ORD-102619,2026-09-22,South,Telangana,Hyderabad,Grocery,Dry Fruits 500g,1,816.31,Delivered,3
ORD-103010,24/03/2026,West,maharashtra,Pune,Apparel,Kurta,2,976.45,Delivered,1
ORD-102418,2026-05-21,West,Goa,Panaji,Health & Beauty,SUNSCREEN,1,434.96,Delivered,5
ORD-102438,30/01/2026,South,Kerala,Kochi,Grocery,Atta 10kg,3,455.54,DELIVERED,4
ORD-104204,2026-07-01,Central,Chhattisgarh,Raipur,Grocery,Dry Fruits 500g,3,811.86,Canceled,
ORD-100791,2026-06-30,South,,Bengaluru,Grocery,Green Tea 100 Bags,4,347.02,Delivered,2
ORD-103463,2026-05-02,South,Telangana,Hyderabad,Electronics,Power Bank,1,1225.76,Pending,
ORD-103149,03/02/2026,WEST,Maharashtra,Pune,GROCERY,  Cooking Oil 1L ,3,184.17,Delivered,2
ORD-104812,2026-04-29,  East ,Bihar,Patna,Home & Kitchen,Non-Stick Pan,3,1045.21,Completed,5
ORD-101312,2026-04-14,NORTH,Chandigarh,Chandigarh,Health & Beauty,Shampoo 400ml,3,415.59,Delivered,2
ORD-100586,2026-05-08,East,West Bengal,Kolkata,Apparel,Running Shoes,1,3197.69,Delivered,5
ORD-104533,2026-03-11,South,Telangana,Hyderabad,Apparel,Cotton T-Shirt,1,454.58,Shipped,
ORD-100150,2026-08-02,north,Delhi,Delhi,Home & Kitchen,Bedsheet Set,4,1269.03,Delivered,2
ORD-100751,2026-04-04,Central,Chhattisgarh,Raipur,Electronics,Smartphone,3,17218.20,Delivered,2
ORD-100813,08/02/2026,Central,Chhattisgarh,Raipur,  Apparel ,winter jacket,1,2266.43,Delivered,6
ORD-104061,2026-09-14,Central,Chhattisgarh,RAIPUR,Electronics,  Wireless Earbuds ,3,2476.55,Delivered,3
ORD-103980,2026-06-26,North,Delhi,New Delhi,GROCERY,BASMATI RICE 5KG,1,665.52,Delivered,3
ORD-104706,07-Jul-2026,Southern,Telangana,Hyderabad,Apparel,Kurta,2,838.71,Delivered,4
ORD-104584,2026-03-25,CENTRAL,Chhattisgarh,  Raipur ,Home & Kitchen,Mixer Grinder,3,3540.17,  Delivered ,3
ORD-100359,2026-01-09,North,Uttar Pradesh,Lucknow,Electronics,Bluetooth Speaker,1,2847.26,Pending,
ORD-104343,2026-09-27,  Central ,Madhya Pradesh,Indore,Grocery,Dry Fruits 500g,2,843.16,  Delivered ,2
ORD-101942,2026-06-24,South,Karnataka,Bengaluru,Grocery,Dry Fruits 500g,1,852.96,DELIVERED,3
ORD-103680,04/09/2026,North,  Haryana ,Gurugram,Electronics,Bluetooth Speaker,2,2733.87,Completed,1
ORD-103609,2026-01-15,South,Kerala,kochi,Grocery,Atta 10kg,1,485.68,Delivered,3
ORD-103549,19-Jun-2026,Central,  Chhattisgarh ,Raipur,Grocery,Cooking Oil 1L,1,175.92,Pending,
ORD-103148,22-Jul-2026,East,Assam,Guwahati,Health & Beauty,Sunscreen,4,444.09,Delivered,3
ORD-100133,2026-06-30,North,Delhi,Delhi,ELECTRONICS,Wireless Earbuds,2,2289.36,Delivered,2
ORD-104953,2026-02-24,SOUTH,Telangana,Hyderabad,clothing,Kurta,1,897.36,Delivered,2
ORD-102289,2026-05-05,East,WEST BENGAL,kolkata,Home and Kitchen,Bedsheet Set,4,1192.31,delivered,6
ORD-100193,2026-08-18,West,Gujarat,Ahmedabad,  Electronics ,Power Bank,1,1253.05,Delivered,2
ORD-103000,17-Jun-2026,North,Haryana,Gurugram,Apparel,  Kurta ,1,963.51,Delivered,4
ORD-100569,14-Feb-2026,  North ,Uttar Pradesh,Lucknow,Home & Kitchen,Pressure Cooker,2,1878.54,  Shipped ,
ORD-100082,27-Jan-2026,West,Gujarat,Ahmedabad,Electronics,Smartphone,2,20782.85,Delivered,2
ORD-103170,2026-05-30,Western,Maharashtra,Mumbai,Grocery,Green Tea 100 Bags,1,319.01,Delivered,3
ORD-100011,2026-07-14,North,Chandigarh,Chandigarh,grocery,Basmati Rice 5kg,1,586.85,Delivered,3
ORD-104235,12/08/2026,North,Rajasthan,Jaipur,  Grocery ,Green Tea 100 Bags,5,314.30,Shipped,
ORD-104094,2026-08-05,East,Bihar,  Patna ,electronics,Wireless Earbuds,3,2411.32,Delivered,8
ORD-101341,2026-02-27,Central,,Raipur,Apparel,  Denim Jeans ,2,1366.89,Delivered,5
ORD-101246,2027-03-15,Central,Maharashtra,Nagpur,Health & Beauty,shampoo 400ml,1,371.71,Delivered,2
ORD-101538,2026-02-18,South,Karnataka,Bangalore,Apparel,winter jacket,1,2318.48,Shipped,
ORD-100765,2026-07-22,West,maharashtra,Mumbai,Grocery,Green Tea 100 Bags,2,343.35,Delivered,4
ORD-101964,2026-04-03,West,Maharashtra,Pune,Apparel,Kurta,1,832.84,Delivered,2
ORD-102135,2026-03-14,N,Delhi,Delhi,Electronics,Wireless Earbuds,1,2642.11,Delivered,1
ORD-104194,2026-09-08,  Central ,Madhya Pradesh,Indore,Home & Kitchen,bedsheet set,1,1288.80,Shipped,
ORD-102197,2026-02-07,East,Odisha,Bhubaneswar,Home & Kitchen,Mixer Grinder,1,3250.60,Delivered,4
ORD-101405,04/07/2026,South,Tamil Nadu,Chennai,Electronics,Bluetooth Speaker,1,2900.29,Delivered,2
ORD-100001,2026-07-01,North,Chandigarh,Chandigarh,Electronics,Wireless Earbuds,3,2590.49,Delivered,4
ORD-104338,16/05/2026,South,Telangana,HYDERABAD,Grocery,Basmati Rice 5kg,2,627.66,Shipped,
ORD-103507,2026-08-25,North,Haryana,Gurugram,Home & Kitchen,Non-Stick Pan,1,974.56,Delivered,1
ORD-101104,13/09/2026,South,telangana,Hyderabad,Electronics,BLUETOOTH SPEAKER,3,2797.80,Delivered,2
ORD-101740,15/07/2026,N,Chandigarh,Chandigarh,Home & Kitchen,  LED Bulb Pack ,1,359.78,Delivered,3
ORD-102130,2026-04-21,West,Gujarat,Ahmedabad,Apparel,Running Shoes,3,3166.43,Delivered,2
ORD-104960,04/07/2026,North,Haryana,Gurgaon,Home & Kitchen,Pressure Cooker,1,2009.36,Delivered,3
ORD-104491,2026-08-16,South,Karnataka,Bengaluru,Electronics,Smartwatch,1,4537.21,Returned,3
ORD-100645,20/02/2026,  West ,Maharashtra,Mumbai,Apparel,Denim Jeans,1,1530.14,Cancelled,
ORD-102569,2026-09-24,Central,Maharashtra,Nagpur,Grocery,Dry Fruits 500g,8,793.07,Delivered,3
ORD-102021,21-Aug-2026,North,Chandigarh,Chandigarh,Apparel,Denim Jeans,2,1560.29,Shipped,
ORD-104033,2026-08-02,West,Gujarat,Ahmedabad,electronics,Smartphone,2,18772.78,pending,
ORD-103257,2026-03-31,North,delhi,Delhi,Electronics,Wireless Earbuds,3,2616.55,Delivered,2
ORD-102255,08/06/2026,West,Gujarat,Ahmedabad,Electronics,Bluetooth Speaker,1,2703.50,RETURNED,3
ORD-101025,2026-09-12,southern,Telangana,Hyderabad,Electronics,Smartwatch,1,5386.20,Delivered,4
ORD-101564,2026-05-11,  West ,Maharashtra,Bombay,APPAREL,Winter Jacket,1,2709.37,Pending,
ORD-100348,2026-06-27,south,Kerala,Kochi,Grocery,Green Tea 100 Bags,3,341.54,Delivered,4
ORD-103923,10-Sep-2026,East,Odisha,Bhubaneswar,,Smartphone,1,18235.11,Delivered,4
ORD-103577,2026-08-01,North,Haryana,gurugram,Grocery,Basmati Rice 5kg,2,678.64,Shipped,
ORD-101553,2026-07-19,West,Maharashtra,Pune,Health & Beauty,Sunscreen,3,434.34,Delivered,
ORD-103389,2026-05-12,South,Tamil Nadu,Chennai,Grocery,Basmati Rice 5kg,2,629.12,  Delivered ,4
ORD-101807,12/02/2026,South,Telangana,  Hyderabad ,  Electronics ,Smartphone,1,18030.99,Delivered,2
ORD-102678,2026-06-17,West,GOA,Panaji,  Grocery ,dry fruits 500g,4,815.30,Delivered,1
ORD-101819,2026-05-26,South,Telangana,Hyderabad,Grocery,Green Tea 100 Bags,5,352.64,Delivered,4
ORD-102577,2026-04-02,South,Karnataka,Bengaluru,Apparel,  Winter Jacket ,3,2294.29,  Delivered ,2
ORD-103446,2026-08-24,South,Kerala,Kochi,Apparel,Running Shoes,3,3268.56,Delivered,2
ORD-104699,02-Aug-2026,South,Telangana,Hyderabad,Electronics,Wireless Earbuds,2,2666.55,Delivered,1
ORD-103587,2026-05-06,  Central ,,Bhopal,Grocery,Atta 10kg,3,503.32,Delivered,1
ORD-101827,2026-07-09,West,Maharashtra,mumbai,Grocery,Green Tea 100 Bags,1,337.31,DELIVERED,3
ORD-104435,2026-05-29,South,,Chennai,Grocery,Basmati Rice 5kg,2,694.31,Delivered,3
ORD-103708,27/07/2026,North,Uttar Pradesh,Lucknow,Health & Beauty,Sunscreen,1,457.42,  Delivered ,3
ORD-101121,25-Aug-2026,South,Kerala,Kochi,ELECTRONICS,Power Bank,4,1331.91,Completed,3
ORD-104732,2026-04-04,South,Telangana,Hyderabad,Grocery,Dry Fruits 500g,2,853.19,DELIVERED,3
ORD-101460,2026-02-11,West,,Pune,Home & Kitchen,Pressure Cooker,1,1876.45,Delivered,1
ORD-104396,2026-09-30,East,West Bengal,Kolkata,Grocery,Cooking Oil 1L,4,196.81,Delivered,8
ORD-101089,2026-06-14,East,  Odisha ,Bhubaneswar,HEALTH & BEAUTY,Vitamin C Tablets,1,601.70,Delivered,
ORD-103197,2026-03-28,West,Goa,Panaji,Apparel,Kurta,1,880.35,shipped,
ORD-101283,2026-06-14,Western,Goa,Panaji,Grocery,Atta 10kg,-3,483.08,Delivered,2
12345,2026-06-05,South,Karnataka,  Bengaluru ,electronics,Power Bank,1,1179.68,Pending,
ORD-100346,2026-09-27,SOUTH,Karnataka,Bengaluru,Electronics,Wireless Earbuds,2,2614.22,Shipped,
ORD-103911,2026-05-08,North,Delhi,Delhi,Electronics,Smartphone,1,17304.32,Pending,
ORD-104432,02/04/2026,South,Karnataka,Bengaluru,Electronics,Bluetooth Speaker,1,2988.84,Delivered,2
ORD-103738,2026-08-06,West,Gujarat,Ahmedabad,Home & Kitchen,Pressure Cooker,2,1734.56,Delivered,2
ORD-103293,15-Jul-2026,  South ,Kerala,Kochi,Electronics,Bluetooth Speaker,1,2831.99,Delivered,
ORD-103168,18-Jan-2026,West,Goa,Panaji,electronics,Power Bank,2,1424.24,Shipped,
ORD-103383,03/09/2026,Central,Madhya Pradesh,Indore,Health & Beauty,Shampoo 400ml,2,410.75,  Delivered ,4
ORD-102062,19/08/2026,SOUTH,Telangana,Hyderabad,Home & Kitchen,Bedsheet Set,4,1274.53,Delivered,5
ORD-103330,2026-06-03,West,Maharashtra,Pune,Home and Kitchen,LED Bulb Pack,3,360.99,Delivered,3
ORD-101683,2026-04-18,North,Chandigarh,Chandigarh,,Running Shoes,3,3260.54,Delivered,3
ORD-103072,2026-08-16,East,Assam,Guwahati,Health & Beauty,Face Wash,3,267.38,Delivered,9
ORD-101998,2026-03-29,West,Gujarat,Ahmedabad,Home & Kitchen,Non-Stick Pan,2,904.22,Delivered,1
ORD-104912,2026-06-18,West,Goa,Panaji,Grocery,  Green Tea 100 Bags ,6,381.05,Delivered,5
ORD-102954,2026-07-14,NORTH,DELHI,New Delhi,Electronics,Bluetooth Speaker,3,2779.98,Cancelled,
ORD-101859,2026-09-13,East,  West Bengal ,Kolkata,Grocery,Basmati Rice 5kg,3,595.89,Returned,7
ORD-100351,2026-05-13,West,MAHARASHTRA,Mumbai,Apparel,Winter Jacket,2,2453.59,Delivered,3
ORD-104740,2026-05-16,South,,Hyderabad,Electronics,Smartphone,1,17452.52,Delivered,4
ORD-104216,2026-04-02,E,Assam,guwahati,grocery,BASMATI RICE 5KG,2,615.59,Delivered,5
ORD-102326,2026-08-16,North,Delhi,New Delhi,Home & Kitchen,BEDSHEET SET,3,1169.75,Delivered,1
ORD-104279,16/02/2026,North,  Rajasthan ,  Jaipur ,  Home & Kitchen ,LED Bulb Pack,1,367.27,Cancelled,
ORD-101738,2026-06-25,north,,Jaipur,Home & Kitchen,LED Bulb Pack,3,426.02,Delivered,
ORD-103176,2026-09-29,West,maharashtra,Pune,apparel,Winter Jacket,4,2533.28,Delivered,2
ORD-103258,2026-05-29,North,Chandigarh,Chandigarh,Electronics,Smartwatch,2,4617.55,Cancelled,
ORD-101103,2026-04-06,Southern,Telangana,Hyderabad,  Health & Beauty ,Sunscreen,1,436.83,completed,4
ORD-104785,2026-02-04,North,Haryana,Gurugram,Health & Beauty,Hair Dryer,1,1705.04,PENDING,
ORD-101505,2026-03-18,North,Rajasthan,Jaipur,Health & Beauty,Vitamin C Tablets,1,559.89,Delivered,3
ORD-102720,2026-01-16,South,  Telangana ,Hyderabad,Health & Beauty,Hair Dryer,2,1511.66,Delivered,
ORD-103936,19/09/2026,n,Delhi,Delhi,Electronics,Wireless Earbuds,1,2316.89,Pending,
ORD-101058,14/07/2026,North,  Chandigarh ,Chandigarh,Grocery,Cooking Oil 1L,3,195.60,Cancelled,
ORD-102572,2026-08-09,South,Kerala,Kochi,Grocery,basmati rice 5kg,3,692.49,Delivered,5
ORD-104359,2026-09-07,East,Bihar,Patna,Home & Kitchen,Mixer Grinder,2,3794.17,Delivered,8
ORD-103504,19/07/2026,NORTH,Chandigarh,Chandigarh,Apparel,Kurta,3,939.89,Cancelled,
ORD-101266,2026-03-24,East,Odisha,Bhubaneswar,Groceries,DRY FRUITS 500G,5,820.50,Delivered,3
ORD-101267,2026-06-27,South,Karnataka,Bengaluru,Electronics,Power Bank,4,1368.60,Delivered,4
ORD-102765,05/04/2026,South,Tamil Nadu,Chennai,Home & Kitchen,Pressure Cooker,2,2004.62,Delivered,3
ORD-103563,03/07/2026,Central,Chhattisgarh,Raipur,Grocery,Cooking Oil 1L,9,173.13,Delivered,2
ORD-104816,25-Jul-2026,Western,Goa,panaji,  Grocery ,Cooking Oil 1L,3,205.22,Shipped,
ORD-101794,2026-07-31,South,  Karnataka ,Bengaluru,Home & Kitchen,Non-Stick Pan,3,941.93,  Delivered ,4
ORD-100374,2026-04-05,South,,Chennai,Home & Kitchen,LED Bulb Pack,2,378.17,Delivered,1
ORD-102357,2026-07-31,West,Maharashtra,Mumbai,Grocery,Green Tea 100 Bags,3,347.06,Pending,
ORD-100887,07/03/2026,South,Telangana,Hyderabad,Apparel,Denim Jeans,2,1368.70,Delivered,6
ORD-104415,2026-01-14,East,ASSAM,Guwahati,Health & Beauty,Hair Dryer,1,1733.43,Delivered,4
ORD-102301,08/07/2026,West,Maharashtra,Pune,Grocery,Cooking Oil 1L,2,176.25,Delivered,3
ORD-104779,2026-09-16,Central,Maharashtra,Nagpur,Electronics,WIRELESS EARBUDS,2,2480.52,Delivered,3
ORD-101824,2026-07-21,Central,MAHARASHTRA,Nagpur,Grocery,Dry Fruits 500g,1,801.90,Delivered,2
ORD-101070,23/09/2026,West,Goa,Panaji,Health & Beauty,Vitamin C Tablets,3,520.77,DELIVERED,1
ORD-103594,2026-06-01,Central,Madhya Pradesh,Indore,Electronics,bluetooth speaker,1,2781.25,Cancelled,
ORD-103167,2026-06-26,South,,Hyderabad,Apparel,kurta,1,981.40,Delivered,4
ORD-103431,2026-05-16,N,,Chandigarh,Apparel,Kurta,1,959.17,Delivered,2
ORD-100419,2026-01-10,North,Chandigarh,Chandigarh,Grocery,Cooking Oil 1L,7,170.55,Delivered,4
ORD-103329,2026-06-24,South,KERALA,Kochi,Apparel,Cotton T-Shirt,2,544.45,Delivered,2
ORD-104996,31/02/2026,West,Gujarat,Ahmedabad,groceries,Basmati Rice 5kg,1,601.38,Delivered,3
ORD-100786,2026-07-31,West,,Pune,Home & Kitchen,MIXER GRINDER,2,3624.70,delivered,3
ORD-104258,05/06/2026,East,Assam,Guwahati,Grocery,Cooking Oil 1L,3,194.77,Delivered,4
ORD-100621,28/09/2026,Central,MADHYA PRADESH,Indore,Apparel,Cotton T-Shirt,1,506.66,Delivered,5
ORD-104638,2026-03-09,North,Uttar Pradesh,Lucknow,Health & Beauty,Vitamin C Tablets,1,542.14,Delivered,1
ORD-102687,2026-04-11,West,Maharashtra,pune,Home & Kitchen,LED Bulb Pack,3,429.58,Delivered,2
ORD-100615,2026-07-30,Central,Maharashtra,Nagpur,Home & Kitchen,Bedsheet Set,1,1305.81,Delivered,2
ORD-104824,2026-08-11,  East ,Assam,Guwahati,HEALTH & BEAUTY,Vitamin C Tablets,1,590.68,Pending,
ORD-103123,2026-02-10,South,Tamil Nadu,Chennai,Clothing,Denim Jeans,2,1397.53,Delivered,4
ORD-102226,2026-05-19,East,Odisha,Bhubaneswar,Home and Kitchen,Non-Stick Pan,3,1096.23,Shipped,
ORD-101300,2026-08-25,East,  Assam ,Guwahati,Apparel,Winter Jacket,1,2565.26,Delivered,6
ORD-103111,21/05/2026,E,Bihar,Patna,electronics,Smartphone,1,17432.73,Delivered,5
ORD-100345,2026-08-11,West,Maharashtra,Mumbai,grocery,Basmati Rice 5kg,2,707.33,Cancelled,
ORD-101224,2026-08-15,  South ,tamil nadu,Chennai,Health & Beauty,Face Wash,3,250.43,Delivered,1
ORD-102986,19-Apr-2026,South,Telangana,  Hyderabad ,Electronics,Wireless Earbuds,3,2336.47,DELIVERED,4
ORD-101876,2026-06-28,East,Bihar,patna,Health & Beauty,Sunscreen,1,443.38,shipped,
ORD-100311,28/06/2026,Central,Maharashtra,NAGPUR,  Grocery ,Atta 10kg,3,507.90,Delivered,4
ORD-100842,2026-03-16,Southern,Karnataka,Bengaluru,Health & Beauty,face wash,1,245.58,Completed,2
ORD-102322,30-May-2026,East,Assam,Guwahati,Grocery,Basmati Rice 5kg,2,697.77,Delivered,5
ORD-101277,2026-07-08,South,Karnataka,Bengaluru,Apparel,Denim Jeans,1,1573.40,Delivered,3
ORD-102676,2026-05-19,South,Kerala,  Kochi ,Health & Beauty,shampoo 400ml,3,427.07,Delivered,2
ORD-103633,05-Mar-2026,North,Chandigarh,Chandigarh,Grocery,Atta 10kg,4,527.72,Shipped,
ORD-104313,2026-04-03,NORTH,Haryana,Gurugram,Home and Kitchen,Non-Stick Pan,4,918.98,Delivered,2
ORD-100024,2026-01-31,North,Delhi,Delhi,Clothing,Denim Jeans,1,1406.54,Cancelled,
ORD-104961,2026-09-06,West,Maharashtra,Pune,Grocery,Dry Fruits 500g,5,794.80,Shipped,
ORD-100653,2026-04-05,East,Bihar,Patna,Health & Beauty,Shampoo 400ml,1,389.55,Cancelled,
ORD-104302,2026-08-14,West,Maharashtra,Pune,Apparel,DENIM JEANS,3,1459.99,Delivered,2
ORD-104244,2026-08-30,West,Maharashtra,Mumbai,Electronics,Smartwatch,2,4953.37,DELIVERED,2
ORD-103751,2026-08-22,WEST,  Goa ,Panaji,HEALTH & BEAUTY,Hair Dryer,3,1625.07,Delivered,1
ORD-103711,20-Jul-2026,Central,Madhya Pradesh,  Indore ,Electronics,  Power Bank ,1,1250.75,  Pending ,
ORD-100650,2026-04-01,Central,Madhya Pradesh,Bhopal,Apparel,kurta,2,970.44,Delivered,3
ORD-100526,2026-05-12,West,GOA,Panaji,Apparel,Cotton T-Shirt,1,492.76,Delivered,2
ORD-104492,2026-08-29,  South ,Kerala,Kochi,Health & Beauty,Hair Dryer,3,1581.37,Delivered,2
ORD-101186,25/09/2026,NORTH,Haryana,Gurugram,  Electronics ,Bluetooth Speaker,2,3117.14,Delivered,2
ORD-101130,2026-01-16,West,Maharashtra,Pune,Home & Kitchen,Non-Stick Pan,2,967.83,Pending,
ORD-100951,27/07/2026,South,Kerala,Kochi,Home & Kitchen,Bedsheet Set,2,1192.84,delivered,3
ORD-100755,2026-08-04,south,Karnataka,Bengaluru,Apparel,Kurta,1,850.28,Delivered,4
ORD-101694,2026-03-29,South,Karnataka,Bengaluru,Grocery,green tea 100 bags,2,353.07,Delivered,3
ORD-104413,2026-06-24,East,West Bengal,Kolkata,Home & Kitchen,Non-Stick Pan,1,966.67,Delivered,2
ORD-100758,10-Jul-2026,  Central ,,Raipur,Grocery,Dry Fruits 500g,6,798.40,Delivered,2
ORD-102740,2026-06-12,Central,Madhya Pradesh,Indore,Apparel,Winter Jacket,1,2741.46,Delivered,1
ORD-101865,08/07/2026,West,,Pune,Grocery,  Dry Fruits 500g ,6,844.85,Completed,3
ORD-102133,2026-08-24,North,Chandigarh,Chandigarh,Grocery,Dry Fruits 500g,1,743.65,SHIPPED,
ORD-101628,2026-06-03,South,Karnataka,bengaluru,Electronics,Bluetooth Speaker,2,3167.09,In Transit,
ORD-103224,2026-03-30,North,Delhi,Delhi,Home & Kitchen,Pressure Cooker,1,2070.25,Pending,
ORD-101673,20/06/2026,West,Goa,Panaji,Health & Beauty,Face Wash,1,231.34,Delivered,3
ORD-100871,2026-09-21,north,Rajasthan,jaipur,Electronics,Smartphone,1,17604.97,Delivered,4
ORD-101575,24/05/2026,North,Rajasthan,Jaipur,Apparel,Winter Jacket,1,2476.11,In Transit,
ORD-101891,2026-03-12,southern,Kerala,Kochi,Electronics,Smartwatch,2,5117.04,Pending,
ORD-103912,19/03/2026,South,  Tamil Nadu ,Chennai,Health & Beauty,Sunscreen,2,470.05,Delivered,2
ORD-100019,2026-02-20,North,chandigarh,Chandigarh,Health & Beauty,Vitamin C Tablets,1,538.46,Delivered,3
ORD-104066,2026-07-08,South,telangana,Hyderabad,  Apparel ,Cotton T-Shirt,1,525.76,Delivered,3
ORD-100841,03/08/2026,North,Uttar Pradesh,Lucknow,Electronics,smartphone,1,19559.74,Delivered,3
ORD-104459,2026-02-28,Southern,,Bengaluru,Grocery,Atta 10kg,2,485.42,Delivered,1
ORD-104911,2026-05-23,North,Rajasthan,Jaipur,Electronics,Bluetooth Speaker,1,2711.70,Delivered,3
ORD-103450,2026-08-13,North,Uttar Pradesh,Lucknow,Electronics,wireless earbuds,1,2742.87,Delivered,3
ORD-101977,25-Jul-2026,North,Haryana,Gurugram,apparel,Winter Jacket,2,2603.34,Delivered,2
ORD-104729,2026-04-21,Central,Chhattisgarh,Raipur,Grocery,Atta 10kg,4,460.67,Delivered,2
ORD-102247,2026-07-27,South,  Karnataka ,Bengaluru,grocery,Atta 10kg,4,521.20,Delivered,3
ORD-104649,2026-03-14,NORTH,Uttar Pradesh,Lucknow,Apparel,Running Shoes,1,2708.81,Delivered,3
ORD-100118,04/08/2026,South,Karnataka,Bengaluru,Electronics,BLUETOOTH SPEAKER,2,3109.27,Delivered,3
ORD-100947,2026-07-04,South,Tamil Nadu,Chennai,Apparel,Denim Jeans,2,1490.41,Delivered,3
ORD-101254,21-Apr-2026,South,,Chennai,Home & Kitchen,Bedsheet Set,4,1288.37,Pending,
ORD-103848,2026-08-17,West,Maharashtra,Bombay,Electronics,Wireless Earbuds,2,2527.24,Shipped,
ORD-102277,17-Feb-2026,North,Delhi,Delhi,Home & Kitchen,Bedsheet Set,3,1143.26,Delivered,2
ORD-102508,22/07/2026,North,Haryana,Gurugram,Electronics,Bluetooth Speaker,1,2875.55,Delivered,2
ORD-102317,2026-03-24,WEST,Goa,  Panaji ,Grocery,Atta 10kg,1,492.78,Pending,
ORD-101994,2026-05-14,North,Chandigarh,Chandigarh,Apparel,  Kurta ,1,838.29,  Delivered ,4
ORD-103534,16/01/2026,  West ,maharashtra,,grocery,Green Tea 100 Bags,3,349.22,Cancelled,
ORD-100109,2026-05-30,East,Assam,Guwahati,Health & Beauty,Hair Dryer,3,1512.12,Delivered,4
ORD-100891,2026-02-11,North,  Chandigarh ,CHANDIGARH,Home & Kitchen,LED Bulb Pack,2,394.96,SHIPPED,
ORD-102401,2026-03-06,North,CHANDIGARH,Chandigarh,Health & Beauty,Sunscreen,3,406.38,Shipped,
ORD-100008,24-May-2026,E,Assam,  Guwahati ,Grocery,  Basmati Rice 5kg ,3,607.37,Shipped,
ORD-100073,12-Mar-2026,South,Kerala,Kochi,Health & Beauty,Face Wash,1,234.65,Completed,2
ORD-104035,2026-05-22,Central,Maharashtra,Nagpur,Health & Beauty,Shampoo 400ml,1,423.51,Delivered,5
ORD-104089,2026-08-31,South,Tamil Nadu,Chennai,Grocery,Green Tea 100 Bags,2,349.99,delivered,
ORD-101687,2026-09-14,  South ,Telangana,Hyderabad,Home & Kitchen,LED Bulb Pack,1,431.48,Cancelled,
ORD-102282,2026-04-02,East,Assam,GUWAHATI,Home & Kitchen,LED Bulb Pack,1,382.60,Returned,4
ORD-103205,2026-09-11,West,Gujarat,  Ahmedabad ,ELECTRONICS,bluetooth speaker,2,3128.99,  Delivered ,1
ORD-102414,19/02/2026,North,Uttar Pradesh,Lucknow,Grocery,Basmati Rice 5kg,6,685.20,Delivered,3
ORD-100277,2026-09-18,north,Uttar Pradesh,Lucknow,Electronics,Smartphone,1,17706.55,  Pending ,
ORD-102501,30/04/2026,West,,Ahmedabad,GROCERY,Cooking Oil 1L,2,177.12,Delivered,3
ORD-100539,2026-03-25,West,Goa,panaji,Apparel,Running Shoes,3,2900.57,Completed,2
ORD-101936,09/03/2026,west,Maharashtra,Mumbai,Apparel,Kurta,2,963.62,Delivered,1
ORD-102805,2026-06-20,West,Maharashtra,Mumbai,Home & Kitchen,Non-Stick Pan,2,983.92,Delivered,2
ORD-101663,2026-09-29,North,Uttar Pradesh,Lucknow,Apparel,Winter Jacket,1,2629.59,Shipped,
ORD-101273,18-Jul-2026,West,Goa,Panaji,Home & Kitchen,Bedsheet Set,1,1097.02,Returned,2
ORD-103040,2026-09-21,  South ,,Kochi,Grocery,COOKING OIL 1L,4,184.52,Delivered,3
ORD-100598,2026-03-09,South,Tamil Nadu,Chennai,Home & Kitchen,LED Bulb Pack,2,410.84,Cancelled,
ORD-103049,21/08/2026,South,Tamil Nadu,Chennai,Home & Kitchen,Non-Stick Pan,1,911.83,delivered,1
ORD-101079,2026-05-20,West,Gujarat,Ahmedabad,Grocery,basmati rice 5kg,2,589.54,Delivered,3
ORD-103192,2026-09-20,SOUTH,,kochi,Electronics,  Bluetooth Speaker ,1,2765.18,Shipped,
ORD-103008,2026-06-13,Central,Madhya Pradesh,Indore,Grocery,Green Tea 100 Bags,3,355.53,Cancelled,
ORD-102804,2026-04-29,central,chhattisgarh,RAIPUR,Grocery,atta 10kg,2,453.46,Delivered,4
ORD-103482,2026-07-15,North,Haryana,Gurugram,Electronics,Wireless Earbuds,2,2407.47,Delivered,2
ORD-104121,2026-05-25,North,Chandigarh,Chandigarh,Electronics,Bluetooth Speaker,1,3017.72,Pending,
ORD-100761,2026-07-01,East,Odisha,Bhubaneswar,apparel,DENIM JEANS,4,1390.09,Cancelled,
ORD-102453,2026-08-01,West,MAHARASHTRA,Pune,Groceries,dry fruits 500g,2,830.89,Delivered,4
ORD-102618,11/08/2026,South,Kerala,KOCHI,Home & Kitchen,Mixer Grinder,1,3806.81,Delivered,4
ORD-100821,15/06/2026,North,Chandigarh,Chandigarh,APPAREL,Kurta,1,894.73,Pending,
ORD-101257,2026-02-12,South,Telangana,Hyderabad,Home & Kitchen,Non-Stick Pan,1,1058.95,Delivered,2
ORD-103207,2026-06-24,south,Kerala,Kochi,Grocery,  Cooking Oil 1L ,3,203.54,delivered,1
ORD-100988,19/06/2026,East,,CALCUTTA,Electronics,Wireless Earbuds,2,2633.22,  Shipped ,
ORD-102780,14/08/2026,North,Uttar Pradesh,Lucknow,Home & Kitchen,Bedsheet Set,3,1243.99,Delivered,1
ORD-100913,2026-07-17,West,Maharashtra,MUMBAI,Home & Kitchen,Bedsheet Set,3,1243.67,Shipped,
ORD-103014,2026-06-04,North,Uttar Pradesh,lucknow,Electronics,Smartphone,2,18353.65,delivered,1
ORD-100067,08/04/2026,North,Rajasthan,Jaipur,Home & Kitchen,Pressure Cooker,1,1926.03,Delivered,2
ORD-100339,2026-02-02,WEST,Goa,Panaji,Groceries,Basmati Rice 5kg,3,690.36,Delivered,3
ORD-104133,2026-07-04,  South ,Kerala,Kochi,Electronics,POWER BANK,6,1294.98,Delivered,2
ORD-101243,2026-06-06,  North ,Haryana,Gurugram,health & beauty,  Shampoo 400ml ,3,436.00,Delivered,4
ORD-100187,2026-09-23,  West ,Goa,Panaji,Electronics,Smartphone,4,20247.22,Pending,
ORD-103081,27/09/2026,East,Bihar,Patna,Health and Beauty,Vitamin C Tablets,3,580.63,Delivered,7
ORD-102497,2026-07-20,  West ,Goa,Panaji,Grocery,Atta 10kg,4,525.04,Delivered,3
ORD-104903,2026-05-11,North,Rajasthan,Jaipur,Grocery,COOKING OIL 1L,3,172.60,Delivered,4
ORD-101584,2026-09-14,East,Assam,Guwahati,Electronics,Smartwatch,1,5227.40,Delivered,7
ORD-103481,2026-08-05,South,Karnataka,Bengaluru,Home & Kitchen,Non-Stick Pan,3,1084.66,Delivered,3
ORD-100424,2026-05-22,Central,Madhya Pradesh,Indore,Electronics,Bluetooth Speaker,1,2914.72,DELIVERED,6
ORD-101195,2026-01-09,western,Maharashtra,Pune,Health & Beauty,Face Wash,1,246.84,Delivered,2
ORD-100802,27/09/2026,North,Delhi,  Delhi ,ELECTRONICS,  Wireless Earbuds ,1,2633.53,Delivered,2
ORD-100935,2026-04-09,East,Assam,Guwahati,Grocery,Atta 10kg,4,455.04,DELIVERED,3
ORD-100931,2026-06-28,south,Kerala,KOCHI,Health & Beauty,Hair Dryer,2,1581.07,Delivered,3
ORD-101145,11/07/2026,West,Goa,Panaji,Apparel,Running Shoes,3,2768.71,Cancelled,
ORD-103029,2026-09-17,North,Haryana,Gurugram,Electronics,Smartwatch,-3,4586.55,Shipped,
ORD-101988,2026-06-17,West,MAHARASHTRA,Pune,Grocery,Dry Fruits 500g,2,827.90,Delivered,3
ORD-103931,2026-06-30,East,Assam,Guwahati,Electronics,Smartwatch,2,5079.32,Delivered,2
ORD-103749,2026-04-08,South,Kerala,Kochi,Electronics,Smartwatch,4,5278.26,  Delivered ,5
ORD-104887,2026-08-22,North,Haryana,Gurugram,Apparel,Kurta,1,921.70,Shipped,
ORD-103420,2026-04-10,South,Telangana,Hyderabad,Electronics,Smartphone,1,19888.49,Delivered,4
ORD-100436,07/01/2026,South,Karnataka,bengaluru,Electronics,Bluetooth Speaker,1,2840.16,delivered,1
ORD-104958,19/07/2026,East,Odisha,Bhubaneswar,Health & Beauty,Face Wash,1,240.92,Delivered,4
ORD-103261,2026-08-06,South,Kerala,Kochi,apparel,Denim Jeans,1,1396.49,Delivered,3
ORD-103693,09/06/2026,N,Delhi,Delhi,Home & Kitchen,Bedsheet Set,3,1182.61,Delivered,3
ORD-101941,2026-06-25,North,delhi,Delhi,Home & Kitchen,LED Bulb Pack,1,419.15,delivered,3
ORD-103900,2026-08-18,Central,Chhattisgarh,Raipur,Electronics,Wireless Earbuds,1,2699.51,Delivered,5
ORD-103797,2026-03-16,Central,Madhya Pradesh,Bhopal,Home & Kitchen,Pressure Cooker,3,2056.24,Delivered,3
ORD-102723,2026-07-13,North,Haryana,Gurugram,Home & Kitchen,Non-Stick Pan,3,937.53,Delivered,1
ORD-101608,2026-04-17,South,Telangana,Hyderabad,Grocery,cooking oil 1l,4,182.13,Delivered,3
ORD-102854,2026-08-03,West,Goa,Panaji,Grocery,GREEN TEA 100 BAGS,1,346.51,Completed,4
ORD-100857,29/07/2026,West,Goa,  Panaji ,Grocery,Basmati Rice 5kg,3,639.14,Delivered,4
ORD-102200,2026-08-18,North,Delhi,Delhi,Electronics,power bank,2,1191.70,Delivered,1
ORD-103028,31-May-2026,East,West Bengal,Kolkata,Health & Beauty,face wash,1,238.88,Returned,4
ORD-102397,2026-04-22,N,Uttar Pradesh,lucknow,GROCERY,Dry Fruits 500g,2,812.39,Delivered,1
ORD-102267,2026-08-12,Southern,Kerala,Kochi,Apparel,  Winter Jacket ,1,2373.34,Delivered,2
ORD-103294,21/05/2026,West,Maharashtra,mumbai,Home & Kitchen,Mixer Grinder,2,3663.29,Completed,1
ORD-101889,2026-06-13,West,Gujarat,AHMEDABAD,Grocery,Atta 10kg,3,491.15,Delivered,1
ORD-103619,2026-04-26,Central,,Nagpur,HOME & KITCHEN,Bedsheet Set,2,1149.91,Delivered,2
ORD-100750,2026-07-10,West,Maharashtra,Pune,Electronics,Wireless Earbuds,1,2610.72,Pending,
ORD-102340,14/01/2026,East,odisha,Bhubaneswar,  Electronics ,Smartwatch,1,4731.60,  Delivered ,5
ORD-104528,2026-02-16,North,Rajasthan,Jaipur,Apparel,Denim Jeans,3,1627.74,Shipped,
ORD-100099,2026-09-05,E,west bengal,KOLKATA,Electronics,Smartwatch,2,4632.86,Delivered,7
ORD-103472,18/09/2026,North,Chandigarh,Chandigarh,Electronics,Smartphone,2,19651.96,  Delivered ,5
ORD-100357,01-Sep-2026,West,gujarat,Ahmedabad,Health & Beauty,Hair Dryer,1,1491.17,Delivered,5
ORD-103562,14/03/2026,East,Assam,Guwahati,Grocery,DRY FRUITS 500G,5,758.17,Delivered,3
ORD-101899,2026-03-04,South,Kerala,Kochi,Apparel,Running Shoes,2,2800.94,Pending,
ORD-102298,2026-09-13,East,Assam,Guwahati,Electronics,Smartphone,5,19183.31,Completed,6
ORD-104164,2026-06-01,East,Bihar,Patna,Grocery,Atta 10kg,3,480.04,Pending,
ORD-100651,20/08/2026,North,Haryana,Gurugram,Apparel,Denim Jeans,1,1533.60,Delivered,3
ORD-102565,26-Apr-2026,West,Maharashtra,Mumbai,Apparel,  Running Shoes ,1,3128.68,Completed,3
ORD-100697,2026-07-15,Central,  Maharashtra ,Nagpur,Apparel,Running Shoes,1,2924.32,Delivered,3
12345,2026-06-14,South,Kerala,Kochi,Apparel,running shoes,1,2761.52,Delivered,3
ORD-102378,2026-03-28,North,Rajasthan,Jaipur,Groceries,Basmati Rice 5kg,5,643.06,Delivered,1
ORD-103182,2026-04-24,western,Maharashtra,Mumbai,Grocery,Cooking Oil 1L,1,177.05,Pending,
ORD-103354,2026-08-06,North,  Uttar Pradesh ,Lucknow,Grocery,Cooking Oil 1L,4,201.59,Cancelled,
ORD-101805,2026-05-04,North,Rajasthan,Jaipur,Home & Kitchen,Non-Stick Pan,3,1047.25,Delivered,2
ORD-102036,2026-04-16,East,West Bengal,Kolkata,Grocery,Basmati Rice 5kg,6,654.16,Delivered,4
ORD-103006,2026-04-18,WEST,Gujarat,Ahmedabad,Apparel,WINTER JACKET,2,2489.68,COMPLETED,3
ORD-100915,14-Apr-2026,  South ,Karnataka,  Bengaluru ,  Grocery ,Cooking Oil 1L,4,170.89,Delivered,1
ORD-101080,2026-06-18,N,Delhi,New Delhi,groceries,Dry Fruits 500g,1,744.84,Delivered,2
ORD-100555,2026-06-14,South,Karnataka,Bangalore,Home & Kitchen,Bedsheet Set,2,1297.10,Pending,
ORD-102191,2026-08-18,East,Bihar,patna,GROCERY,Green Tea 100 Bags,2,316.56,Delivered,9
ORD-102625,25/07/2026,North,Rajasthan,Jaipur,Home & Kitchen,Bedsheet Set,1,1245.26,DELIVERED,2
ORD-100642,2026-06-04,West,Maharashtra,Pune,Groceries,Atta 10kg,2,516.09,Pending,
ORD-103803,2026-09-13,East,Odisha,Bhubaneswar,Electronics,Bluetooth Speaker,2,2784.56,Delivered,4
ORD-102799,10/08/2026,South,Kerala,Kochi,Apparel,Running Shoes,3,2783.76,Delivered,3
ORD-104713,23/05/2026,  North ,Uttar Pradesh,lucknow,  Electronics ,Smartwatch,1,4723.37,  Pending ,
ORD-103196,27-Aug-2026,Central,,Raipur,Apparel,Denim Jeans,1,1370.89,Shipped,
ORD-101101,2026-01-29,North,Haryana,Gurugram,Electronics,Bluetooth Speaker,1,2864.99,Delivered,1
ORD-100828,2026-06-17,South,Kerala,Kochi,Grocery,Basmati Rice 5kg,2,619.77,Completed,4
ORD-101054,2026-05-12,South,Tamil Nadu,CHENNAI,Home & Kitchen,Bedsheet Set,1,1157.07,Delivered,3
ORD-104988,21-Jul-2026,  N ,Chandigarh,Chandigarh,Electronics,smartwatch,1,5368.52,Delivered,2
ORD-101334,2026-07-21,South,Kerala,Kochi,Home and Kitchen,LED Bulb Pack,1,420.26,Cancelled,
ORD-100065,07/05/2026,South,Tamil Nadu,Chennai,Electronics,Power Bank,1,1312.55,Delivered,4
ORD-102876,2026-08-25,WEST,Goa,Panaji,Home & Kitchen,LED Bulb Pack,1,414.80,Delivered,1
ORD-100888,03/09/2026,North,Delhi,Delhi,Grocery,Dry Fruits 500g,5,778.64,Shipped,
ORD-100454,2026-09-22,West,Gujarat,Ahmedabad,  Electronics ,wireless earbuds,3,2416.67,Delivered,1
ORD-103124,04/04/2026,North,Delhi,DELHI,Health & Beauty,Shampoo 400ml,2,389.76,Delivered,2
ORD-103756,2026-03-05,East,Odisha,Bhubaneswar,Grocery,Basmati Rice 5kg,5,614.91,Shipped,
ORD-103083,2026-09-29,central,Chhattisgarh,Raipur,Health and Beauty,Face Wash,1,264.30,Delivered,4
ORD-101247,18/06/2026,East,Odisha,Bhubaneswar,Grocery,Basmati Rice 5kg,3,635.27,Shipped,
ORD-103101,2026-06-05,SOUTH,Telangana,Hyderabad,Electronics,Bluetooth Speaker,2,3067.28,Pending,
ORD-104208,2026-02-27,west,Goa,Panaji,Grocery,Basmati Rice 5kg,5,584.40,Delivered,2
ORD-102756,06/09/2026,north,Haryana,Gurugram,APPAREL,Kurta,2,905.54,Delivered,2
ORD-103269,2026-06-18,Central,  Madhya Pradesh ,,Health and Beauty,Vitamin C Tablets,1,540.44,Delivered,5
ORD-101414,20/06/2026,West,Gujarat,AHMEDABAD,Apparel,Winter Jacket,5,2370.35,DELIVERED,4
ORD-101812,20/06/2026,South,,BENGALURU,Apparel,Running Shoes,1,3298.26,  Delivered ,3
ORD-101712,2026-07-01,Central,Madhya Pradesh,Indore,  Grocery ,Basmati Rice 5kg,2,621.37,Shipped,
ORD-102026,2026-05-21,South,kerala,Kochi,Health & Beauty,Face Wash,1,244.00,cancelled,
ORD-104041,2026-09-04,East,  Bihar ,Patna,Electronics,Power Bank,2,1310.45,Delivered,6
ORD-102679,2026-06-11,West,Gujarat,Ahmedabad,Apparel,  Cotton T-Shirt ,1,485.76,Shipped,
ORD-103663,2026-09-13,Central,madhya pradesh,  Indore ,Electronics,Bluetooth Speaker,1,3123.51,Completed,3
ORD-100314,2026-06-03,Southern,Tamil Nadu,Madras,Electronics,  Power Bank ,3,1405.09,Delivered,2
ORD-104546,2026-09-01,N,  Chandigarh ,Chandigarh,Apparel,Denim Jeans,3,1367.17,Delivered,2
ORD-103788,06/09/2026,Central,Maharashtra,Nagpur,Electronics,Wireless Earbuds,1,2390.29,Delivered,3
ORD-104690,2026-01-20,South,Kerala,Kochi,apparel,Winter Jacket,2,2276.86,Shipped,
ORD-103596,2026-09-20,South,Karnataka,Bengaluru,Electronics,Power Bank,1,1283.54,Delivered,3
ORD-104737,23/03/2026,N,chandigarh,Chandigarh,Electronics,Bluetooth Speaker,1,3124.09,PENDING,
ORD-102695,2026-07-26,North,uttar pradesh,Lucknow,Home & Kitchen,Bedsheet Set,2,1211.10,Pending,
ORD-103255,2026-08-10,West,Maharashtra,Mumbai,Grocery,Green Tea 100 Bags,3,371.35,Delivered,4
ORD-101528,21-Aug-2026,WEST,Gujarat,Ahmedabad,Health & Beauty,Vitamin C Tablets,2,572.41,Pending,
ORD-104850,2026-07-23,West,Maharashtra,Pune,Grocery,cooking oil 1l,1,206.82,delivered,3
ORD-102626,20/09/2026,North,Haryana,Gurugram,grocery,Dry Fruits 500g,4,770.66,Delivered,4
ORD-104155,2026-08-02,N,Haryana,GURUGRAM,Grocery,Green Tea 100 Bags,7,380.12,Cancelled,
ORD-104062,26/08/2026,  Central ,Chhattisgarh,Raipur,Apparel,Running Shoes,2,2884.01,Delivered,3
ORD-102030,2026-06-10,NORTH,Haryana,Gurugram,electronics,Power Bank,3,1219.60,Delivered,1
ORD-102885,10/02/2026,East,Bihar,Patna,APPAREL,Kurta,1,923.51,  Pending ,
ORD-104512,2026-08-22,West,Goa,Panaji,Apparel,Running Shoes,2,3242.61,Pending,
ORD-100797,2026-06-17,  North ,Rajasthan,Jaipur,Apparel,Running Shoes,1,3110.52,Delivered,2
ORD-103850,2026-08-07,Southern,Telangana,Hyderabad,Apparel,Cotton T-Shirt,2,511.36,Delivered,2
ORD-104827,09/02/2026,North,Uttar Pradesh,lucknow,Apparel,Cotton T-Shirt,3,474.79,Delivered,2
ORD-104728,2026-09-17,central,madhya pradesh,BHOPAL,Electronics,Smartphone,2,18218.60,Delivered,3
ORD-101705,13/06/2026,West,Maharashtra,Mumbai,Grocery,Basmati Rice 5kg,3,693.97,Returned,2
ORD-102189,2026-04-13,West,Maharashtra,mumbai,Apparel,Winter Jacket,1,2381.84,Delivered,2
ORD-100129,2026-06-19,South,Telangana,Hyderabad,Grocery,Atta 10kg,5,540.82,Delivered,3
ORD-104127,2026-04-30,north,  Uttar Pradesh ,Lucknow,Grocery,Cooking Oil 1L,2,190.80,Delivered,2
ORD-101795,2026-09-24,NORTH,haryana,Gurugram,Electronics,  Bluetooth Speaker ,1,2840.66,Shipped,
ORD-103414,11-May-2026,West,Maharashtra,Mumbai,Apparel,Cotton T-Shirt,1,523.06,Shipped,
ORD-100163,23/02/2026,West,Maharashtra,Pune,Grocery,Atta 10kg,4,501.31,Delivered,3
ORD-103542,2026-05-19,South,Tamil Nadu,Chennai,Apparel,Kurta,2,830.11,RETURNED,3
ORD-100908,2026-06-08,West,Maharashtra,Mumbai,HOME & KITCHEN,LED Bulb Pack,1,414.53,Delivered,3
ORD-102925,2026-06-29,South,Telangana,Hyderabad,Electronics,Bluetooth Speaker,1,3249.28,Pending,
ORD-101368,2026-07-11,West,Gujarat,Ahmedabad,Groceries,Atta 10kg,4,537.54,Completed,2
ORD-103052,2026-06-29,West,Maharashtra,Pune,Grocery,Basmati Rice 5kg,5,603.45,  Delivered ,2
ORD-102589,2026-07-21,south,Karnataka,Bengaluru,Apparel,Cotton T-Shirt,4,519.28,Delivered,3
ORD-102063,2026-05-04,West,Gujarat,Ahmedabad,Electronics,Wireless Earbuds,2,2430.17,Delivered,
ORD-101702,2026-06-25,South,Kerala,Kochi,Home & Kitchen,Pressure Cooker,2,1732.29,Completed,3
ORD-100179,2026-08-18,North,Chandigarh,,Health & Beauty,Hair Dryer,1,1632.50,Delivered,
ORD-101689,2026-05-27,  West ,Gujarat,Ahmedabad,grocery,Cooking Oil 1L,2,203.67,Returned,2
ORD-103057,14/09/2026,West,gujarat,Ahmedabad,Grocery,Cooking Oil 1L,4,200.05,Delivered,3
ORD-100943,27/08/2026,NORTH,CHANDIGARH,  Chandigarh ,Grocery,Dry Fruits 500g,3,736.68,Delivered,4
ORD-101543,2026-08-26,North,Haryana,Gurugram,Electronics,Power Bank,1,1366.99,Delivered,1
ORD-100481,2026-02-04,EAST,Bihar,Patna,  Health & Beauty ,sunscreen,3,449.81,Delivered,8
ORD-103502,05/05/2026,north,Haryana,Gurugram,Apparel,Running Shoes,1,2845.71,Delivered,
ORD-101639,25-Jul-2026,South,Kerala,Kochi,APPAREL,Winter Jacket,2,2714.29,Returned,3
ORD-101378,10-Feb-2026,Central,Madhya Pradesh,Bhopal,Home & Kitchen,LED Bulb Pack,4,420.38,Delivered,3
ORD-101223,2026-06-12,North,Rajasthan,Jaipur,Electronics,Bluetooth Speaker,2,2705.14,Delivered,1
ORD-104967,2026-02-03,Central,madhya pradesh,BHOPAL,Grocery,Dry Fruits 500g,3,826.90,Delivered,3
ORD-101619,2026-08-21,East,assam,Guwahati,Electronics,Wireless Earbuds,2,2256.97,Delivered,7
ORD-102001,2026-08-27,Central,Madhya Pradesh,Bhopal,Apparel,  Running Shoes ,4,3044.77,Returned,4
ORD-101039,2026-08-23,Central,Madhya Pradesh,Indore,Home & Kitchen,Bedsheet Set,1,1194.76,Delivered,4
ORD-103485,02/08/2026,North,Uttar Pradesh,Lucknow,Grocery,  Cooking Oil 1L ,6,196.71,Shipped,
ORD-104468,2026-03-05,central,Madhya Pradesh,Bhopal,Electronics,Bluetooth Speaker,1,2793.72,delivered,2
ORD-102356,2026-04-12,North,Rajasthan,Jaipur,Home & Kitchen,Bedsheet Set,3,1315.52,Delivered,3
ORD-104236,2026-04-25,  East ,,Guwahati,Health & Beauty,Shampoo 400ml,2,405.70,Completed,3
ORD-103969,2026-05-27,West,Goa,Panaji,Home & Kitchen,Mixer Grinder,1,3225.65,Cancelled,
ORD-103198,2026-02-15,north,Delhi,  Delhi ,Grocery,  Basmati Rice 5kg ,2,605.33,Delivered,2
ORD-103638,2026-09-05,Central,Madhya Pradesh,Indore,Apparel,Running Shoes,1,3091.45,Delivered,1
ORD-103644,11-Aug-2026,West,,Panaji,APPAREL,Cotton T-Shirt,2,483.70,Delivered,2
ORD-102050,11/03/2026,West,Maharashtra,Pune,Grocery,Basmati Rice 5kg,3,648.24,Shipped,
ORD-102187,2026-09-18,WEST,Gujarat,Ahmedabad,Electronics,Wireless Earbuds,1,2302.34,Delivered,2
ORD-103574,2026-01-29,South,Telangana,Hyderabad,Apparel,  Winter Jacket ,3,2256.79,delivered,2
ORD-103625,2026-06-18,North,Chandigarh,Chandigarh,Home & Kitchen,Pressure Cooker,1,2055.85,Delivered,2
ORD-101169,2026-08-12,West,Goa,Panaji,Electronics,Smartwatch,1,4512.21,Pending,
ORD-102435,25/09/2026,EAST,,Guwahati,Electronics,Smartphone,4,20100.10,Cancelled,
ORD-102849,2026-04-14,  East ,Assam,Guwahati,Grocery,Green Tea 100 Bags,5,344.00,Cancelled,
ORD-102949,2026-07-20,South,Telangana,Hyderabad,Groceries,Basmati Rice 5kg,3,635.29,Delivered,3
ORD-100980,2026-09-13,East,bihar,Patna,Health & Beauty,Sunscreen,1,481.47,Delivered,7
ORD-103135,12/04/2026,North,Uttar Pradesh,Lucknow,Health & Beauty,Face Wash,3,259.06,Delivered,5
ORD-100969,20/06/2026,WEST,Maharashtra,Pune,Apparel,Denim Jeans,2,1438.57,Completed,2
ORD-100326,23/03/2026,North,Rajasthan,Jaipur,Grocery,Basmati Rice 5kg,4,707.75,Shipped,
ORD-103486,2026-07-05,West,Maharashtra,Pune,Apparel,Cotton T-Shirt,2,545.37,Delivered,2
ORD-101541,2026-05-17,North,Chandigarh,Chandigarh,Grocery,Dry Fruits 500g,5,861.21,Delivered,3
ORD-104514,2026-02-09,North,Haryana,Gurugram,Grocery,Cooking Oil 1L,2,193.84,Delivered,3
ORD-104063,25-Jul-2026,  West ,Maharashtra,Mumbai,Apparel,Kurta,1,859.95,Delivered,2
ORD-101227,23/03/2026,North,Chandigarh,Chandigarh,Groceries,Cooking Oil 1L,4,200.50,Delivered,3
ORD-100428,2026-07-27,North,Rajasthan,Jaipur,Health & Beauty,Shampoo 400ml,1,396.72,Cancelled,
ORD-100574,17-Jun-2026,East,Odisha,bhubaneswar,Health & Beauty,Shampoo 400ml,1,388.71,  Delivered ,4
ORD-100781,20/08/2026,South,Tamil Nadu,Chennai,Electronics,  Wireless Earbuds ,1,2676.81,Shipped,
ORD-104703,06/07/2026,North,Haryana,Gurugram,Health and Beauty,Sunscreen,1,473.15,Delivered,1
ORD-102533,2026-01-13,West,Gujarat,ahmedabad,Electronics,Wireless Earbuds,1,2485.54,Delivered,3
ORD-100483,16/05/2026,SOUTHERN,Telangana,hyderabad,apparel,Winter Jacket,1,2616.13,Shipped,
ORD-103359,10-Apr-2026,South,Tamil Nadu,Chennai,Apparel,Kurta,1,910.45,Delivered,2
ORD-101083,2026-07-13,East,Assam,Guwahati,  Electronics ,WIRELESS EARBUDS,1,2550.65,Delivered,6
ORD-101688,2026-09-03,  North ,Delhi,Delhi,Grocery,Basmati Rice 5kg,2,600.40,Delivered,1
ORD-103095,2026-03-16,South,TELANGANA,Hyderabad,,Winter Jacket,1,2398.27,Delivered,3
ORD-104042,2026-09-05,Central,Madhya Pradesh,Indore,Electronics,Smartwatch,2,5492.61,In Transit,
ORD-100183,2026-03-16,South,,Hyderabad,Health & Beauty,Face Wash,1,259.96,Shipped,
ORD-103184,13/02/2026,North,delhi,Delhi,Grocery,Cooking Oil 1L,1,203.53,  Returned ,3
ORD-103880,27/04/2026,West,Maharashtra,Pune,Home & Kitchen,LED Bulb Pack,3,360.12,  Shipped ,
ORD-101677,2026-04-27,West,Maharashtra,Pune,Apparel,Cotton T-Shirt,1,493.00,Delivered,1
ORD-103408,2026-02-27,South,Tamil Nadu,  Chennai ,Grocery,atta 10kg,2,531.05,delivered,5
ORD-102077,2026-08-12,West,Goa,Panaji,Home & Kitchen,Non-Stick Pan,3,941.94,Delivered,1
ORD-103221,2026-01-30,Central,Madhya Pradesh,Indore,Grocery,dry fruits 500g,2,749.33,Delivered,3
ORD-102121,03-Jun-2026,South,Telangana,Hyderabad,Electronics,Wireless Earbuds,1,2682.04,Shipped,
ORD-102014,2026-06-21,  West ,Gujarat,Ahmedabad,Grocery,Green Tea 100 Bags,2,340.68,Delivered,1
ORD-104549,29/03/2026,South,Telangana,Hyderabad,Apparel,Winter Jacket,1,2300.97,Canceled,
ORD-101714,15-Jan-2026,Central,MADHYA PRADESH,INDORE,Health & Beauty,Vitamin C Tablets,2,579.45,Delivered,
ORD-101036,2026-03-22,east,Odisha,Bhubaneswar,Health & Beauty,Shampoo 400ml,5,373.01,  Completed ,3
ORD-101375,19/09/2026,north,,Delhi,Electronics,Smartphone,1,20774.26,Completed,1
ORD-103606,2026-06-05,East,  Assam ,Guwahati,Electronics,Smartphone,1,17408.11,Delivered,4
ORD-102393,2026-08-15,North,,Jaipur,Home & Kitchen,LED Bulb Pack,1,408.74,Delivered,3
ORD-104316,2026-07-30,West,Maharashtra,Pune,Home & Kitchen,Pressure Cooker,1,1954.41,Delivered,3
ORD-102290,2026-09-10,West,Maharashtra,Pune,Apparel,Winter Jacket,1,2512.85,Delivered,1
ORD-102330,22/01/2026,East,Bihar,Patna,Electronics,Smartwatch,2,4915.64,  Delivered ,2
ORD-103277,2026-08-22,North,Chandigarh,Chandigarh,GROCERY,Cooking Oil 1L,4,186.53,delivered,2
ORD-104206,2026-03-15,  Central ,,INDORE,  Apparel ,Running Shoes,1,3187.23,Delivered,4
ORD-104956,2026-04-17,South,Telangana,hyderabad,Groceries,Atta 10kg,1,531.32,Delivered,3
ORD-100243,2026-04-22,North,DELHI,Delhi,APPAREL,Cotton T-Shirt,3,526.14,Delivered,3
ORD-102797,2026-05-23,East,Bihar,Patna,Home & Kitchen,LED Bulb Pack,8,429.88,Pending,
ORD-102964,2026-06-07,East,west bengal,Calcutta,Grocery,Atta 10kg,1,462.19,Pending,
ORD-103011,2026-07-22,Central,Madhya Pradesh,Indore,Clothing,Kurta,1,813.60,Delivered,2
ORD-101031,2026-07-08,North,Chandigarh,Chandigarh,Health and Beauty,Sunscreen,1,475.32,Delivered,1
ORD-101392,2026-06-07,Central,Chhattisgarh,Raipur,  Electronics ,  Smartphone ,3,18840.93,Shipped,
ORD-103916,2026-07-22,south,Karnataka,Bengaluru,Health & Beauty,Vitamin C Tablets,1,497.26,Delivered,3
ORD-101715,2026-08-04,South,Telangana,Hyderabad,Home & Kitchen,Non-Stick Pan,1,1018.27,Delivered,2
ORD-102802,2026-09-27,  North ,Uttar Pradesh,Lucknow,Health & Beauty,Sunscreen,1,409.60,Delivered,4
ORD-101230,2026-05-26,South,Karnataka,Bengaluru,Grocery,Green Tea 100 Bags,2,372.26,Delivered,3
ORD-100272,01-Jul-2026,North,Chandigarh,Chandigarh,Electronics,smartphone,5,19976.97,Delivered,3
ORD-102316,22/08/2026,WEST,Gujarat,Ahmedabad,Electronics,  Smartwatch ,2,5146.97,Delivered,2
ORD-104452,2026-08-20,South,Telangana,HYDERABAD,  Apparel ,  Denim Jeans ,4,1411.94,Delivered,2
ORD-102742,2026-06-06,West,Maharashtra,Mumbai,Home & Kitchen,Bedsheet Set,1,1206.87,Pending,
ORD-102855,08/06/2026,West,Maharashtra,Pune,apparel,Winter Jacket,1,2388.94,Delivered,3
ORD-102129,2026-03-07,South,Telangana,Hyderabad,Electronics,Bluetooth Speaker,1,2892.00,Delivered,2
ORD-102311,2026-02-08,West,Goa,Panaji,Electronics,Wireless Earbuds,1,2645.95,  Pending ,
ORD-104871,2026-03-27,South,Kerala,Kochi,Health & Beauty,Sunscreen,1,442.48,Delivered,1
ORD-100439,2026-04-03,SOUTH,Kerala,kochi,Groceries,Cooking Oil 1L,4,207.76,Delivered,2
ORD-101269,2026-05-21,West,Maharashtra,Pune,Groceries,Green Tea 100 Bags,1,370.86,completed,1
ORD-103138,2026-09-20,E,Odisha,Bhubaneswar,Electronics,Smartphone,1,17541.23,Delivered,7
ORD-100094,2026-09-01,Central,Chhattisgarh,Raipur,Health & Beauty,Sunscreen,3,409.37,Delivered,2
ORD-104654,2026-08-25,North,Haryana,Gurugram,Home & Kitchen,Bedsheet Set,1,1160.69,DELIVERED,1
ORD-100570,02/07/2026,West,Gujarat,  Ahmedabad ,Electronics,  Power Bank ,1,1237.25,Shipped,
ORD-103687,25/02/2026,West,goa,Panaji,Electronics,Power Bank,2,1300.51,Completed,1
ORD-103560,2026-03-29,North,Rajasthan,Jaipur,Grocery,Basmati Rice 5kg,5,681.11,delivered,2
ORD-102550,31/02/2026,E,Odisha,Bhubaneswar,Apparel,Winter Jacket,2,2655.45,Delivered,4
ORD-104333,2026-07-10,North,Chandigarh,,Apparel,kurta,2,810.24,Delivered,4
ORD-103027,06-Apr-2026,South,Kerala,Kochi,Home & Kitchen,  Bedsheet Set ,4,1220.83,Delivered,2
ORD-102832,25/07/2026,East,Bihar,Patna,Electronics,  Bluetooth Speaker ,2,2797.67,Pending,
ORD-100885,2026-03-22,North,Rajasthan,  Jaipur ,Grocery,Atta 10kg,1,508.61,Delivered,3
ORD-102205,2026-08-01,West,Gujarat,Ahmedabad,Electronics,Smartphone,1,20066.07,Delivered,3
ORD-100545,2026-07-31,West,Maharashtra,Bombay,Apparel,Winter Jacket,1,2338.71,Delivered,3
ORD-101501,2026-08-30,EAST,,Bhubaneswar,Grocery,Green Tea 100 Bags,3,378.75,Delivered,5
ORD-102150,2026-04-22,South,Tamil Nadu,Chennai,Apparel,Cotton T-Shirt,2,465.25,Delivered,3
ORD-100116,14-Jul-2026,West,GUJARAT,Ahmedabad,Apparel,Winter Jacket,1,2441.73,Shipped,
ORD-103868,12/01/2026,West,Maharashtra,Pune,Health & Beauty,Vitamin C Tablets,1,503.18,  Delivered ,
ORD-100698,2026-09-04,South,Telangana,Hyderabad,Electronics,WIRELESS EARBUDS,1,2409.06,Delivered,4
ORD-103884,02/07/2026,West,Goa,Panaji,  Grocery ,  Basmati Rice 5kg ,4,667.69,Delivered,3
ORD-103801,27/03/2026,Central,Madhya Pradesh,Indore,Grocery,green tea 100 bags,3,336.59,Delivered,4
ORD-100120,2026-04-27,North,Delhi,Delhi,Apparel,Cotton T-Shirt,1,458.44,DELIVERED,1
ORD-101598,2026-08-04,EAST,,Bhubaneswar,Health & Beauty,Shampoo 400ml,2,395.98,Shipped,
ORD-103621,2026-02-25,North,Delhi,Delhi,electronics,Power Bank,1,1170.06,Returned,2
ORD-100189,2026-09-18,East,,BHUBANESWAR,Electronics,Smartwatch,2,5056.88,  Delivered ,
ORD-102341,2026-03-15,Central,Madhya Pradesh,Bhopal,Home & Kitchen,Bedsheet Set,1,1084.23,Delivered,5
ORD-103520,2026-09-25,West,Maharashtra,Mumbai,Electronics,Wireless Earbuds,1,2382.70,Delivered,1
ORD-100071,25/09/2026,East,,Patna,Electronics,smartphone,3,20822.82,Completed,7
ORD-104280,2026-05-18,South,Tamil Nadu,Chennai,Grocery,Atta 10kg,2,490.85,Delivered,3
ORD-102707,2026-02-09,East,Assam,Guwahati,Apparel,Denim Jeans,1,1617.27,Delivered,3
ORD-100385,13-Sep-2026,north,Haryana,Gurugram,ELECTRONICS,Smartwatch,1,4523.86,Cancelled,
ORD-100494,16/01/2026,  West ,Maharashtra,Mumbai,Apparel,Denim Jeans,1,1363.18,Delivered,3
ORD-103320,19-Apr-2026,West,Goa,Panaji,Electronics,Bluetooth Speaker,1,2950.15,Delivered,3
ORD-102869,2026-08-19,  South ,,Kochi,Electronics,Smartwatch,1,4867.26,Shipped,
ORD-100946,2026-05-09,South,Karnataka,  Bengaluru ,  Clothing ,Kurta,2,919.47,Shipped,
ORD-103546,2026-08-17,South,Tamil Nadu,CHENNAI,Electronics,Smartwatch,2,5412.87,Delivered,3
ORD-100224,2026-09-23,West,Gujarat,Ahmedabad,Health & Beauty,Sunscreen,3,485.31,In Transit,
ORD-104274,2026-03-13,NORTH,Uttar Pradesh,Lucknow,Home & Kitchen,  Bedsheet Set ,1,1105.47,delivered,3
ORD-100235,2026-07-03,South,Kerala,Kochi,Home and Kitchen,bedsheet set,1,1229.48,Pending,
ORD-104135,2026-03-15,West,maharashtra,Mumbai,Electronics,  Smartwatch ,2,5451.80,Delivered,2
ORD-103685,2026-05-08,West,Gujarat,Ahmedabad,Health & Beauty,Face Wash,2,250.35,Canceled,
ORD-100134,2026-07-05,North,Haryana,Gurgaon,Grocery,  Basmati Rice 5kg ,4,596.48,Shipped,
ORD-100201,23/09/2026,East,,Patna,Grocery,Green Tea 100 Bags,1,344.59,Delivered,5
ORD-104647,06/02/2026,North,Uttar Pradesh,Lucknow,Health & Beauty,Sunscreen,2,459.70,Delivered,2
ORD-104977,2026-04-14,SOUTH,,Chennai,Grocery,Basmati Rice 5kg,3,618.47,Pending,
ORD-104400,22-Feb-2026,  South ,Tamil Nadu,Chennai,Grocery,Cooking Oil 1L,3,173.17,Delivered,3
ORD-104892,2026-05-12,west,maharashtra,Mumbai,Health & Beauty,Shampoo 400ml,1,414.95,  Delivered ,3
ORD-101119,02-Jul-2026,Central,Madhya Pradesh,Bhopal,Apparel,Running Shoes,3,2848.77,Shipped,
ORD-104883,2026-05-24,West,Maharashtra,Mumbai,Apparel,Winter Jacket,2,2504.02,Delivered,4
ORD-102917,12/09/2026,Western,MAHARASHTRA,Pune,Electronics,Bluetooth Speaker,1,2763.25,Delivered,2
ORD-103662,2026-05-25,West,Maharashtra,Pune,Grocery,Green Tea 100 Bags,3,342.79,Returned,3
ORD-102176,28/03/2026,South,Tamil Nadu,Chennai,Grocery,Dry Fruits 500g,1,861.98,Delivered,1
ORD-100106,2026-09-16,South,,Bengaluru,grocery,GREEN TEA 100 BAGS,2,380.41,Delivered,4
ORD-100360,2026-05-06,West,MAHARASHTRA,Mumbai,grocery,Cooking Oil 1L,1,190.30,Pending,
ORD-103578,2026-09-28,North,Rajasthan,Jaipur,Electronics,Wireless Earbuds,1,2477.66,Delivered,1
ORD-100251,2026-03-27,West,Goa,Panaji,Grocery,Atta 10kg,4,502.92,Delivered,4
ORD-103968,2026-01-29,West,Goa,Panaji,  Home & Kitchen ,Mixer Grinder,1,3776.99,Delivered,2
ORD-104284,2026-06-04,N,Uttar Pradesh,Lucknow,HEALTH & BEAUTY,vitamin c tablets,1,588.58,Delivered,3
ORD-103570,2026-05-15,North,Uttar Pradesh,Lucknow,Electronics,Wireless Earbuds,1,2583.86,  Delivered ,1
ORD-102148,2026-08-09,North,Uttar Pradesh,Lucknow,Grocery,ATTA 10KG,4,469.30,completed,3
ORD-103511,2026-04-28,North,Haryana,Gurugram,Electronics,Wireless Earbuds,1,2285.53,Pending,
ORD-102085,26/06/2026,North,Haryana,Gurugram,Apparel,Winter Jacket,1,2412.21,Delivered,5
ORD-104150,2026-05-26,West,goa,Panaji,electronics,POWER BANK,1,1191.57,Shipped,
ORD-101342,2026-01-04,east,Odisha,BHUBANESWAR,clothing,Denim Jeans,1,1598.69,pending,
ORD-104160,2026-01-15,North,Rajasthan,Jaipur,Home & Kitchen,Pressure Cooker,1,1890.26,COMPLETED,2
ORD-102379,2026-07-02,West,Maharashtra,Mumbai,groceries,Green Tea 100 Bags,5,336.49,Delivered,4
ORD-102413,2026-03-14,South,Kerala,Kochi,Apparel,Running Shoes,1,3162.71,Completed,2
ORD-102071,05-Jun-2026,East,Bihar,  Patna ,Apparel,  Cotton T-Shirt ,4,547.05,Delivered,4
ORD-102278,10/04/2026,East,,Patna,Grocery,Cooking Oil 1L,3,181.55,Returned,5
ORD-104794,23-Jan-2026,Southern,Tamil Nadu,Chennai,Apparel,  Running Shoes ,3,3007.41,Delivered,2
ORD-104843,2026-09-19,East,Assam,Guwahati,  Clothing ,Running Shoes,1,2951.44,delivered,6
ORD-104522,2026-05-05,East,West Bengal,Kolkata,Grocery,Cooking Oil 1L,5,197.60,Delivered,5
ORD-103559,29-Jul-2026,north,Delhi,Delhi,Electronics,Wireless Earbuds,1,2481.28,Delivered,4
ORD-101611,2026-04-28,North,Uttar Pradesh,Lucknow,Health & Beauty,Hair Dryer,3,1627.67,Delivered,2
ORD-100377,2026-09-29,  West ,Goa,Panaji,Health & Beauty,Vitamin C Tablets,4,556.64,Returned,3
ORD-104262,2026-08-26,North,Uttar Pradesh,lucknow,Grocery,Green Tea 100 Bags,7,321.76,Delivered,4
ORD-104701,2026-06-30,South,Kerala,Kochi,Grocery,Cooking Oil 1L,1,205.52,  Delivered ,2
ORD-102001,2026-08-27,Central,Madhya Pradesh,Bhopal,Apparel,  Running Shoes ,4,3044.77,Returned,4
ORD-103667,08/07/2026,South,Tamil Nadu,Chennai,,Kurta,3,856.19,Shipped,
ORD-103466,2026-03-07,Central,  Maharashtra ,  Nagpur ,Grocery,Cooking Oil 1L,1,177.06,Delivered,3
ORD-102469,2026-02-13,South,Kerala,Kochi,Home & Kitchen,Pressure Cooker,1,2004.73,delivered,4
ORD-102706,17-Jun-2026,North,Delhi,Delhi,Home and Kitchen,Bedsheet Set,5,1133.02,Delivered,3
ORD-104536,2026-07-15,East,Odisha,Bhubaneswar,Apparel,kurta,1,903.51,Delivered,5
ORD-104975,2026-05-22,South,Tamil Nadu,Chennai,  Grocery ,Dry Fruits 500g,6,859.82,In Transit,
ORD-101310,2026-06-08,West,Maharashtra,Mumbai,electronics,Power Bank,1,1357.73,Returned,5
ORD-104389,2026-05-23,Central,Maharashtra,Nagpur,Grocery,DRY FRUITS 500G,4,779.23,Delivered,4
ORD-103260,2026-06-06,  North ,Delhi,Delhi,Home & Kitchen,Bedsheet Set,1,1091.28,Delivered,1
ORD-103922,2026-04-26,North,Delhi,Delhi,Apparel,Kurta,3,915.23,Delivered,2
ORD-101536,2026-08-12,North,Chandigarh,CHANDIGARH,Grocery,Green Tea 100 Bags,5,350.94,Delivered,3
ORD-102539,2026-08-18,North,Haryana,,Health & Beauty,Sunscreen,3,472.02,Delivered,2
ORD-100678,2026-07-24,South,Telangana,Hyderabad,Electronics,Bluetooth Speaker,1,2839.00,Delivered,2
ORD-103955,2026-01-13,west,Maharashtra,Mumbai,Apparel,Denim Jeans,1,1578.64,Returned,1
ORD-101580,15/08/2026,West,Gujarat,Ahmedabad,Electronics,Wireless Earbuds,2,2391.10,Delivered,3
ORD-100121,2026-05-11,Central,Madhya Pradesh,Indore,Grocery,Cooking Oil 1L,3,194.62,shipped,
ORD-101861,2026-02-22,South,Tamil Nadu,Chennai,Health & Beauty,Face Wash,1,254.97,DELIVERED,3
ORD-103665,16-Apr-2026,South,  Karnataka ,Bengaluru,Grocery,Dry Fruits 500g,3,829.48,Delivered,2
ORD-103094,01/05/2026,western,Maharashtra,Pune,Toys,Atta 10kg,6,510.59,Delivered,3
ORD-102409,2026-08-23,Western,Maharashtra,Mumbai,Electronics,Smartwatch,2,4799.56,Shipped,
ORD-102404,2026-05-13,East,Assam,guwahati,Grocery,atta 10kg,4,503.01,Delivered,5
ORD-103480,2026-02-15,South,Tamil Nadu,Chennai,Home and Kitchen,pressure cooker,1,1842.71,Delivered,4
ORD-104495,2026-07-16,East,West Bengal,Kolkata,electronics,Wireless Earbuds,1,2415.64,Delivered,2
ORD-100125,2026-07-07,West,Maharashtra,Pune,Home and Kitchen,Non-Stick Pan,1,1048.09,Shipped,
ORD-102112,02/02/2026,East,,Guwahati,HEALTH & BEAUTY,Hair Dryer,1,1515.68,Delivered,4
ORD-101093,2026-04-13,EAST,Odisha,Bhubaneswar,Health & Beauty,Face Wash,4,228.44,Shipped,
ORD-100844,2026-01-28,N,Haryana,Gurugram,Health & Beauty,Shampoo 400ml,2,361.58,Returned,4
ORD-102409,2026-08-23,Western,Maharashtra,Mumbai,Electronics,Smartwatch,2,4799.56,Shipped,
ORD-102314,2026-05-07,South,Tamil Nadu,Chennai,Electronics,Smartwatch,1,5455.20,Delivered,2
ORD-102420,2026-06-14,West,GOA,Panaji,Apparel,RUNNING SHOES,3,2728.80,Delivered,1
ORD-100692,2026-07-30,Central,Madhya Pradesh,Indore,Electronics,Power Bank,1,1251.69,Delivered,3
ORD-102692,23/06/2026,South,Kerala,Kochi,Health & Beauty,Face Wash,1,261.48,DELIVERED,1
ORD-104131,15/06/2026,East,Odisha,Bhubaneswar,Health & Beauty,Sunscreen,1,438.17,Delivered,4
ORD-100051,2026-09-17,North,  Rajasthan ,JAIPUR,  Electronics ,  Bluetooth Speaker ,1,2891.27,Delivered,3
ORD-102349,2026-09-07,South,Telangana,Hyderabad,Health & Beauty,Sunscreen,2,418.76,Delivered,2
ORD-101750,2026-08-23,West,Goa,Panaji,Apparel,cotton t-shirt,1,530.29,Completed,
ORD-101658,2026-08-15,East,Odisha,Bhubaneswar,Grocery,Green Tea 100 Bags,2,344.23,Canceled,
ORD-101491,2026-01-29,  N ,Uttar Pradesh,Lucknow,Health & Beauty,Hair Dryer,1,1637.69,Shipped,
ORD-100238,10/05/2026,  East ,  Bihar ,Patna,Electronics,Smartphone,2,17757.64,Delivered,3
ORD-104292,2026-09-21,North,Uttar Pradesh,lucknow,Apparel,Kurta,1,909.79,Returned,3
ORD-103766,2026-08-21,South,Tamil Nadu,  Chennai ,Grocery,Cooking Oil 1L,1,194.32,Shipped,
ORD-100190,2026-09-01,N,Delhi,Delhi,Grocery,Green Tea 100 Bags,1,333.91,Delivered,4
ORD-102396,05/04/2026,South,Kerala,Kochi,Home and Kitchen,Pressure Cooker,1,N/A,Delivered,3
ORD-100863,2026-09-02,East,,Bhubaneswar,Clothing,Cotton T-Shirt,2,511.22,Returned,9
ORD-104129,2026-07-01,Central,Madhya Pradesh,Indore,Home & Kitchen,Mixer Grinder,1,3475.37,Delivered,4
ORD-103336,2026-04-16,North,Rajasthan,,Grocery,Cooking Oil 1L,5,188.91,PENDING,
ORD-102102,31/05/2026,West,Gujarat,Ahmedabad,Apparel,Cotton T-Shirt,4,531.01,Cancelled,
ORD-104605,2026-07-31,  West ,Maharashtra,Mumbai,  Electronics ,Wireless Earbuds,1,2252.67,Pending,
ORD-104590,2026-05-01,North,Chandigarh,Chandigarh,Electronics,Smartphone,1,17525.08,Delivered,3
ORD-104627,2026-06-30,West,Maharashtra,bombay,Grocery,Green Tea 100 Bags,3,335.60,Delivered,1
ORD-104298,25/06/2026,Central,Madhya Pradesh,BHOPAL,Health & Beauty,Vitamin C Tablets,2,547.23,Completed,3
ORD-101174,2026-04-18,North,Haryana,Gurugram,Grocery,Basmati Rice 5kg,4,692.57,Cancelled,
ORD-100714,31/02/2026,North,Uttar Pradesh,Lucknow,Apparel,COTTON T-SHIRT,1,510.77,Delivered,1
ORD-103473,19/03/2026,North,Haryana,Gurugram,Health & Beauty,Sunscreen,1,492.49,Delivered,5
ORD-101648,08/07/2026,  South ,Karnataka,Bengaluru,Health & Beauty,Face Wash,2,253.17,Cancelled,
ORD-103101,2026-06-05,SOUTH,Telangana,Hyderabad,Electronics,Bluetooth Speaker,2,3067.28,Pending,
ORD-104105,29-Jun-2026,South,Tamil Nadu,  Chennai ,grocery,BASMATI RICE 5KG,2,691.24,Delivered,3
ORD-102896,yesterday,South,Telangana,  Hyderabad ,  Electronics ,Bluetooth Speaker,2,2787.15,Delivered,3
ORD-100914,2026-09-15,South,Kerala,Kochi,Health & Beauty,Shampoo 400ml,2,361.36,Delivered,3
ORD-101778,2026-08-06,East,bihar,Patna,Health and Beauty,Hair Dryer,1,1695.74,Completed,6
ORD-100234,10-Mar-2026,South,Telangana,HYDERABAD,Apparel,Kurta,1,914.21,Delivered,3
ORD-104686,26/07/2026,North,Haryana,Gurugram,Grocery,Green Tea 100 Bags,5,354.25,DELIVERED,3
ORD-100576,25/03/2026,Central,  Chhattisgarh ,Raipur,home & kitchen,Pressure Cooker,2,1942.50,Delivered,3
ORD-102124,2026-04-28,North,Uttar Pradesh,Lucknow,Electronics,Bluetooth Speaker,1,2942.45,Delivered,4
ORD-100962,07/08/2026,South,Karnataka,Bengaluru,Apparel,Cotton T-Shirt,1,449.78,Delivered,2
ORD-101917,2026-06-20,North,rajasthan,Jaipur,Electronics,Wireless Earbuds,1,2613.74,Shipped,
ORD-101397,28/08/2026,Central,  Madhya Pradesh ,Bhopal,Grocery,Green Tea 100 Bags,3,371.95,Pending,
ORD-102515,03/01/2026,North,haryana,Gurugram,Health & Beauty,  Face Wash ,1,224.24,Delivered,2
ORD-104412,2026-08-26,SOUTH,  Karnataka ,Bengaluru,Apparel,Cotton T-Shirt,3,534.59,Cancelled,
ORD-103443,2026-07-25,east,Bihar,,Apparel,Kurta,2,911.03,Delivered,2
ORD-104725,2026-09-19,north,Haryana,Gurugram,Electronics,Smartwatch,1,5144.99,Delivered,2
ORD-100749,2026-01-31,West,Maharashtra,Pune,Apparel,Kurta,1,897.16,Delivered,4
ORD-103212,2026-07-30,North,Haryana,Gurugram,Grocery,Basmati Rice 5kg,3,691.42,Shipped,
ORD-104064,13/09/2026,North,Chandigarh,Chandigarh,Electronics,Power Bank,1,1216.94,  Cancelled ,
ORD-104453,2026-06-29,East,odisha,Bhubaneswar,Electronics,wireless earbuds,1,2327.37,Delivered,3
ORD-102265,2026-07-07,East,West Bengal,KOLKATA,Electronics,Smartwatch,6,4682.69,Completed,3
ORD-104896,15/01/2026,East,West Bengal,Kolkata,Apparel,Kurta,1,972.67,Delivered,4
ORD-102863,2026-08-12,South,Kerala,Kochi,apparel,Cotton T-Shirt,1,498.08,Delivered,4
ORD-100186,25/05/2026,East,Bihar,Patna,Grocery,Dry Fruits 500g,3,823.51,Delivered,3
ORD-100703,2026-04-06,North,Chandigarh,Chandigarh,Apparel,  Kurta ,1,856.24,Completed,2
ORD-103136,yesterday,South,telangana,Hyderabad,Health & Beauty,Vitamin C Tablets,2,523.02,Pending,
ORD-101495,2026-06-22,North,UTTAR PRADESH,Lucknow,Home and Kitchen,Mixer Grinder,1,3621.33,Delivered,2
ORD-102741,2026-05-08,east,Odisha,Bhubaneswar,Electronics,Bluetooth Speaker,1,2735.47,Pending,
ORD-102697,19-Jul-2026,North,Chandigarh,Chandigarh,GROCERY,Green Tea 100 Bags,2,330.28,Shipped,
ORD-103856,2026-08-14,North,Delhi,New Delhi,electronics,Smartphone,abc,17981.51,Shipped,
ORD-103806,2026-05-28,West,Goa,Panaji,Grocery,COOKING OIL 1L,4,186.77,Pending,
ORD-100510,14/02/2026,West,Maharashtra,MUMBAI,Apparel,Kurta,1,827.68,Delivered,3
ORD-101904,19-Aug-2026,North,Delhi,Delhi,Grocery,Atta 10kg,4,458.77,Cancelled,
ORD-101509,05/05/2026,South,Karnataka,bengaluru,Health & Beauty,Sunscreen,1,432.99,Delivered,2
ORD-102800,09/09/2026,west,Goa,Panaji,HEALTH & BEAUTY,Shampoo 400ml,1,398.54,Delivered,
ORD-101500,24-Jun-2026,Southern,Kerala,Kochi,Grocery,Green Tea 100 Bags,4,340.74,Delivered,3
ORD-101519,05-May-2026,East,Odisha,Bhubaneswar,Health & Beauty,Vitamin C Tablets,2,551.94,Delivered,3
ORD-101046,22/01/2026,WEST,,MUMBAI,Electronics,Power Bank,1,1309.07,Pending,
ORD-102122,15-Jul-2026,North,Haryana,Gurugram,Home & Kitchen,Non-Stick Pan,3,1093.80,Completed,4
ORD-104028,2026-09-15,N,Uttar Pradesh,Lucknow,Electronics,Smartphone,3,19536.66,Shipped,
ORD-103953,2026-03-21,South,Tamil Nadu,Chennai,Grocery,Dry Fruits 500g,4,804.26,Delivered,3
ORD-102724,11-Sep-2026,North,Delhi,Delhi,  Home & Kitchen ,Non-Stick Pan,2,1055.42,Delivered,5
ORD-103572,2026-06-03,West,Maharashtra,bombay,Home & Kitchen,Pressure Cooker,1,1762.76,Cancelled,
ORD-102387,28-May-2026,Central,madhya pradesh,Indore,Grocery,Atta 10kg,-3,470.31,Pending,
ORD-101450,2026-09-05,North,Uttar Pradesh,Lucknow,APPAREL,Kurta,2,929.41,Pending,
ORD-101738,2026-06-25,north,,Jaipur,Home & Kitchen,LED Bulb Pack,8,426.02,Delivered,
ORD-100212,2026-02-21,West,maharashtra,Mumbai,Apparel,Denim Jeans,1,1431.92,Delivered,1
ORD-101316,2026-06-08,South,karnataka,Bengaluru,Grocery,Dry Fruits 500g,1,836.85,Delivered,1
ORD-103664,12/02/2026,  West ,Maharashtra,Mumbai,Apparel,Kurta,1,922.40,Pending,
ORD-101709,22/05/2026,Central,Madhya Pradesh,Indore,Apparel,Kurta,2,822.40,Delivered,4
ORD-100715,27/09/2026,south,Tamil Nadu,  Chennai ,Apparel,Cotton T-Shirt,3,492.91,Delivered,3
ORD-103675,2026-06-27,East,bihar,Patna,GROCERY,Basmati Rice 5kg,3,641.88,Delivered,5
ORD-100257,17-Feb-2026,North,Uttar Pradesh,Lucknow,GROCERY,Atta 10kg,4,460.74,Delivered,1
ORD-103250,20/07/2026,North,Chandigarh,Chandigarh,Health & Beauty,Face Wash,1,262.03,Delivered,2
ORD-102493,30-Apr-2026,North,Rajasthan,Jaipur,Apparel,Kurta,1,830.18,Pending,
ORD-104895,30/04/2026,North,Delhi,Delhi,Apparel,Kurta,3,823.70,Shipped,
ORD-101906,2026-06-24,  West ,  Goa ,Panaji,Grocery,Cooking Oil 1L,4,193.05,Delivered,4
ORD-100491,2026-06-11,West,Goa,Panaji,Electronics,Power Bank,1,1315.37,Delivered,2
ORD-104901,19/09/2026,west,Maharashtra,Mumbai,Electronics,Power Bank,1,1262.35,  Completed ,3
ORD-101684,26-Jul-2026,West,Maharashtra,Mumbai,Grocery,Dry Fruits 500g,8,751.03,Shipped,
ORD-100085,2026-05-23,E,Assam,Guwahati,Grocery,Dry Fruits 500g,7,722.66,Delivered,4
ORD-100002,2026-08-28,North,Rajasthan,Jaipur,Grocery,green tea 100 bags,4,360.51,Delivered,1
ORD-100492,04/09/2026,North,Chandigarh,Chandigarh,Electronics,Smartphone,2,18225.50,Delivered,2
ORD-103702,20/05/2026,West,Goa,Panaji,Home & Kitchen,LED Bulb Pack,1,367.29,  In Transit ,
ORD-103069,2026-02-10,East,West Bengal,Kolkata,Apparel,cotton t-shirt,1,487.72,Delivered,4
ORD-103147,16/05/2026,North,Delhi,Delhi,Grocery,Atta 10kg,3,469.54,Delivered,2
ORD-100929,2026-06-10,North,chandigarh,Chandigarh,Health & Beauty,Face Wash,1,252.38,DELIVERED,1
ORD-100052,2026-07-04,Central,Madhya Pradesh,Bhopal,Electronics,Power Bank,1,1378.55,  Returned ,2
ORD-100028,2026-05-08,Central,Chhattisgarh,Raipur,Electronics,Smartwatch,2,5039.85,Delivered,4
ORD-101403,2026-06-09,Southern,Kerala,Kochi,home & kitchen,Non-Stick Pan,1,1067.62,Returned,2
ORD-103134,2026-07-06,East,West Bengal,Kolkata,Grocery,BASMATI RICE 5KG,2,702.92,In Transit,
ORD-100410,2026-05-18,West,Maharashtra,Pune,Grocery,Green Tea 100 Bags,5,320.04,Delivered,2
ORD-104087,11/06/2026,West,maharashtra,Pune,Health & Beauty,Sunscreen,1,410.63,Pending,
ORD-100500,2026-06-05,East,Assam,guwahati,electronics,Wireless Earbuds,1,2357.39,Delivered,5
ORD-103681,29/05/2026,East,West Bengal,Kolkata,Grocery,Basmati Rice 5kg,2,708.45,Cancelled,
ORD-101344,2026-08-29,South,Tamil Nadu,Chennai,Home & Kitchen,led bulb pack,1,402.16,Cancelled,
ORD-101191,2026-07-24,East,Odisha,Bhubaneswar,Electronics,Smartwatch,3,5480.53,Delivered,3
ORD-102017,2026-01-03,E,,Guwahati,Electronics,Bluetooth Speaker,3,3279.69,Delivered,6
ORD-103950,2026-08-10,North,Delhi,Delhi,Home & Kitchen,Bedsheet Set,1,1128.60,Cancelled,
ORD-101486,22-Apr-2026,WEST,Goa,PANAJI,Electronics,  Bluetooth Speaker ,2,2761.31,Shipped,
ORD-104371,2026-08-11,East,Bihar,Patna,Electronics,Power Bank,1,1301.63,Delivered,5
ORD-104523,2026-08-24,South,Tamil Nadu,Chennai,Apparel,Cotton T-Shirt,4,538.00,Delivered,1
ORD-104952,28/05/2026,North,Rajasthan,Jaipur,Home & Kitchen,Bedsheet Set,2,1201.52,Delivered,3
ORD-100433,2026-04-04,West,Maharashtra,Pune,Grocery,Green Tea 100 Bags,3,352.43,In Transit,
ORD-101052,2026-09-28,South,Kerala,Kochi,Electronics,  Bluetooth Speaker ,1,3131.48,Delivered,2
ORD-100041,2026-05-12,West,Goa,Panaji,Electronics,Wireless Earbuds,1,2745.59,Delivered,2
ORD-104471,2026-04-21,N,Chandigarh,Chandigarh,Electronics,Power Bank,1,1316.52,Delivered,4
ORD-101285,08/06/2026,North,Chandigarh,Chandigarh,Health & Beauty,Face Wash,1,231.83,Delivered,3
ORD-101667,20-Jun-2026,North,Haryana,Gurugram,Apparel,Kurta,3,938.62,In Transit,
ORD-100003,23/02/2026,West,Maharashtra,Mumbai,Grocery,Atta 10kg,3,527.33,Delivered,2
ORD-102870,2026-08-09,East,Bihar,Patna,Apparel,Winter Jacket,1,2306.79,Completed,7
ORD-104646,2026-05-28,north,Haryana,Gurugram,Apparel,Running Shoes,1,3192.74,  Delivered ,2
ORD-100108,2026-07-24,North,Haryana,Gurugram,Health & Beauty,Vitamin C Tablets,3,597.59,Shipped,
ORD-103280,2026-09-09,Western,Maharashtra,Pune,Electronics,POWER BANK,2,1191.37,Delivered,4
ORD-104345,15/08/2026,East,Assam,Guwahati,Apparel,Winter Jacket,3,2359.72,Delivered,4
ORD-103009,2026-07-29,South,Tamil Nadu,Chennai,Home & Kitchen,LED Bulb Pack,2,431.83,Delivered,4
ORD-100246,2026-05-30,East,Odisha,Bhubaneswar,Electronics,Smartwatch,1,4627.37,Delivered,3
ORD-101105,2026-05-01,West,Gujarat,ahmedabad,Electronics,Smartphone,1,18466.74,Delivered,2
ORD-104366,23/02/2026,west,GOA,Panaji,Grocery,Atta 10kg,5,526.32,Delivered,3
ORD-100582,2026-04-24,South,kerala,Kochi,Apparel,Denim Jeans,3,1454.49,Pending,
ORD-102069,30/09/2026,North,,Delhi,ELECTRONICS,Wireless Earbuds,1,2641.57,Delivered,4
ORD-104734,2026-04-04,South,Karnataka,Bengaluru,Health & Beauty,Vitamin C Tablets,2,525.42,  Pending ,
ORD-104756,2026-05-26,west,,Mumbai,  Health and Beauty ,Sunscreen,3,476.11,  Delivered ,4
ORD-102179,2026-03-08,North,Haryana,Gurugram,Grocery,Green Tea 100 Bags,2,328.53,Delivered,4
ORD-102995,09/09/2026,South,Kerala,Kochi,Electronics,Smartwatch,1,5167.15,Delivered,1
ORD-102240,2026-08-03,South,  Telangana ,Hyderabad,Home & Kitchen,LED Bulb Pack,1,402.86,Delivered,
ORD-102180,13/06/2026,East,West Bengal,Kolkata,Grocery,Cooking Oil 1L,1,202.84,Delivered,4
ORD-102083,2026-05-11,Central,Chhattisgarh,Raipur,Apparel,Kurta,4,826.54,Delivered,3
ORD-101366,25/02/2026,East,West Bengal,kolkata,Electronics,Power Bank,1,1342.72,  Pending ,
ORD-103498,2026-05-17,South,Telangana,Hyderabad,Health & Beauty,Sunscreen,2,404.15,Pending,
ORD-104069,2026-06-03,North,Haryana,Gurgaon,Apparel,Cotton T-Shirt,1,460.17,Delivered,3
ORD-100964,2026-09-29,south,Telangana,Hyderabad,Electronics,Smartwatch,2,4869.40,Delivered,3
ORD-101945,2026-08-15,West,Maharashtra,Pune,Electronics,Bluetooth Speaker,1,2855.80,Delivered,3
ORD-100328,09/02/2026,South,Telangana,Hyderabad,Health & Beauty,SUNSCREEN,1,456.01,Returned,4
ORD-104238,11-Aug-2026,East,West Bengal,Kolkata,Health & Beauty,vitamin c tablets,1,597.14,Delivered,8
ORD-103435,03/03/2026,West,Goa,Panaji,Electronics,Wireless Earbuds,1,2469.60,shipped,
ORD-100207,2026-03-20,West,Gujarat,Ahmedabad,Grocery,Dry Fruits 500g,5,804.03,Shipped,
ORD-104582,2026-02-07,North,Rajasthan,Jaipur,Apparel,Denim Jeans,1,1494.12,Delivered,2
ORD-102661,2026-06-06,Central,Madhya Pradesh,Bhopal,HEALTH & BEAUTY,Shampoo 400ml,4,421.98,Cancelled,
ORD-100429,22/01/2026,South,Kerala,Kochi,Grocery,BASMATI RICE 5KG,3,657.44,DELIVERED,4
ORD-100320,26-Aug-2026,central,Maharashtra,Nagpur,Grocery,Dry Fruits 500g,5,726.92,Delivered,1
ORD-102440,2026-06-20,West,Goa,PANAJI,Grocery,Atta 10kg,5,486.66,Returned,1
ORD-100896,2026-03-22,  Central ,Madhya Pradesh,Indore,Grocery,Basmati Rice 5kg,1,689.51,In Transit,
ORD-103978,29-May-2026,Western,,panaji,Apparel,Kurta,1,972.60,Delivered,2
ORD-101554,2026-02-05,North,Rajasthan,Jaipur,Apparel,Denim Jeans,3,1474.19,Delivered,2
ORD-102193,2026-03-03,  South ,Karnataka,Bengaluru,Home & Kitchen,Bedsheet Set,1,1232.66,Returned,1
ORD-103175,2026-09-16,South,Tamil Nadu,Chennai,Apparel,Winter Jacket,2,2395.50,Returned,2
ORD-104559,28-May-2026,E,  Bihar ,Patna,Electronics,Bluetooth Speaker,1,3192.59,Completed,5
ORD-102513,2026-05-20,North,,Lucknow,Home & Kitchen,Non-Stick Pan,2,953.31,Pending,
ORD-100480,2026-09-12,South,Kerala,Kochi,Electronics,Smartwatch,4,4926.96,Returned,3
ORD-103775,25-Sep-2026,North,Delhi,Delhi,Apparel,Winter Jacket,3,2311.10,returned,2
ORD-100553,2026-07-13,South,Telangana,Hyderabad,Home & Kitchen,Bedsheet Set,2,1284.86,Completed,1
ORD-102808,2026-04-27,West,  Maharashtra ,pune,Grocery,Dry Fruits 500g,2,742.63,Delivered,2
ORD-102888,2026-08-11,South,Tamil Nadu,Chennai,Electronics,wireless earbuds,2,2572.96,Pending,
ORD-101721,2026-01-27,N,Uttar Pradesh,Lucknow,Home & Kitchen,Mixer Grinder,1,3564.91,Returned,2
ORD-103780,2026-06-26,n,Haryana,Gurugram,Apparel,Cotton T-Shirt,1,497.72,  Delivered ,1
ORD-104935,2026-03-20,North,rajasthan,Jaipur,Apparel,Denim Jeans,1,1630.51,delivered,2
ORD-101913,2026-07-16,South,Karnataka,Bengaluru,Apparel,Running Shoes,1,2855.88,delivered,1
ORD-103593,2026-07-23,South,Karnataka,Bengaluru,Electronics,  Smartwatch ,7,5434.53,Delivered,5
ORD-103834,17-Feb-2026,West,Maharashtra,Pune,Electronics,Bluetooth Speaker,1,3104.38,Completed,3
ORD-100378,19/01/2026,North,Rajasthan,Jaipur,Grocery,Green Tea 100 Bags,2,322.36,Lost,3
ORD-100301,2026-03-14,North,Chandigarh,Chandigarh,Home & Kitchen,Mixer Grinder,3,3164.36,DELIVERED,3
ORD-103299,07/05/2026,South,Karnataka,  Bengaluru ,Apparel,Winter Jacket,1,2590.66,Delivered,4
ORD-101112,27-Jun-2026,West,Maharashtra,pune,Health and Beauty,Face Wash,1,246.14,Delivered,3
ORD-104804,26/01/2026,Central,MAHARASHTRA,Nagpur,Health & Beauty,Hair Dryer,3,1630.87,Delivered,4
ORD-100188,2026-05-21,East,West Bengal,Kolkata,Electronics,  Smartwatch ,2,4517.95,  Delivered ,3
ORD-103721,04-May-2026,  North ,Delhi,Delhi,Apparel,Running Shoes,1,2734.39,Delivered,1
ORD-101001,yesterday,Central,Chhattisgarh,Raipur,Groceries,Basmati Rice 5kg,1,618.31,Delivered,3
ORD-103831,15/03/2026,South,Karnataka,Bengaluru,Grocery,Atta 10kg,2,495.78,Delivered,3
ORD-101551,2026-03-13,Western,Maharashtra,  Pune ,Grocery,Atta 10kg,3,533.78,Cancelled,
ORD-101927,2026-08-01,South,kerala,KOCHI,Health & Beauty,face wash,1,255.41,Delivered,2
ORD-104267,2026-03-17,east,Bihar,Patna,Electronics,Bluetooth Speaker,-3,2914.69,Shipped,
ORD-100702,2026-09-07,West,Maharashtra,Mumbai,Electronics,Wireless Earbuds,1,2729.01,Pending,
ORD-102700,2026-08-19,South,  Tamil Nadu ,CHENNAI,Health & Beauty,Vitamin C Tablets,1,535.17,Pending,
ORD-100644,2026-03-22,East,Bihar,Patna,  Electronics ,Wireless Earbuds,1,2499.51,Delivered,5
12345,2026-04-08,East,West Bengal,Kolkata,Electronics,Smartphone,1,17559.42,Delivered,2
ORD-101975,2026-02-08,West,Maharashtra,Mumbai,Grocery,Green Tea 100 Bags,1,350.81,Delivered,3
ORD-102930,2026-08-22,West,Goa,Panaji,Health & Beauty,Vitamin C Tablets,1,520.41,Delivered,1
ORD-101929,2026-03-20,North,Uttar Pradesh,Lucknow,Electronics,BLUETOOTH SPEAKER,3,2955.14,Pending,
ORD-100456,2026-07-23,North,  Delhi ,Delhi,HEALTH AND BEAUTY,Face Wash,1,245.52,Delivered,2
ORD-103649,29-Sep-2026,South,Karnataka,Bengaluru,Health & Beauty,Sunscreen,5,421.54,Returned,3
ORD-104971,2026-07-09,NORTH,Haryana,Gurugram,Electronics,  Bluetooth Speaker ,1,2855.52,Returned,3
ORD-100639,2026-07-27,West,MAHARASHTRA,Mumbai,Grocery,cooking oil 1l,1,198.22,Delivered,3
ORD-104650,2026-02-16,North,Delhi,Delhi,Grocery,Dry Fruits 500g,1,832.60,Returned,1
ORD-102620,2026-05-30,South,Tamil Nadu,Madras,Electronics,Wireless Earbuds,2,2361.49,Delivered,4
ORD-103566,2026-08-24,East,  Assam ,GUWAHATI,Home & Kitchen,Non-Stick Pan,abc,1093.54,Completed,7
ORD-102915,2026-05-06,North,Uttar Pradesh,Lucknow,Electronics,Bluetooth Speaker,1,3178.52,Delivered,2
ORD-100444,2026-06-15,Central,madhya pradesh,Bhopal,Health & Beauty,Vitamin C Tablets,1,511.70,Pending,
ORD-103811,2026-02-28,Central,Madhya Pradesh,Bhopal,APPAREL,Cotton T-Shirt,1,539.14,Delivered,2
ORD-104115,2026-08-12,West,Gujarat,Ahmedabad,Grocery,  Cooking Oil 1L ,3,191.15,PENDING,
ORD-101222,01/05/2026,West,Goa,Panaji,Apparel,Winter Jacket,2,2488.91,delivered,6
ORD-101011,04/08/2026,East,Odisha,Bhubaneswar,Electronics,Bluetooth Speaker,3,3189.25,Delivered,6
ORD-101123,2026-04-20,South,Tamil Nadu,Chennai,Health and Beauty,Vitamin C Tablets,1,590.07,Delivered,6
ORD-102993,21/02/2026,  North ,Rajasthan,Jaipur,Grocery,green tea 100 bags,3,344.80,Delivered,3
ORD-101235,2026-01-13,North,chandigarh,Chandigarh,Health & Beauty,Vitamin C Tablets,3,552.74,Delivered,2
ORD-103660,2026-09-27,Central,Maharashtra,Nagpur,Apparel,Kurta,2,834.71,Pending,
ORD-102192,2026-09-27,Western,Maharashtra,Mumbai,Grocery,Dry Fruits 500g,1,737.60,Completed,4
,2026-01-24,E,Bihar,Patna,Home & Kitchen,  Pressure Cooker ,1,1852.55,Shipped,
ORD-102643,2026-09-24,West,Maharashtra,Mumbai,Electronics,Smartphone,3,17853.84,Shipped,
ORD-104796,2026-04-26,Western,Gujarat,  Ahmedabad ,Apparel,  Cotton T-Shirt ,2,452.75,Delivered,3
ORD-101411,2026-08-09,North,Uttar Pradesh,lucknow,Grocery,Basmati Rice 5kg,1,649.43,Pending,
ORD-103679,2026-08-01,West,Gujarat,Ahmedabad,  Clothing ,Kurta,1,917.84,Delivered,2
ORD-104755,2026-05-18,West,gujarat,Ahmedabad,Grocery,Cooking Oil 1L,4,173.31,Cancelled,
ORD-101313,2026-08-23,South,Kerala,Kochi,Electronics,Wireless Earbuds,1,2609.59,Shipped,
ORD-102599,2026-06-18,Central,Chhattisgarh,Raipur,Electronics,Power Bank,4,1272.86,Delivered,3
ORD-102935,2026-07-25,South,Telangana,Hyderabad,Home & Kitchen,Bedsheet Set,1,1302.49,Delivered,3
ORD-100166,2026-09-25,Southern,KERALA,kochi,  Grocery ,Cooking Oil 1L,2,173.52,Delivered,1
ORD-102451,2026-08-11,West,Gujarat,Ahmedabad,apparel,Kurta,3,872.55,DELIVERED,2
ORD-100858,2026-02-02,north,Haryana,Gurugram,Home & Kitchen,Non-Stick Pan,1,1054.66,Completed,2
ORD-104815,2026-04-03,south,KARNATAKA,Bengaluru,Grocery,Atta 10kg,3,491.02,Delivered,3
ORD-101533,2026-06-24,Southern,Telangana,Hyderabad,Groceries,  Basmati Rice 5kg ,8,597.75,Pending,
ORD-100027,29-Jun-2026,Central,CHHATTISGARH,Raipur,Grocery,  Basmati Rice 5kg ,5,595.11,Delivered,
ORD-103263,2026-08-08,East,Odisha,Bhubaneswar,Home & Kitchen,Bedsheet Set,4,1106.07,Shipped,
ORD-103022,15/06/2026,South,  Tamil Nadu ,chennai,Electronics,Smartwatch,5,5011.43,Delivered,2
ORD-103413,05-May-2026,southern,Karnataka,Bengaluru,Home & Kitchen,Bedsheet Set,1,1123.58,Cancelled,
ORD-100490,15/04/2026,West,Gujarat,Ahmedabad,ELECTRONICS,Smartwatch,1,5013.03,Delivered,2
ORD-101981,2026-08-24,CENTRAL,Chhattisgarh,Raipur,Electronics,Smartwatch,3,4539.92,Delivered,4
ORD-103729,2026-04-25,south,Telangana,  Hyderabad ,Grocery,  Basmati Rice 5kg ,7,652.55,Pending,
ORD-101388,09/08/2026,South,Karnataka,Bengaluru,Electronics,Power Bank,3,1388.34,DELIVERED,1
ORD-101237,2026-07-18,East,Bihar,Patna,Grocery,Basmati Rice 5kg,3,662.55,Completed,2
ORD-102637,21/03/2026,west,Maharashtra,Mumbai,home & kitchen,Mixer Grinder,1,3510.57,Delivered,2
ORD-102355,11/01/2026,North,Rajasthan,Jaipur,Apparel,Running Shoes,4,2997.66,Delivered,2
ORD-102850,2026-08-31,West,Goa,Panaji,Grocery,Basmati Rice 5kg,5,637.35,Shipped,
ORD-102004,2026-04-23,West,Gujarat,Ahmedabad,Home and Kitchen,LED Bulb Pack,3,402.97,Delivered,2
ORD-100181,2026-09-14,North,Haryana,Gurugram,Electronics,Wireless Earbuds,2,2261.57,DELIVERED,1
ORD-104078,2026-05-24,North,Haryana,Gurugram,Groceries,green tea 100 bags,1,338.61,Completed,3
ORD-104677,2026-09-20,West,Goa,panaji,Electronics,Power Bank,2,N/A,Delivered,3
ORD-104384,17/02/2026,east,Odisha,Bhubaneswar,Grocery,Dry Fruits 500g,2,752.18,Delivered,2
ORD-103303,18/09/2026,North,,Jaipur,Electronics,Bluetooth Speaker,1,3062.55,Delivered,2
ORD-104215,12/03/2026,West,Maharashtra,Mumbai,home & kitchen,LED Bulb Pack,2,415.90,Returned,4
ORD-102524,24-Apr-2026,South,Karnataka,Bengaluru,  Home & Kitchen ,  Bedsheet Set ,1,1271.16,shipped,
ORD-103327,2026-05-30,West,  Gujarat ,Ahmedabad,Grocery,Atta 10kg,6,479.81,Delivered,3
ORD-100090,yesterday,South,Kerala,Kochi,Electronics,Power Bank,2,1397.57,Delivered,3
ORD-103921,2026-05-30,South,Karnataka,  Bengaluru ,Apparel,Denim Jeans,1,1500.26,Delivered,2
ORD-100712,2026-02-02,  East ,bihar,Patna,Grocery,Dry Fruits 500g,4,796.68,Delivered,3
,18-Mar-2026,E,Assam,Guwahati,Health & Beauty,Vitamin C Tablets,1,545.85,Delivered,3
ORD-100038,20/04/2026,East,Odisha,  Bhubaneswar ,Grocery,Atta 10kg,2,522.47,Shipped,
ORD-102914,2026-05-16,West,Gujarat,Ahmedabad,Electronics,Smartwatch,1,4561.30,Cancelled,
ORD-104073,2026-03-11,South,KARNATAKA,Bangalore,Health & Beauty,Sunscreen,2,491.21,Delivered,5
ORD-100295,2026-08-01,North,RAJASTHAN,Jaipur,Apparel,Kurta,1,970.86,Delivered,4
ORD-102738,26/04/2026,North,rajasthan,Jaipur,Electronics,Power Bank,1,1270.42,Delivered,5
ORD-100200,25-Sep-2026,North,,Chandigarh,Electronics,  Power Bank ,1,1190.38,Delivered,6
ORD-101545,2026-04-25,south,Tamil Nadu,Chennai,Home & Kitchen,Mixer Grinder,3,3241.54,  Delivered ,3
ORD-102457,26-Mar-2026,South,Tamil Nadu,Chennai,Electronics,Smartwatch,2,5014.03,Delivered,2
ORD-100890,10/04/2026,West,Gujarat,Ahmedabad,Electronics,Power Bank,1,1396.69,Shipped,
ORD-100938,2026-08-15,North,uttar pradesh,Lucknow,Home & Kitchen,pressure cooker,3,1931.43,CANCELLED,
ORD-103452,2026-03-18,  Central ,,Nagpur,Apparel,running shoes,1,2784.27,  Pending ,
ORD-103023,08-Jun-2026,West,Goa,Panaji,Groceries,Basmati Rice 5kg,5,705.80,Delivered,
ORD-104278,2026-06-15,West,Goa,Panaji,Home & Kitchen,Non-Stick Pan,3,1033.35,Shipped,
ORD-103627,28/04/2026,West,  Gujarat ,ahmedabad,Toys,Hair Dryer,1,1673.30,Pending,
ORD-100631,2026-07-30,South,Karnataka,Bengaluru,  Grocery ,Green Tea 100 Bags,1,342.22,Delivered,2
ORD-104330,2026-06-03,North,Rajasthan,Jaipur,Apparel,Winter Jacket,2,2282.75,Delivered,2
ORD-104513,2026-08-21,North,Haryana,Gurugram,Electronics,smartwatch,2,4806.35,Delivered,4
ORD-101852,18/07/2026,West,Goa,Panaji,health & beauty,Face Wash,1,234.55,Delivered,3
ORD-102263,2026-05-03,Western,gujarat,Ahmedabad,electronics,Smartphone,4,18275.77,Delivered,3
ORD-104423,2026-04-26,North,Delhi,Delhi,Home & Kitchen,Pressure Cooker,4,1802.71,Delivered,2
ORD-103764,17/02/2026,  North ,Rajasthan,Jaipur,  Electronics ,Bluetooth Speaker,3,3041.09,Delivered,4
ORD-100222,2026-09-15,South,kerala,Kochi,CLOTHING,Cotton T-Shirt,1,477.22,Delivered,3
ORD-103666,03/09/2026,West,Goa,Panaji,Electronics,Bluetooth Speaker,1,2992.56,Delivered,4
ORD-101724,2026-09-01,South,Kerala,Kochi,Electronics,Smartwatch,1,5286.81,Pending,
ORD-100684,2026-01-29,Central,Maharashtra,Nagpur,grocery,Dry Fruits 500g,1,837.27,Delivered,4
ORD-100425,2026-09-30,southern,,Kochi,Electronics,  Bluetooth Speaker ,3,2763.02,Shipped,
,24-Aug-2026,Central,Maharashtra,Nagpur,health & beauty,hair dryer,1,1569.41,Completed,3
ORD-101270,2026-03-08,southern,Karnataka,Bengaluru,Home & Kitchen,Bedsheet Set,2,1130.36,Delivered,2
ORD-102094,2026-03-12,West,Gujarat,Ahmedabad,Home & Kitchen,LED Bulb Pack,1,423.80,Cancelled,
ORD-101262,2026-09-15,North,Delhi,Delhi,Grocery,Atta 10kg,2,532.65,Shipped,
ORD-101853,05-Aug-2026,South,TAMIL NADU,Madras,Electronics,Smartphone,3,20376.81,Delivered,4
ORD-104289,2026-06-10,North,Chandigarh,Chandigarh,Electronics,Wireless Earbuds,2,2255.47,Shipped,
ORD-103971,2026-07-12,North,Rajasthan,Jaipur,Electronics,Smartwatch,2,4818.93,Delivered,4
ORD-100795,2026-09-27,South,Telangana,Hyderabad,Health and Beauty,Hair Dryer,3,1639.95,delivered,1
ORD-103133,2026-07-27,North,Uttar Pradesh,LUCKNOW,Electronics,  Bluetooth Speaker ,1,3285.24,Delivered,3
ORD-102564,2026-08-11,North,Rajasthan,Jaipur,HEALTH & BEAUTY,Hair Dryer,1,1529.53,pending,
ORD-100777,2026-09-29,South,Kerala,Kochi,Apparel,WINTER JACKET,1,2699.89,Delivered,3
ORD-104086,2026-06-08,West,Maharashtra,Mumbai,Electronics,Bluetooth Speaker,2,3267.45,Delivered,3
ORD-103862,2026-02-13,South,Telangana,Hyderabad,Apparel,Running Shoes,4,3066.54,Completed,3
ORD-101925,2026-09-07,Central,Madhya Pradesh,Bhopal,Clothing,Cotton T-Shirt,3,533.00,Delivered,2
ORD-101338,2026-08-12,  North ,,Gurugram,Apparel,running shoes,2,3196.92,Returned,4
ORD-101221,2026-09-19,Central,Chhattisgarh,Raipur,Electronics,Wireless Earbuds,1,2625.28,Delivered,3
ORD-104386,2026-03-21,West,Goa,Panaji,Apparel,Cotton T-Shirt,2,527.05,Delivered,3
ORD-104477,2026-04-08,North,Uttar Pradesh,Lucknow,Health & Beauty,Sunscreen,1,438.48,delivered,4
ORD-103902,17/05/2026,South,Tamil Nadu,Chennai,Grocery,Green Tea 100 Bags,3,318.91,Cancelled,
ORD-103136,yesterday,South,telangana,Hyderabad,Health & Beauty,Vitamin C Tablets,2,523.02,Pending,
ORD-102045,20/03/2026,South,Tamil Nadu,Chennai,Apparel,Cotton T-Shirt,1,469.74,Delivered,4
ORD-104630,2026-04-08,North,,Lucknow,Electronics,smartwatch,1,4575.70,Returned,3
ORD-104629,06/01/2026,North,Delhi,Delhi,Grocery,Green Tea 100 Bags,3,331.74,Delivered,2
ORD-103647,2026-03-18,East,Assam,GUWAHATI,Apparel,Kurta,2,839.03,Returned,3
ORD-101276,2026-04-20,Central,Madhya Pradesh,Bhopal,Groceries,Green Tea 100 Bags,3,381.87,Delivered,3
ORD-102475,2026-02-05,East,Bihar,patna,Apparel,Denim Jeans,1,1382.95,Returned,3
ORD-103928,2026-06-25,South,Telangana,Hyderabad,Grocery,Cooking Oil 1L,4,172.66,delivered,3
ORD-100773,2026-01-06,East,West Bengal,Kolkata,Electronics,Power Bank,1,1285.91,Pending,
ORD-103716,2026-09-12,west,Gujarat,Ahmedabad,Grocery,Cooking Oil 1L,3,198.74,Delivered,1
ORD-103003,2026-08-02,South,Tamil Nadu,Chennai,Home & Kitchen,Mixer Grinder,3,3463.60,Delivered,3
ORD-101700,29/07/2026,West,  Gujarat ,Ahmedabad,Home & Kitchen,Pressure Cooker,1,1782.39,Delivered,2
ORD-102142,2026-08-09,East,West Bengal,Kolkata,Grocery,Atta 10kg,4,534.97,SHIPPED,
ORD-104982,yesterday,West,Maharashtra,Mumbai,Home & Kitchen,Non-Stick Pan,1,1035.78,Delivered,2
ORD-103077,2026-09-06,North,Uttar Pradesh,Lucknow,Electronics,Power Bank,2,1413.87,  Delivered ,2
ORD-101666,2026-04-30,NORTH,Chandigarh,Chandigarh,Home & Kitchen,Pressure Cooker,1,1874.54,Delivered,5
ORD-103575,2026-03-29,East,Bihar,  Patna ,Grocery,Cooking Oil 1L,4,188.07,Delivered,3
ORD-100495,2026-07-26,Central,Chhattisgarh,Raipur,Electronics,Smartphone,3,17679.26,Delivered,4
ORD-103605,05-May-2026,Central,Madhya Pradesh,Indore,Grocery,Green Tea 100 Bags,4,334.29,Delivered,3
ORD-100468,2026-08-05,West,Gujarat,AHMEDABAD,Electronics,Wireless Earbuds,2,2461.55,Delivered,3
ORD-102542,14/09/2026,South,TELANGANA,Hyderabad,Electronics,Wireless Earbuds,3,2332.42,Delivered,1
ORD-103798,2026-03-22,North,Haryana,Gurugram,grocery,Green Tea 100 Bags,3,342.14,Delivered,3
ORD-103682,2026-03-05,Western,Goa,Panaji,  Electronics ,Wireless Earbuds,2,2383.90,Delivered,1
ORD-103166,2026-06-01,South,Tamil Nadu,Chennai,Grocery,Basmati Rice 5kg,1,638.83,Delivered,1
ORD-101433,2026-03-18,north,Haryana,Gurugram,Apparel,Denim Jeans,1,1567.14,Returned,1
ORD-100005,21-Sep-2026,south,Karnataka,Bengaluru,Electronics,Smartphone,1,17648.26,DELIVERED,2
ORD-101569,2026-07-27,North,Uttar Pradesh,Lucknow,Health & Beauty,hair dryer,1,1509.50,Delivered,2
ORD-104408,2026-08-13,North,Delhi,Delhi,Electronics,Bluetooth Speaker,1,2995.76,Delivered,1
ORD-101963,2026-09-23,East,Assam,Guwahati,  Electronics ,Smartphone,3,20894.53,Delivered,8
ORD-101358,2026-07-01,East,Bihar,Patna,Health & Beauty,Vitamin C Tablets,1,500.72,Delivered,5
ORD-101239,2026-07-22,WEST,  Goa ,Panaji,home & kitchen,BEDSHEET SET,1,1233.62,Delivered,1
ORD-103116,2026-05-02,South,  Kerala ,Kochi,Grocery,Basmati Rice 5kg,1,658.05,Delivered,2
ORD-104519,2026-04-06,East,Odisha,Bhubaneswar,Grocery,dry fruits 500g,1,844.50,Delivered,4
ORD-104427,2026-09-03,West,,Mumbai,Apparel,RUNNING SHOES,2,3184.05,Pending,
ORD-103249,2026-02-06,North,Rajasthan,Jaipur,Electronics,Power Bank,2,1286.41,In Transit,
ORD-101178,2026-08-06,West,Goa,Panaji,Home & Kitchen,Non-Stick Pan,1,1016.08,Delivered,2
ORD-101420,2026-04-10,North,Uttar Pradesh,Lucknow,Apparel,Denim Jeans,1,1424.61,Delivered,1
ORD-103231,2026-06-01,Western,Maharashtra,Mumbai,Grocery,Cooking Oil 1L,4,194.50,Pending,
ORD-101868,2026-02-28,West,Maharashtra,Pune,Grocery,Dry Fruits 500g,1,853.28,Delivered,1
ORD-104545,2026-05-28,South,Telangana,Hyderabad,Grocery,Atta 10kg,6,475.66,shipped,
ORD-103117,2026-02-23,South,Karnataka,Bangalore,Electronics,  Power Bank ,4,1279.36,Delivered,5
ORD-102752,2026-06-27,South,Karnataka,Bengaluru,  Home & Kitchen ,Bedsheet Set,1,1306.14,Shipped,
ORD-101947,2026-05-13,East,  Assam ,Guwahati,Apparel,Cotton T-Shirt,1,510.10,Delivered,5
ORD-102737,05/09/2026,Central,Madhya Pradesh,Indore,Electronics,Wireless Earbuds,2,2704.83,Pending,
ORD-100447,2026-07-16,Central,Chhattisgarh,Raipur,Health & Beauty,Sunscreen,1,422.46,Pending,
ORD-100509,2026-05-11,Central,Madhya Pradesh,Bhopal,Apparel,Kurta,1,922.10,  Delivered ,4
ORD-100343,2026-08-15,West,Gujarat,Ahmedabad,Apparel,Running Shoes,1,2934.17,  Delivered ,2
ORD-102010,2026-03-02,CENTRAL,Madhya Pradesh,Indore,Grocery,  Green Tea 100 Bags ,5,382.06,Delivered,
ORD-101023,2026-09-18,North,HARYANA,Gurugram,Electronics,Smartwatch,1,4841.17,Returned,1
ORD-102487,21/06/2026,North,Uttar Pradesh,  Lucknow ,health & beauty,Face Wash,2,247.26,  Completed ,2
ORD-104842,2026-05-07,West,Maharashtra,Mumbai,Electronics,Smartphone,2,17175.63,  Cancelled ,
ORD-100756,2026-05-04,North,  Rajasthan ,Jaipur,Clothing,Cotton T-Shirt,1,456.23,Delivered,2
ORD-102405,2026-05-29,Central,Madhya Pradesh,Bhopal,apparel,Kurta,4,985.49,Pending,
ORD-104932,2026-06-01,  West ,Gujarat,Ahmedabad,  Electronics ,Power Bank,3,1261.99,DELIVERED,2
ORD-101077,31-Aug-2026,South,Karnataka,Bengaluru,Apparel,Winter Jacket,2,2435.73,Shipped,
ORD-102703,2026-08-11,Central,Maharashtra,NAGPUR,Health & Beauty,Shampoo 400ml,3,408.85,Lost,5
ORD-103948,09/08/2026,  East ,Bihar,Patna,Home & Kitchen,Non-Stick Pan,2,1058.23,Shipped,
ORD-104736,2026-07-03,E,,Kolkata,Health & Beauty,Face Wash,1,266.59,Delivered,2
ORD-103805,24-Aug-2026,West,Gujarat,Ahmedabad,Apparel,Cotton T-Shirt,2,490.43,Cancelled,
ORD-101136,07-Mar-2026,E,Odisha,Bhubaneswar,apparel,Running Shoes,2,2926.73,Delivered,4
ORD-102347,2026-09-17,Western,Goa,Panaji,Electronics,Smartphone,2,18450.00,Delivered,1
ORD-104718,2026-01-19,East,West Bengal,Kolkata,Grocery,Cooking Oil 1L,1,189.53,Delivered,7
ORD-102416,2026-05-26,South,Karnataka,bengaluru,Health & Beauty,Sunscreen,5,474.71,Completed,5
ORD-100352,16/02/2026,North,Rajasthan,Jaipur,APPAREL,Running Shoes,2,3199.51,Shipped,
ORD-104817,2026-04-09,WEST,Maharashtra,Pune,Home & Kitchen,LED Bulb Pack,3,424.96,Delivered,1
ORD-104321,2026-08-06,North,Haryana,gurugram,  Home & Kitchen ,Pressure Cooker,4,1971.39,Delivered,4
ORD-101579,2026-04-10,North,Rajasthan,Jaipur,Electronics,Smartwatch,1,4551.76,Delivered,1
ORD-102714,2026-05-29,Central,Madhya Pradesh,Indore,Grocery,Atta 10kg,3,537.94,Shipped,
ORD-103158,2026-07-31,West,Gujarat,Ahmedabad,Apparel,Cotton T-Shirt,1,494.87,Delivered,3
ORD-100146,2026-01-23,West,,Pune,Home & Kitchen,Bedsheet Set,2,1129.13,Pending,
ORD-100366,2026-07-08,North,Haryana,Gurugram,Home & Kitchen,Bedsheet Set,1,1250.72,Completed,1
ORD-100033,2026-09-21,North,Rajasthan,Jaipur,Grocery,atta 10kg,1,548.08,Delivered,5
ORD-100717,2026-08-25,North,Rajasthan,jaipur,,Atta 10kg,3,525.73,Pending,
ORD-104170,2026-07-19,South,telangana,Hyderabad,Health & Beauty,Face Wash,1,241.46,  Shipped ,
ORD-100353,2026-06-18,Central,Madhya Pradesh,Bhopal,Clothing,Denim Jeans,abc,1514.43,Returned,3
ORD-101110,2026-07-25,  West ,Goa,Panaji,Electronics,Smartwatch,1,5014.24,Delivered,4
ORD-100974,2026-08-28,  South ,Telangana,Hyderabad,Apparel,  Kurta ,3,894.25,Delivered,2
ORD-100014,2026-07-17,Central,Madhya Pradesh,Bhopal,Grocery,Dry Fruits 500g,5,813.97,Delivered,3
ORD-102217,2026-02-12,NORTH,,Lucknow,Groceries,atta 10kg,1,503.82,delivered,3
ORD-104540,15/06/2026,West,Goa,Panaji,Home & Kitchen,Bedsheet Set,2,1166.07,Cancelled,
ORD-101997,03/05/2026,North,  Chandigarh ,Chandigarh,Grocery,Basmati Rice 5kg,1,688.31,Delivered,2
ORD-103002,2026-08-07,WEST,GUJARAT,Ahmedabad,electronics,Bluetooth Speaker,4,2713.82,Delivered,2
ORD-104176,2026-05-16,North,Rajasthan,Jaipur,Grocery,  Cooking Oil 1L ,1,201.87,Delivered,3
ORD-104077,2026-04-04,West,Maharashtra,Mumbai,Grocery,Basmati Rice 5kg,2,636.28,Pending,
ORD-101469,2026-07-24,Central,Madhya Pradesh,INDORE,Electronics,Smartphone,1,20661.22,Delivered,3
ORD-101962,01-Aug-2026,East,Odisha,,HOME & KITCHEN,Bedsheet Set,5,1274.16,Delivered,5
ORD-102588,2026-02-23,West,Maharashtra,Pune,Apparel,Cotton T-Shirt,2,539.97,Shipped,
ORD-102696,2026-06-26,West,Maharashtra,Mumbai,Apparel,Cotton T-Shirt,1,517.67,Delivered,2
ORD-102141,2026-03-14,East,Assam,Guwahati,Electronics,Smartphone,1,19412.09,Delivered,4
12345,2026-07-29,South,Tamil Nadu,Chennai,Grocery,Green Tea 100 Bags,5,344.54,Delivered,2
ORD-100117,2026-07-19,North,Uttar Pradesh,Lucknow,home & kitchen,Pressure Cooker,2,1726.18,Delivered,1
ORD-103467,2026-03-19,North,Uttar Pradesh,Lucknow,Home & Kitchen,LED Bulb Pack,1,404.67,Shipped,
ORD-101002,18-Apr-2026,West,Gujarat,Ahmedabad,Home & Kitchen,Non-Stick Pan,1,943.26,shipped,
ORD-101635,22/09/2026,West,Maharashtra,Mumbai,Electronics,Bluetooth Speaker,2,3082.97,Completed,2
ORD-100796,2026-07-24,Central,Chhattisgarh,Raipur,Apparel,Kurta,2,826.47,Delivered,6
ORD-101890,19-Sep-2026,South,Karnataka,Bengaluru,Electronics,Wireless Earbuds,4,2603.89,Delivered,2
ORD-103061,26/06/2026,North,Haryana,Gurugram,Electronics,Smartwatch,4,5042.40,Delivered,4
ORD-100683,2026-09-07,North,Delhi,Delhi,Electronics,Bluetooth Speaker,1,3243.79,COMPLETED,1
ORD-100101,2026-02-21,Central,Chhattisgarh,Raipur,Grocery,Green Tea 100 Bags,abc,318.89,Delivered,3
ORD-101437,2026-07-29,West,GUJARAT,Ahmedabad,Apparel,kurta,3,911.90,Completed,2
ORD-104144,2026-07-17,Southern,Kerala,Kochi,Groceries,Atta 10kg,3,519.91,Pending,
ORD-102874,2026-02-22,NORTH,HARYANA,Gurgaon,Grocery,basmati rice 5kg,3,713.02,cancelled,
ORD-103387,2026-06-23,north,delhi,Delhi,Groceries,Green Tea 100 Bags,4,351.58,Delivered,3
ORD-101756,2026-09-11,West,Maharashtra,Pune,Electronics,Smartwatch,1,5129.06,Delivered,1
ORD-101647,05-Sep-2026,West,maharashtra,PUNE,Health & Beauty,Face Wash,2,239.75,Delivered,1
ORD-100638,2026-05-27,North,Rajasthan,Jaipur,Apparel,Denim Jeans,2,1512.97,Pending,
ORD-104877,2026-02-22,Central,Madhya Pradesh,Bhopal,Apparel,  Kurta ,3,881.05,Delivered,4
ORD-104091,23-Jan-2026,North,Chandigarh,Chandigarh,Health & Beauty,sunscreen,1,465.37,Delivered,3
ORD-100128,21/07/2026,South,Telangana,Hyderabad,Electronics,Wireless Earbuds,1,2614.77,Returned,4
ORD-104719,2026-09-24,EAST,Odisha,Bhubaneswar,Electronics,Smartwatch,1,4696.59,Delivered,7
ORD-101832,2026-05-04,West,gujarat,Ahmedabad,Grocery,Basmati Rice 5kg,3,688.03,SHIPPED,
ORD-104504,2026-05-20,East,Odisha,Bhubaneswar,Health and Beauty,Vitamin C Tablets,3,564.47,Delivered,5
ORD-104805,2026-05-28,South,Tamil Nadu,Chennai,Home & Kitchen,LED Bulb Pack,4,418.82,Returned,3
ORD-103901,2026-05-25,North,Haryana,  Gurugram ,Grocery,dry fruits 500g,6,788.42,Delivered,1
ORD-101483,29-Jun-2026,East,,  Guwahati ,Apparel,Running Shoes,1,2772.65,Delivered,2
ORD-101674,2026-04-19,E,Bihar,Patna,Clothing,Denim Jeans,1,1509.55,Delivered,4
ORD-100158,06-Jun-2026,Central,  Madhya Pradesh ,Indore,Apparel,Winter Jacket,4,2589.31,Shipped,
ORD-103278,2026-05-21,E,ODISHA,BHUBANESWAR,Health & Beauty,Vitamin C Tablets,3,535.77,  Delivered ,3
ORD-100686,2026-06-27,Central,  Madhya Pradesh ,Indore,ELECTRONICS,Bluetooth Speaker,1,2844.42,Pending,
ORD-102318,2026-04-25,East,West Bengal,Calcutta,Health & Beauty,Face Wash,1,263.63,Delivered,5
ORD-104934,2026-09-18,southern,Tamil Nadu,Chennai,  Grocery ,Atta 10kg,3,453.01,Completed,1
ORD-103350,2026-04-24,North,Rajasthan,Jaipur,Grocery,Dry Fruits 500g,1,739.00,DELIVERED,1
ORD-103496,2026-05-22,Central,Maharashtra,Nagpur,ELECTRONICS,Smartphone,2,18662.32,Cancelled,
ORD-104809,2026-06-08,North,Haryana,Gurugram,Electronics,Smartwatch,3,4662.80,Delivered,3
ORD-102699,2026-04-10,North,chandigarh,Chandigarh,  Grocery ,Dry Fruits 500g,2,809.97,  Completed ,2
ORD-103234,2026-05-21,West,Maharashtra,Mumbai,Home & Kitchen,Mixer Grinder,2,3160.24,Pending,
ORD-101194,2026-06-08,South,Telangana,hyderabad,Grocery,Green Tea 100 Bags,1,316.44,Delivered,2
ORD-102844,15-May-2026,South,Tamil Nadu,Chennai,Grocery,Green Tea 100 Bags,5,349.45,  Delivered ,3
ORD-102974,2026-08-06,Western,Goa,Panaji,Health & Beauty,Hair Dryer,3,1494.25,completed,2
ORD-100942,2026-02-25,West,Maharashtra,Mumbai,HOME & KITCHEN,LED Bulb Pack,1,417.79,Delivered,3
ORD-103785,2026-08-04,  South ,Telangana,Hyderabad,Apparel,  Denim Jeans ,1,1375.57,Shipped,
ORD-104158,08-Apr-2026,West,Goa,Panaji,Groceries,Green Tea 100 Bags,4,372.11,Shipped,
ORD-102092,2026-09-28,North,Delhi,Delhi,Electronics,Power Bank,1,1286.01,  Delivered ,3
ORD-102983,2026-08-08,west,Maharashtra,Pune,Grocery,Dry Fruits 500g,6,805.10,Completed,1
ORD-102329,2026-02-13,North,Rajasthan,Jaipur,Grocery,Dry Fruits 500g,5,832.10,Completed,
ORD-102924,2026-03-11,South,Kerala,KOCHI,Grocery,Atta 10kg,7,539.70,Delivered,2
ORD-104111,2026-02-19,EAST,Assam,Guwahati,Apparel,running shoes,3,3153.16,Delivered,3
ORD-102883,2026-06-08,West,Gujarat,Ahmedabad,  Groceries ,ATTA 10KG,2,482.41,Delivered,2
ORD-104090,2026-05-21,East,WEST BENGAL,Kolkata,  Grocery ,Basmati Rice 5kg,2,669.09,Delivered,3
ORD-104328,2026-08-27,WEST,Gujarat,Ahmedabad,Home & Kitchen,Bedsheet Set,6,1114.44,Pending,
ORD-102075,2026-07-23,east,WEST BENGAL,Kolkata,Apparel,Running Shoes,3,2714.44,Delivered,6
ORD-101733,2026-08-07,West,Goa,Panaji,Apparel,Running Shoes,1,3039.37,In Transit,
ORD-102436,2026-08-11,North,Delhi,Delhi,Health & Beauty,hair dryer,2,1475.91,Delivered,2
ORD-103640,2026-04-08,North,Chandigarh,Chandigarh,Home & Kitchen,LED Bulb Pack,1,396.04,Shipped,
ORD-103891,2026-05-20,South,Kerala,KOCHI,  Electronics ,Wireless Earbuds,2,2585.29,Canceled,
ORD-102830,2026-02-13,EAST,  Odisha ,Bhubaneswar,  Grocery ,Dry Fruits 500g,3,844.03,Returned,4
ORD-102496,2026-03-25,North,Chandigarh,Chandigarh,Electronics,Power Bank,2,1255.51,Delivered,3
ORD-102570,17/01/2026,South,Tamil Nadu,Madras,Health & Beauty,  Vitamin C Tablets ,1,597.90,Delivered,4
ORD-104196,2026-07-12,West,Maharashtra,Mumbai,Grocery,Dry Fruits 500g,1,804.63,Delivered,2
ORD-102500,17/03/2026,E,West Bengal,Kolkata,Apparel,Kurta,3,949.16,Delivered,5
ORD-103306,11/02/2026,South,Tamil Nadu,Chennai,home & kitchen,Bedsheet Set,1,1214.67,Delivered,3
ORD-102417,2026-06-19,north,Rajasthan,jaipur,Health & Beauty,Vitamin C Tablets,4,543.49,Delivered,2
ORD-101737,2026-07-22,West,Goa,Panaji,Apparel,RUNNING SHOES,1,2909.23,Cancelled,
ORD-104122,2026-08-19,North,Delhi,Delhi,Grocery,  Basmati Rice 5kg ,3,628.27,Delivered,3
ORD-103096,2026-02-06,north,Chandigarh,chandigarh,Apparel,Kurta,1,813.56,Shipped,
ORD-104352,2026-05-05,Western,Maharashtra,Pune,Grocery,Dry Fruits 500g,5,794.54,Delivered,3
ORD-102051,2026-05-31,North,CHANDIGARH,Chandigarh,grocery,Green Tea 100 Bags,2,317.55,Delivered,1
ORD-100746,2026-08-10,E,Bihar,PATNA,Health & Beauty,Sunscreen,2,489.33,Delivered,7
ORD-102022,2026-05-25,East,odisha,Bhubaneswar,Groceries,Cooking Oil 1L,3,178.59,Delivered,4
ORD-101596,2026-07-02,East,,kolkata,Apparel,Running Shoes,2,3004.19,Shipped,
ORD-104460,2026-02-06,North,Chandigarh,Chandigarh,Electronics,Smartphone,3,18418.78,Delivered,2
ORD-103050,2026-02-26,East,Assam,Guwahati,  Home & Kitchen ,Pressure Cooker,2,1787.55,Delivered,5
ORD-103346,2026-09-24,South,Tamil Nadu,Chennai,  Electronics ,SMARTPHONE,1,17746.11,Delivered,3
ORD-102853,20-Jan-2026,North,Delhi,  Delhi ,Grocery,Atta 10kg,3,480.45,Delivered,2
ORD-101779,2026-07-05,North,Rajasthan,Jaipur,  Apparel ,Kurta,3,917.34,Delivered,1
ORD-102910,2026-06-10,West,gujarat,  Ahmedabad ,Apparel,Running Shoes,1,2978.64,Cancelled,
ORD-100898,13/08/2026,E,West Bengal,  Calcutta ,Home & Kitchen,Mixer Grinder,1,3196.84,Cancelled,
ORD-103611,2026-09-09,Central,  Chhattisgarh ,Raipur,Electronics,WIRELESS EARBUDS,1,2493.67,Delivered,5
ORD-100054,2026-06-12,central,Madhya Pradesh,bhopal,Home & Kitchen,Mixer Grinder,1,3617.23,cancelled,
ORD-103550,2026-06-25,South,Tamil Nadu,Chennai,Electronics,Power Bank,4,1416.41,Delivered,3
ORD-103210,18-Jul-2026,West,gujarat,Ahmedabad,Grocery,Basmati Rice 5kg,2,625.88,delivered,1
ORD-102886,2026-03-27,Central,Maharashtra,Nagpur,Health & Beauty,Hair Dryer,1,1700.75,Delivered,4
ORD-101882,2026-08-07,North,haryana,Gurugram,Grocery,Basmati Rice 5kg,3,668.06,Returned,2
ORD-101534,2026-08-31,Central,Maharashtra,Nagpur,Apparel,Cotton T-Shirt,3,483.86,Pending,
ORD-102826,31-Jul-2026,North,,Chandigarh,Grocery,Green Tea 100 Bags,4,381.57,Delivered,
ORD-102293,10-Jun-2026,Western,Gujarat,AHMEDABAD,Electronics,Wireless Earbuds,1,2551.12,Shipped,
ORD-103061,26/06/2026,North,Haryana,Gurugram,Electronics,Smartwatch,2,5042.40,Delivered,4
ORD-104264,2026-07-19,North,Delhi,Delhi,Home and Kitchen,LED Bulb Pack,1,420.29,SHIPPED,
ORD-103162,07/09/2026,Central,Madhya Pradesh,Indore,Apparel,Kurta,4,920.28,Delivered,3
ORD-101516,2026-06-02,South,Karnataka,  Bengaluru ,Grocery,  Atta 10kg ,8,521.99,DELIVERED,3
ORD-104369,2026-05-25,north,Uttar Pradesh,Lucknow,  Grocery ,Cooking Oil 1L,2,203.90,Delivered,2
ORD-102007,2026-07-10,Central,Chhattisgarh,Raipur,Grocery,Cooking Oil 1L,4,176.26,Delivered,5
ORD-104220,2026-01-19,North,Rajasthan,Jaipur,Home & Kitchen,LED Bulb Pack,1,400.18,Delivered,2
ORD-101823,2026-07-23,South,Kerala,Kochi,Electronics,Smartwatch,2,5165.19,Delivered,3
ORD-104974,24/02/2026,North,Chandigarh,Chandigarh,Home & Kitchen,Bedsheet Set,1,1139.66,Delivered,3
ORD-101774,2026-04-22,East,Bihar,Patna,Apparel,Running Shoes,1,3179.42,Delivered,3
ORD-102937,12/09/2026,  West ,goa,Panaji,Electronics,Bluetooth Speaker,1,2849.63,  Delivered ,2
ORD-102822,2026-09-01,Central,Chhattisgarh,Raipur,Apparel,Cotton T-Shirt,1,503.71,  Delivered ,2
ORD-100275,2026-01-30,  East ,Assam,Guwahati,Grocery,Basmati Rice 5kg,2,604.86,Pending,
ORD-102319,2026-03-22,Central,Madhya Pradesh,Bhopal,Grocery,Dry Fruits 500g,2,865.71,DELIVERED,1
ORD-101379,2026-04-10,North,Haryana,Gurugram,grocery,Cooking Oil 1L,2,172.19,Delivered,1
ORD-102427,10/04/2026,West,  Maharashtra ,Mumbai,Grocery,Atta 10kg,3,465.41,Delivered,4
ORD-101965,2026-01-29,West,Gujarat,Ahmedabad,Apparel,Running Shoes,3,2981.40,Delivered,3
ORD-102881,06/04/2026,South,Telangana,HYDERABAD,Electronics,Wireless Earbuds,3,2364.36,Shipped,
ORD-101115,23/06/2026,South,Kerala,kochi,Grocery,cooking oil 1l,2,202.88,delivered,3
ORD-104547,2026-06-02,WEST,Goa,Panaji,Electronics,Smartwatch,3,5201.17,Delivered,1
ORD-100953,2026-08-06,south,Telangana,Hyderabad,Grocery,Basmati Rice 5kg,4,712.22,Delivered,4
ORD-100213,2026-03-27,South,Karnataka,Bengaluru,Grocery,Green Tea 100 Bags,7,338.09,Delivered,3
ORD-100340,2026-08-08,West,Maharashtra,Pune,Home & Kitchen,Bedsheet Set,2,1150.06,Delivered,4
ORD-102600,2026-09-15,South,Tamil Nadu,Chennai,Health & Beauty,Sunscreen,1,444.83,Shipped,
ORD-103404,2026-06-24,West,Maharashtra,Mumbai,Home & Kitchen,Mixer Grinder,1,3550.53,delivered,4
ORD-102164,2026-08-13,North,Delhi,Delhi,grocery,Cooking Oil 1L,1,180.73,Delivered,4
ORD-104844,2026-08-06,North,,Jaipur,Apparel,Kurta,1,841.41,DELIVERED,1
ORD-103455,19-Mar-2026,South,Karnataka,Bengaluru,Grocery,Atta 10kg,3,504.68,Pending,
ORD-101456,2026-03-07,Southern,Karnataka,Bengaluru,Home & Kitchen,NON-STICK PAN,1,1071.86,Delivered,3
ORD-104018,2026-03-15,Central,Maharashtra,Nagpur,,hair dryer,1,1698.01,Shipped,
ORD-101214,2026-07-24,  Central ,Chhattisgarh,Raipur,Health & Beauty,Shampoo 400ml,1,369.39,Shipped,
ORD-103492,2026-09-02,North,Haryana,Gurugram,Grocery,Green Tea 100 Bags,4,364.73,Delivered,4
ORD-102944,2026-07-10,  Central ,Maharashtra,Nagpur,Apparel,Kurta,2,833.21,Delivered,3
ORD-100830,30/09/2026,Central,madhya pradesh,Indore,Grocery,Cooking Oil 1L,4,199.63,Shipped,
ORD-104999,2026-06-14,south,,CHENNAI,Home & Kitchen,PRESSURE COOKER,7,1847.50,Delivered,3
ORD-104252,2026-08-11,East,West Bengal,Kolkata,Electronics,Smartphone,2,18688.87,Cancelled,
ORD-100981,2026-03-21,Central,Madhya Pradesh,Bhopal,Apparel,Cotton T-Shirt,3,483.98,Delivered,2
ORD-104878,2026-02-03,Central,Madhya Pradesh,Indore,Apparel,Cotton T-Shirt,3,519.60,Returned,4
ORD-103016,2026-07-08,East,West Bengal,Kolkata,Electronics,smartwatch,1,4703.92,Delivered,5
ORD-101643,2026-04-29,North,Delhi,Delhi,Grocery,Basmati Rice 5kg,5,608.76,Returned,4
ORD-103951,2026-08-29,North,Uttar Pradesh,LUCKNOW,Grocery,Green Tea 100 Bags,1,334.66,Delivered,2
ORD-103781,18-Feb-2026,West,Gujarat,ahmedabad,Apparel,Cotton T-Shirt,2,539.71,Delivered,2
ORD-104319,2026-05-25,East,  Bihar ,Patna,Health & Beauty,Vitamin C Tablets,1,559.21,Delivered,1
ORD-101970,2026-07-27,East,Odisha,Bhubaneswar,health & beauty,  Hair Dryer ,1,1649.79,Delivered,1
ORD-101445,2026-05-30,West,Goa,Panaji,  Electronics ,Smartwatch,5,5327.45,  Delivered ,3
ORD-102113,2026-09-24,south,Karnataka,Bengaluru,Grocery,Basmati Rice 5kg,3,695.64,  Delivered ,1
ORD-103245,15-Apr-2026,West,Goa,Panaji,Apparel,Cotton T-Shirt,2,453.32,Pending,
ORD-102182,2026-08-17,East,,  Guwahati ,Health & Beauty,Hair Dryer,3,1534.72,delivered,7
ORD-102211,20/08/2026,North,Delhi,Delhi,Grocery,Basmati Rice 5kg,4,586.58,Delivered,3
ORD-102008,2026-06-24,West,Maharashtra,Mumbai,Clothing,kurta,1,906.54,Delivered,3
ORD-100341,2026-07-10,East,WEST BENGAL,Kolkata,Health & Beauty,Hair Dryer,2,1521.74,Shipped,
ORD-104013,2026-01-06,North,Rajasthan,Jaipur,GROCERY,Dry Fruits 500g,1,770.59,Delivered,3
ORD-100169,2026-06-18,North,Delhi,Delhi,Apparel,Denim Jeans,3,1443.03,Shipped,
ORD-101749,05/05/2026,West,Goa,PANAJI,Home & Kitchen,Bedsheet Set,1,1294.87,delivered,4
ORD-104585,2026-07-26,East,Odisha,Bhubaneswar,Home & Kitchen,Bedsheet Set,1,1200.05,Pending,
ORD-100600,09/03/2026,  Central ,Madhya Pradesh,Indore,Health & Beauty,sunscreen,2,421.18,Delivered,4
ORD-103395,2026-06-10,South,Kerala,Kochi,APPAREL,Kurta,4,976.25,Shipped,
ORD-101439,2026-05-02,South,Kerala,Kochi,Home & Kitchen,Bedsheet Set,1,1090.37,Shipped,
ORD-102158,30/06/2026,West,Maharashtra,Pune,Grocery,Dry Fruits 500g,7,857.16,Delivered,1
ORD-100852,2026-07-02,East,West Bengal,Kolkata,groceries,Cooking Oil 1L,1,170.33,Delivered,4
ORD-101634,2026-06-06,West,Maharashtra,Mumbai,Apparel,Winter Jacket,1,2499.47,  Delivered ,1
ORD-101682,2026-04-14,South,Karnataka,Bengaluru,Grocery,Green Tea 100 Bags,4,345.72,Delivered,5
ORD-101508,11/06/2026,East,  Assam ,Guwahati,Electronics,Wireless Earbuds,1,2357.38,SHIPPED,
ORD-103340,28/08/2026,West,Maharashtra,Mumbai,Apparel,Running Shoes,4,2720.21,Delivered,2
ORD-103005,2026-06-07,Southern,Tamil Nadu,Chennai,Grocery,  Green Tea 100 Bags ,5,355.73,Delivered,2
ORD-100851,2026-02-17,South,,Kochi,Electronics,Power Bank,1,1347.14,Delivered,2
ORD-103026,2026-06-02,Central,Chhattisgarh,Raipur,Grocery,Basmati Rice 5kg,2,653.54,Delivered,4
ORD-101041,2026-05-29,East,,Patna,Grocery,Green Tea 100 Bags,3,314.77,Delivered,3
ORD-101780,2026-05-28,West,goa,Panaji,Apparel,Running Shoes,2,2714.85,Delivered,2
ORD-100283,2026-09-29,south,TAMIL NADU,Chennai,Apparel,Running Shoes,1,2916.30,Delivered,4
ORD-103726,2026-07-05,  West ,Maharashtra,Mumbai,Home & Kitchen,Mixer Grinder,2,3384.23,Delivered,1
ORD-103371,21/05/2026,Central,Madhya Pradesh,Bhopal,Health & Beauty,hair dryer,1,1633.64,Shipped,
ORD-100244,2026-09-04,South,Telangana,Hyderabad,Grocery,Green Tea 100 Bags,2,373.12,DELIVERED,2
ORD-100630,2026-08-29,Western,Maharashtra,Mumbai,Home & Kitchen,MIXER GRINDER,3,3723.35,Completed,3
ORD-103919,2026-02-24,North,Rajasthan,Jaipur,Grocery,Atta 10kg,2,535.65,Delivered,2
ORD-103406,13/07/2026,Central,Chhattisgarh,Raipur,Clothing,Winter Jacket,1,2410.46,  Delivered ,5
ORD-103273,2026-03-25,North,Uttar Pradesh,Lucknow,APPAREL,Denim Jeans,1,1423.67,Delivered,1
ORD-101801,10/05/2026,West,,Pune,HEALTH & BEAUTY,Sunscreen,1,419.61,Delivered,3
ORD-101618,2026-02-06,West,  Goa ,Panaji,Apparel,Denim Jeans,1,1410.04,SHIPPED,
ORD-101583,03/07/2026,West,Maharashtra,Mumbai,Electronics,Bluetooth Speaker,1,3294.04,Delivered,2
ORD-100960,2026-06-19,West,Goa,Panaji,Home and Kitchen,Bedsheet Set,1,1238.05,Shipped,
ORD-104643,2026-02-24,West,Goa,Panaji,Electronics,Smartphone,1,19026.00,delivered,2
ORD-100440,2026-08-14,West,Goa,Panaji,Electronics,Bluetooth Speaker,-3,3096.05,Shipped,
ORD-101905,21/01/2026,North,Haryana,Gurugram,Home & Kitchen,Pressure Cooker,1,2025.32,Cancelled,
ORD-104745,2026-06-24,South,kerala,Kochi,Electronics,Power Bank,3,1285.72,Delivered,2
ORD-100452,03-Jun-2026,South,telangana,Hyderabad,Grocery,Basmati Rice 5kg,7,606.10,Shipped,
ORD-103305,2026-09-24,North,Uttar Pradesh,Lucknow,electronics,Smartphone,6,18881.77,Delivered,1
ORD-101555,2026-03-16,South,Telangana,  Hyderabad ,Grocery,Dry Fruits 500g,4,796.60,Cancelled,
ORD-102900,2026-03-31,Western,Maharashtra,Mumbai,Electronics,Power Bank,2,1415.84,Delivered,5
ORD-101784,2026-08-30,west,GUJARAT,Ahmedabad,Home & Kitchen,LED Bulb Pack,4,370.00,Returned,4
ORD-104666,2026-09-29,West,Goa,  Panaji ,Electronics,Smartwatch,1,5214.84,Delivered,3
ORD-101826,2026-08-08,East,Bihar,Patna,Electronics,Smartphone,1,19879.24,Delivered,7
ORD-102656,2026-09-08,Central,Madhya Pradesh,Indore,Electronics,Smartwatch,3,4791.01,Delivered,4
ORD-101752,2026-08-03,North,Uttar Pradesh,Lucknow,  Home & Kitchen ,Non-Stick Pan,1,1037.06,  Pending ,
ORD-101488,2026-04-20,West,Gujarat,AHMEDABAD,Home & Kitchen,LED Bulb Pack,2,371.46,  Delivered ,4
ORD-100048,2026-07-26,East,  Odisha ,Bhubaneswar,Apparel,Cotton T-Shirt,4,463.76,Delivered,5
ORD-102300,2026-09-06,  West ,Maharashtra,Mumbai,Apparel,Denim Jeans,1,1464.67,delivered,3
ORD-103615,2026-01-30,North,Chandigarh,Chandigarh,Apparel,Kurta,1,873.16,  Completed ,2
ORD-102067,2026-01-27,Central,Madhya Pradesh,Bhopal,Health & Beauty,Hair Dryer,1,1565.98,Delivered,3
ORD-101985,19-Jan-2026,West,Maharashtra,Mumbai,Health & Beauty,Hair Dryer,2,1716.34,Delivered,4
ORD-104662,2026-08-16,North,Haryana,Gurugram,Grocery,BASMATI RICE 5KG,7,591.31,Completed,2
ORD-100966,04/06/2026,South,Tamil Nadu,Chennai,Grocery,Dry Fruits 500g,2,764.59,Delivered,1
ORD-103989,2026-05-12,South,Telangana,Hyderabad,Apparel,Cotton T-Shirt,-3,501.41,DELIVERED,1
ORD-100940,2026-07-28,Southern,Telangana,Hyderabad,Electronics,Smartwatch,1,4543.65,Delivered,3
ORD-102702,19/01/2026,West,maharashtra,Mumbai,Apparel,Denim Jeans,1,1373.04,Delivered,1
ORD-104034,20-Jun-2026,West,Maharashtra,Mumbai,Health & Beauty,Vitamin C Tablets,1,600.45,Delivered,2
ORD-101510,11/07/2026,South,Kerala,  Kochi ,Health & Beauty,Shampoo 400ml,1,361.63,Delivered,1
ORD-100045,2026-03-25,East,Assam,Guwahati,Health & Beauty,sunscreen,2,472.58,Delivered,4
ORD-104381,2026-02-19,  East ,Assam,Guwahati,Electronics,Power Bank,5,1241.29,Delivered,2
ORD-102936,2026-08-21,North,Uttar Pradesh,Lucknow,Health & Beauty,Hair Dryer,2,1591.51,Delivered,3
ORD-104621,2026-02-22,North,Haryana,Gurugram,Electronics,Power Bank,2,1336.19,Pending,
ORD-100119,2026-02-09,West,goa,Panaji,health & beauty,Vitamin C Tablets,1,576.21,Delivered,3
ORD-102894,2026-07-12,North,Chandigarh,  Chandigarh ,HEALTH & BEAUTY,Hair Dryer,2,1536.67,Pending,
ORD-103823,2026-08-19,  East ,West Bengal,Kolkata,Apparel,Running Shoes,1,3240.84,Delivered,7
ORD-100954,02-Jun-2026,West,Goa,Panaji,  Grocery ,Cooking Oil 1L,6,171.91,delivered,2
ORD-104828,2026-02-26,South,Telangana,Hyderabad,Electronics,Power Bank,1,1377.03,Delivered,5
ORD-103311,2026-07-06,  West ,Maharashtra,Mumbai,Health & Beauty,Hair Dryer,2,1567.07,Delivered,3
ORD-104473,2026-01-12,Southern,,Bengaluru,Home & Kitchen,Mixer Grinder,3,3675.52,Delivered,3
ORD-103204,19/02/2026,South,Karnataka,Bengaluru,Home & Kitchen,Bedsheet Set,6,1150.50,Delivered,6
ORD-100731,2026-04-13,North,delhi,Delhi,Electronics,Wireless Earbuds,1,2714.70,Cancelled,
ORD-103991,17/04/2026,west,Gujarat,Ahmedabad,Apparel,Running Shoes,1,3121.21,Delivered,5
ORD-102745,2026-06-01,Central,Madhya Pradesh,bhopal,Home & Kitchen,Mixer Grinder,1,3271.20,Delivered,3
ORD-102131,2026-07-17,West,Gujarat,Ahmedabad,Electronics,Smartphone,1,20562.35,Delivered,1
ORD-103429,2026-06-04,East,odisha,Bhubaneswar,Apparel,Running Shoes,1,2730.66,Shipped,
ORD-102851,2026-06-19,North,haryana,Gurugram,Home & Kitchen,  Mixer Grinder ,1,3805.81,Pending,
ORD-102786,2026-04-04,West,Maharashtra,Mumbai,Health & Beauty,Vitamin C Tablets,1,559.08,Delivered,3
ORD-104263,2026-09-19,E,Odisha,Bhubaneswar,Home & Kitchen,Bedsheet Set,4,1294.32,Delivered,7
ORD-100768,15/03/2026,East,Bihar,Patna,Home & Kitchen,  LED Bulb Pack ,1,432.05,Delivered,2
ORD-104275,2026-02-23,North,Delhi,Delhi,Apparel,Denim Jeans,2,1548.64,Delivered,2
ORD-101718,2026-03-01,South,Karnataka,Bengaluru,Home & Kitchen,Bedsheet Set,3,1211.26,Returned,2
ORD-102568,2026-07-21,North,UTTAR PRADESH,Lucknow,Health & Beauty,SUNSCREEN,3,414.14,Pending,
ORD-103966,2026-04-25,Southern,Telangana,Hyderabad,Electronics,Power Bank,2,1416.87,Delivered,4
ORD-100822,2026-07-14,West,Maharashtra,Mumbai,Home & Kitchen,bedsheet set,1,1131.58,Delivered,1
ORD-103827,29/04/2026,Central,Maharashtra,Nagpur,health and beauty,HAIR DRYER,1,1441.24,Completed,4
ORD-102614,2026-03-02,North,Chandigarh,Chandigarh,Home and Kitchen,LED Bulb Pack,2,404.17,Shipped,
ORD-104221,2026-03-29,West,Gujarat,Ahmedabad,Grocery,Dry Fruits 500g,3,733.26,Shipped,
ORD-102592,2026-03-18,West,Maharashtra,Mumbai,Grocery,Green Tea 100 Bags,4,377.47,Delivered,2
ORD-103108,2026-06-24,West,Maharashtra,Mumbai,Health & Beauty,VITAMIN C TABLETS,2,548.42,Shipped,
ORD-103089,2026-03-09,South,Kerala,Kochi,Grocery,  Atta 10kg ,6,466.42,Delivered,6
ORD-100554,2026-03-12,West,goa,panaji,Apparel,Cotton T-Shirt,2,514.37,Delivered,3
ORD-102306,07/07/2026,Central,Maharashtra,Nagpur,  Health & Beauty ,Shampoo 400ml,2,394.05,Delivered,4
ORD-104427,2026-09-03,West,,Mumbai,Apparel,RUNNING SHOES,2,3184.05,Pending,
ORD-103185,19/07/2026,West,  Maharashtra ,Mumbai,Home & Kitchen,Non-Stick Pan,4,1024.89,DELIVERED,
ORD-104317,12/03/2026,West,gujarat,ahmedabad,health & beauty,Shampoo 400ml,1,437.69,Delivered,4
ORD-103317,2026-06-10,Central,Madhya Pradesh,Bhopal,Health & Beauty,Vitamin C Tablets,4,551.98,Delivered,4
ORD-100770,15/03/2026,North,CHANDIGARH,chandigarh,Grocery,dry fruits 500g,2,858.92,Delivered,1
ORD-103377,2026-02-28,South,Telangana,Hyderabad,Apparel,Denim Jeans,1,1372.30,Delivered,3
ORD-102882,03/05/2026,West,Goa,Panaji,apparel,Running Shoes,1,2809.78,delivered,3
ORD-100878,2026-03-30,WEST,  Goa ,  Panaji ,Grocery,Green Tea 100 Bags,1,350.89,Delivered,4
ORD-101870,2026-05-15,South,  Telangana ,HYDERABAD,Electronics,Wireless Earbuds,2,2382.39,Shipped,
ORD-101203,09/07/2026,North,Haryana,Gurugram,Electronics,Wireless Earbuds,2,2552.19,Delivered,3
ORD-100602,2026-06-02,West,,pune,Health & Beauty,Sunscreen,1,404.97,Delivered,4
ORD-102143,2026-02-15,Central,Chhattisgarh,Raipur,Health & Beauty,Shampoo 400ml,1,394.26,COMPLETED,5
ORD-104633,2026-07-20,south,Kerala,Kochi,Grocery,Basmati Rice 5kg,4,707.05,Delivered,1
ORD-103151,2026-06-06,South,Telangana,Hyderabad,Electronics,Smartwatch,1,5402.61,Delivered,3
ORD-104337,24/08/2026,West,Maharashtra,Pune,Apparel,Kurta,3,983.10,DELIVERED,1
ORD-101582,12/04/2026,North,chandigarh,Chandigarh,Home & Kitchen,Mixer Grinder,4,3664.44,delivered,1
ORD-104270,2026-04-19,South,Telangana,Hyderabad,grocery,Atta 10kg,6,522.15,Pending,
ORD-100039,16/06/2026,South,Telangana,Hyderabad,Health & Beauty,  Vitamin C Tablets ,1,521.38,  Cancelled ,
ORD-103513,13/05/2026,East,,guwahati,Electronics,Smartwatch,1,4825.81,Delivered,
ORD-101078,2026-07-09,South,telangana,  Hyderabad ,Apparel,COTTON T-SHIRT,2,474.60,Delivered,2
ORD-103441,2026-07-27,South,TAMIL NADU,Chennai,Health & Beauty,Vitamin C Tablets,3,537.63,Delivered,3
ORD-103739,2026-01-15,Central,Madhya Pradesh,Indore,Grocery,Basmati Rice 5kg,2,612.41,Delivered,3
ORD-101755,2026-07-18,East,West Bengal,,Home & Kitchen,Bedsheet Set,1,1312.45,Delivered,2
ORD-103385,24-Jun-2026,South,Karnataka,Bangalore,Toys,Smartwatch,1,4834.16,Delivered,2
ORD-102733,24-Apr-2026,South,Telangana,Hyderabad,Electronics,Smartwatch,2,4624.83,  Delivered ,2
ORD-102833,2026-08-11,West,goa,Panaji,Grocery,Dry Fruits 500g,1,868.47,Delivered,1
ORD-101139,2026-06-02,West,Maharashtra,Mumbai,apparel,  Kurta ,2,935.29,Delivered,3
ORD-101296,2026-07-28,EAST,Odisha,Bhubaneswar,Grocery,Dry Fruits 500g,1,775.06,Delivered,3
ORD-104461,2026-08-05,N,Uttar Pradesh,Lucknow,Apparel,Running Shoes,2,2722.58,Delivered,2
ORD-101640,29/08/2026,north,Rajasthan,JAIPUR,Electronics,Smartphone,1,18086.47,Delivered,4
ORD-102512,2026-04-30,west,  Maharashtra ,Pune,Grocery,Basmati Rice 5kg,2,685.59,Shipped,
ORD-104570,17-May-2026,North,Uttar Pradesh,Lucknow,Home & Kitchen,Non-Stick Pan,2,1013.07,  Shipped ,
ORD-101065,06/06/2026,SOUTH,Kerala,Kochi,Grocery,Atta 10kg,1,476.09,Shipped,
ORD-100147,2026-05-16,East,Bihar,Patna,Electronics,  Smartwatch ,7,4777.12,Delivered,4
ORD-103199,07-Mar-2026,East,Bihar,Patna,Electronics,bluetooth speaker,4,2852.45,Delivered,3
ORD-102902,2026-06-02,Western,Maharashtra,pune,  Apparel ,COTTON T-SHIRT,1,535.08,Delivered,3
ORD-102785,2026-04-12,West,Maharashtra,Pune,Electronics,Smartwatch,4,5102.71,Delivered,3
ORD-104742,08/09/2026,North,  Uttar Pradesh ,  Lucknow ,Electronics,  Smartphone ,3,17795.71,Returned,2
ORD-101327,2026-01-21,North,  Delhi ,Delhi,Grocery,Cooking Oil 1L,4,183.00,Pending,
ORD-101973,09/01/2026,North,Haryana,  Gurugram ,Grocery,Atta 10kg,2,467.98,Pending,
ORD-102521,2026-05-04,West,Goa,Panaji,Apparel,Cotton T-Shirt,1,494.47,SHIPPED,
ORD-102035,20/05/2026,North,Uttar Pradesh,Lucknow,Grocery,Green Tea 100 Bags,3,383.39,Pending,
ORD-100376,2026-05-26,South,Karnataka,Bengaluru,Grocery,Atta 10kg,5,482.00,Delivered,1
ORD-100820,2026-08-21,South,Karnataka,Bengaluru,Grocery,Atta 10kg,2,490.21,Pending,
ORD-104644,2026-05-26,North,Haryana,Gurugram,Electronics,Wireless Earbuds,4,2658.79,Delivered,4
ORD-100910,01/07/2026,West,Maharashtra,Pune,Electronics,Smartwatch,1,4868.59,Delivered,2
ORD-104885,2026-03-02,South,Kerala,kochi,Grocery,Atta 10kg,2,532.43,Pending,
ORD-100738,01-Sep-2026,South,Tamil Nadu,Madras,HOME & KITCHEN,Non-Stick Pan,1,956.75,Delivered,3
ORD-103254,2026-07-30,East,West Bengal,Kolkata,Apparel,Cotton T-Shirt,2,547.71,Returned,6
ORD-102304,2026-05-11,North,  Rajasthan ,Jaipur,Health & Beauty,Shampoo 400ml,1,390.98,Delivered,5
ORD-102666,2026-08-19,South,Karnataka,Bangalore,Grocery,Dry Fruits 500g,1,842.06,SHIPPED,
ORD-104576,31/08/2026,East,Odisha,Bhubaneswar,Apparel,COTTON T-SHIRT,2,463.11,Pending,
ORD-101348,2026-05-28,East,West Bengal,Kolkata,Home & Kitchen,led bulb pack,3,422.48,Delivered,3
ORD-100416,2026-06-06,  West ,maharashtra,Mumbai,Apparel,Kurta,3,907.53,Delivered,2
ORD-101097,19/05/2026,Central,Maharashtra,Nagpur,  Grocery ,Basmati Rice 5kg,3,663.48,Pending,
ORD-104432,02/04/2026,South,Karnataka,Bengaluru,Electronics,Bluetooth Speaker,1,2988.84,Delivered,2
ORD-101321,2026-06-23,South,Telangana,Hyderabad,electronics,Wireless Earbuds,2,2498.36,Delivered,1
ORD-100812,29-Mar-2026,East,,guwahati,Grocery,Cooking Oil 1L,4,206.37,Cancelled,
ORD-100167,2026-07-09,South,Karnataka,Bengaluru,Grocery,Dry Fruits 500g,2,878.30,Delivered,1
ORD-102281,2026-03-21,South,kerala,Kochi,Electronics,Wireless Earbuds,1,2252.52,Delivered,3
,2026-05-14,North,Rajasthan,Jaipur,Electronics,smartphone,1,18648.28,delivered,3
ORD-103078,2026-08-06,West,Maharashtra,Bombay,Home & Kitchen,Non-Stick Pan,1,978.36,Pending,
ORD-101032,06/09/2026,Central,Chhattisgarh,  Raipur ,Electronics,Power Bank,1,1404.00,Completed,4
ORD-104315,2026-08-14,West,Gujarat,Ahmedabad,Home & Kitchen,Pressure Cooker,4,1822.38,Delivered,1
ORD-103715,2026-05-26,Southern,Kerala,Kochi,  Apparel ,kurta,1,880.16,Delivered,4
ORD-101201,2026-06-09,West,Goa,panaji,Electronics,Smartphone,1,19987.80,Delivered,2
ORD-104678,2026-04-19,North,Chandigarh,Chandigarh,Apparel,Cotton T-Shirt,1,528.03,Delivered,4
ORD-101549,2026-03-23,WEST,Gujarat,Ahmedabad,  Health & Beauty ,Vitamin C Tablets,3,526.35,Delivered,3
ORD-101671,2026-03-26,East,  Assam ,guwahati,Grocery,Dry Fruits 500g,5,847.78,Delivered,5
ORD-104433,2026-08-21,South,Telangana,Hyderabad,Apparel,Cotton T-Shirt,5,497.48,Delivered,2
ORD-101408,2026-05-11,West,MAHARASHTRA,Pune,  Grocery ,Basmati Rice 5kg,2,609.74,Delivered,2
ORD-102831,2026-03-17,West,Maharashtra,Pune,Apparel,  Denim Jeans ,6,1543.73,Delivered,3
ORD-102194,2026-07-28,North,rajasthan,Jaipur,apparel,Kurta,1,873.56,Delivered,2
ORD-102043,2026-02-02,West,,PANAJI,Groceries,basmati rice 5kg,1,599.39,Shipped,
ORD-101361,2026-03-15,South,Telangana,Hyderabad,Health & Beauty,Vitamin C Tablets,1,520.46,Delivered,1
ORD-102276,07/03/2026,NORTH,Haryana,Gurugram,Home & Kitchen,Non-Stick Pan,2,1034.90,Delivered,3
ORD-102617,03/09/2026,  West ,Maharashtra,Pune,Grocery,Basmati Rice 5kg,4,611.54,Delivered,2
ORD-103468,2026-09-08,Southern,Kerala,Kochi,Electronics,Power Bank,2,1389.78,Delivered,1
ORD-101357,2026-02-16,West,Gujarat,Ahmedabad,Grocery,Basmati Rice 5kg,3,644.98,Returned,1
ORD-104564,2026-04-14,South,Karnataka,Bengaluru,Health & Beauty,Hair Dryer,1,1750.97,In Transit,
ORD-100874,2026-05-27,North,,Gurugram,Grocery,Cooking Oil 1L,4,205.68,Delivered,3
ORD-103102,01-Jul-2026,East,Assam,Guwahati,Electronics,Smartwatch,2,4839.85,Completed,5
ORD-102480,2026-07-13,West,Maharashtra,Mumbai,Apparel,  Winter Jacket ,3,2634.53,Completed,3
ORD-100584,21-Jul-2026,WEST,goa,Panaji,Apparel,Running Shoes,2,3279.00,Shipped,
ORD-100608,2026-04-04,South,Kerala,Kochi,  Apparel ,winter jacket,1,2310.32,Delivered,3
ORD-102616,2026-07-29,North,delhi,Delhi,Groceries,Basmati Rice 5kg,1,666.08,Completed,2
ORD-100767,2026-04-22,South,,Chennai,Home & Kitchen,LED Bulb Pack,3,426.75,Delivered,4
ORD-104651,2026-08-08,West,Maharashtra,Mumbai,Home & Kitchen,Bedsheet Set,3,1114.60,Shipped,
ORD-102499,20/08/2026,east,Bihar,Patna,Home & Kitchen,Mixer Grinder,3,3403.46,Delivered,6
ORD-104242,2026-01-25,east,Assam,guwahati,Grocery,  Atta 10kg ,6,486.39,Pending,
ORD-104060,2026-01-19,north,Delhi,delhi,Electronics,Bluetooth Speaker,2,3255.22,shipped,
ORD-104283,2026-02-04,North,Haryana,Gurugram,Grocery,dry fruits 500g,2,745.72,Pending,
ORD-102280,2026-05-03,west,Maharashtra,Mumbai,electronics,Smartwatch,1,5283.87,Delivered,4
ORD-101369,2026-07-26,Southern,Tamil Nadu,Chennai,  Electronics ,smartphone,1,17306.36,In Transit,
ORD-100023,2026-01-28,West,Maharashtra,Pune,Apparel,Kurta,1,946.27,Delivered,3
ORD-104793,2027-03-15,South,kerala,Kochi,Home & Kitchen,Bedsheet Set,1,1141.07,Completed,2
ORD-101446,2026-05-15,West,  Maharashtra ,  Pune ,Grocery,Green Tea 100 Bags,2,361.68,delivered,2
ORD-104015,2026-08-01,Central,Maharashtra,Nagpur,Health & Beauty,Face Wash,2,237.75,Delivered,3
ORD-101897,22-Mar-2026,East,Odisha,Bhubaneswar,Health & Beauty,Vitamin C Tablets,2,536.73,Pending,
ORD-101616,2026-04-30,Central,Chhattisgarh,Raipur,  Electronics ,Bluetooth Speaker,1,2991.04,Cancelled,
ORD-103719,2026-04-11,Western,Maharashtra,Mumbai,Electronics,Smartwatch,2,4658.90,Delivered,5
ORD-100868,2026-08-16,South,Telangana,Hyderabad,Home & Kitchen,Pressure Cooker,1,1713.26,Pending,
ORD-102254,2026-06-29,West,MAHARASHTRA,Pune,Apparel,Running Shoes,2,2829.04,Delivered,2
ORD-101646,18/04/2026,South,Telangana,Hyderabad,Electronics,bluetooth speaker,1,2823.54,DELIVERED,2
ORD-102488,2026-08-11,East,West Bengal,Kolkata,Apparel,Kurta,1,833.01,DELIVERED,7
ORD-100982,2026-08-17,North,Chandigarh,Chandigarh,Home & Kitchen,Mixer Grinder,1,3619.88,Delivered,4
ORD-100916,2026-04-21,South,Tamil Nadu,Chennai,Home & Kitchen,Mixer Grinder,1,3455.64,  Delivered ,4
ORD-103411,17/06/2026,  West ,Maharashtra,  Mumbai ,Electronics,Smartphone,3,18486.51,Delivered,2
ORD-101251,2026-08-21,East,Assam,Guwahati,GROCERY,Atta 10kg,4,450.69,Delivered,6
ORD-100738,01-Sep-2026,South,Tamil Nadu,Madras,HOME & KITCHEN,Non-Stick Pan,1,956.75,Delivered,3
ORD-103824,2026-05-31,South,Telangana,Hyderabad,Grocery,Dry Fruits 500g,6,868.62,Pending,
ORD-102252,2026-09-11,East,Odisha,Bhubaneswar,Electronics,Smartwatch,4,4694.64,Delivered,6
ORD-102691,2026-04-02,SOUTH,Karnataka,Bengaluru,Home & Kitchen,Pressure Cooker,1,1822.60,Delivered,2
ORD-101797,2026-06-25,North,Delhi,Delhi,Apparel,running shoes,1,2729.84,Delivered,2
ORD-103778,2026-03-23,West,Gujarat,Ahmedabad,Electronics,Wireless Earbuds,1,2633.50,delivered,1
ORD-100847,04/06/2026,East,  Assam ,Guwahati,  Grocery ,Cooking Oil 1L,2,183.22,Delivered,4
ORD-104358,09/08/2026,Southern,,kochi,  Grocery ,DRY FRUITS 500G,2,807.07,Delivered,1
ORD-101857,17/05/2026,  North ,Delhi,  Delhi ,HEALTH & BEAUTY,Vitamin C Tablets,2,574.53,delivered,4
ORD-102237,2026-01-23,E,Assam,Guwahati,Apparel,Kurta,1,983.95,  Delivered ,4
ORD-101828,2026-06-09,north,,Delhi,Apparel,Cotton T-Shirt,1,491.29,Delivered,1
ORD-102801,2026-05-18,Central,Chhattisgarh,Raipur,Electronics,Smartphone,1,19939.34,Completed,1
ORD-102553,2026-03-24,South,Kerala,Kochi,Grocery,Cooking Oil 1L,5,198.51,pending,
ORD-101352,04-Mar-2026,West,Gujarat,Ahmedabad,apparel,Kurta,2,848.52,Delivered,2
ORD-101550,2026-05-10,South,Tamil Nadu,Chennai,Electronics,Smartwatch,2,5344.62,Delivered,3
ORD-103290,2026-06-09,north,Haryana,Gurgaon,Home & Kitchen,Pressure Cooker,3,2087.98,Delivered,1
ORD-104672,23-Mar-2026,North,Chandigarh,Chandigarh,Apparel,Running Shoes,1,2890.88,Cancelled,
ORD-100110,2026-05-21,Central,MADHYA PRADESH,Indore,Grocery,Green Tea 100 Bags,8,369.85,Delivered,5
ORD-100043,06/07/2026,West,Gujarat,  Ahmedabad ,Apparel,Kurta,1,812.65,Shipped,
ORD-103568,2026-05-12,North,Rajasthan,Jaipur,APPAREL,Winter Jacket,1,2527.62,Pending,
ORD-102793,2026-09-03,North,Rajasthan,Jaipur,Grocery,Green Tea 100 Bags,5,372.15,Returned,1
ORD-102730,11/06/2026,East,,Kolkata,ELECTRONICS,Power Bank,3,1329.72,Delivered,2
ORD-102942,2026-06-21,West,Maharashtra,Pune,Home & Kitchen,Bedsheet Set,3,1277.79,Shipped,
ORD-103844,2026-06-16,North,chandigarh,CHANDIGARH,Apparel,Denim Jeans,2,1379.97,Pending,
ORD-103440,2026-08-11,East,assam,Guwahati,Groceries,atta 10kg,3,507.82,Delivered,7
ORD-102455,2026-05-02,West,Gujarat,Ahmedabad,Electronics,  Smartwatch ,1,5436.31,Delivered,1
ORD-101457,31/01/2026,North,Delhi,Delhi,Home & Kitchen,  LED Bulb Pack ,4,379.23,DELIVERED,4
ORD-103707,2026-01-27,East,West Bengal,Kolkata,Toys,Sunscreen,2,413.82,Shipped,
ORD-104848,18/03/2026,north,Rajasthan,Jaipur,Home & Kitchen,Pressure Cooker,4,1882.35,Shipped,
ORD-101372,2026-09-24,east,,Bhubaneswar,Electronics,Power Bank,1,1412.14,Pending,
ORD-101535,2026-04-13,North,Chandigarh,  Chandigarh ,Apparel,Winter Jacket,1,2299.79,Delivered,1
ORD-103479,2026-07-02,East,Bihar,Patna,Electronics,wireless earbuds,2,2669.66,Completed,3
ORD-102027,2026-03-18,North,Haryana,Gurugram,Grocery,Green Tea 100 Bags,3,356.08,Delivered,3
ORD-103053,21/08/2026,North,Delhi,Delhi,Health & Beauty,Shampoo 400ml,1,421.49,Delivered,2
ORD-102353,2026-07-04,South,Kerala,kochi,Electronics,bluetooth speaker,1,2946.25,Delivered,2
ORD-100782,2026-07-19,North,  Uttar Pradesh ,Lucknow,Health & Beauty,Vitamin C Tablets,2,510.71,Cancelled,
ORD-100873,2026-05-09,North,Uttar Pradesh,Lucknow,Apparel,Cotton T-Shirt,3,546.28,Delivered,2
ORD-101183,2026-09-20,South,Tamil Nadu,Chennai,Electronics,Smartphone,1,20606.11,Delivered,1
ORD-104051,2026-08-28,  North ,Haryana,Gurugram,Grocery,Basmati Rice 5kg,3,695.41,Delivered,4
ORD-104167,2026-08-13,north,Uttar Pradesh,Lucknow,Electronics,bluetooth speaker,2,2984.75,Returned,1
ORD-101311,2026-08-10,South,Telangana,Hyderabad,Electronics,smartwatch,2,5138.56,Delivered,3
ORD-104508,2026-01-21,N,Haryana,Gurugram,Apparel,Cotton T-Shirt,1,495.27,Pending,
ORD-100434,2026-09-12,N,Rajasthan,Jaipur,Electronics,Smartphone,2,17833.01,Pending,
ORD-101746,22-May-2026,North,haryana,Gurugram,grocery,Basmati Rice 5kg,1,590.90,Shipped,
ORD-101004,2026-08-01,East,ASSAM,Guwahati,Grocery,Green Tea 100 Bags,4,367.58,Delivered,7
ORD-101268,2026-02-27,Western,Maharashtra,Pune,GROCERY,Atta 10kg,2,541.65,Shipped,
ORD-104344,2026-07-05,Western,Maharashtra,Mumbai,Health & Beauty,Shampoo 400ml,1,368.65,Completed,3
ORD-102784,2026-09-03,West,Maharashtra,Mumbai,Electronics,Bluetooth Speaker,1,3293.95,Delivered,2
ORD-104595,2026-06-02,South,Karnataka,Bengaluru,home & kitchen,Non-Stick Pan,1,1025.13,Delivered,3
ORD-101165,2026-03-30,North,Haryana,Gurugram,Groceries,Green Tea 100 Bags,2,324.30,Delivered,1
ORD-101415,2026-07-13,Southern,Kerala,Kochi,Grocery,Atta 10kg,1,453.00,Delivered,3
ORD-103103,2026-04-01,West,Gujarat,Ahmedabad,Apparel,Kurta,3,922.53,Delivered,2
ORD-104370,19-Feb-2026,West,gujarat,Ahmedabad,Apparel,DENIM JEANS,2,1441.49,Delivered,3
ORD-100848,2026-08-12,North,uttar pradesh,Lucknow,Grocery,green tea 100 bags,2,334.53,pending,
ORD-103183,11-Sep-2026,Southern,Kerala,Kochi,Apparel,Denim Jeans,1,1585.17,  Shipped ,
ORD-103030,2026-04-03,  West ,Maharashtra,Mumbai,Home & Kitchen,Bedsheet Set,1,1124.22,delivered,2
ORD-103338,2026-08-22,East,,Patna,Health & Beauty,Hair Dryer,1,1591.05,Completed,6
ORD-101418,2026-01-08,North,Uttar Pradesh,Lucknow,Apparel,Cotton T-Shirt,2,478.87,Delivered,1
ORD-104007,2026-07-16,Central,Chhattisgarh,Raipur,Health & Beauty,Hair Dryer,3,1450.67,  Completed ,5
ORD-102608,2026-06-01,West,Gujarat,  Ahmedabad ,electronics,Power Bank,1,1385.63,Shipped,
ORD-103361,2026-06-18,East,,Kolkata,Health & Beauty,Vitamin C Tablets,1,570.38,Delivered,6
ORD-100080,2026-08-13,North,Delhi,Delhi,Grocery,cooking oil 1l,1,196.99,Delivered,3
ORD-101499,2026-08-29,North,Uttar Pradesh,Lucknow,  Home & Kitchen ,Bedsheet Set,3,1285.21,Delivered,2
ORD-103700,2026-09-13,  West ,gujarat,Ahmedabad,Electronics,Smartphone,1,20247.19,Delivered,2
ORD-104277,03/09/2026,South,Telangana,Hyderabad,Apparel,Winter Jacket,2,2615.49,Delivered,4
ORD-104340,2026-01-14,West,goa,Panaji,Electronics,Smartphone,4,17497.10,Delivered,2
ORD-102566,2026-02-14,North,  Uttar Pradesh ,Lucknow,Electronics,Smartwatch,1,4849.43,Delivered,2
ORD-104873,2026-04-30,South,Kerala,Kochi,  Grocery ,DRY FRUITS 500G,4,828.95,Delivered,
ORD-103843,2026-09-29,Western,Gujarat,Ahmedabad,Electronics,Power Bank,1,1205.46,DELIVERED,1
ORD-103084,2026-09-24,Central,Chhattisgarh,Raipur,Health & Beauty,Sunscreen,1,436.67,Delivered,3
ORD-101418,2026-01-08,North,Uttar Pradesh,Lucknow,Apparel,Cotton T-Shirt,2,478.87,Delivered,1
ORD-102807,2026-08-13,Central,Chhattisgarh,Raipur,  Home & Kitchen ,LED Bulb Pack,1,433.88,Delivered,1
ORD-100730,13/01/2026,Southern,Kerala,Kochi,Electronics,smartphone,1,19668.84,Delivered,1
ORD-102578,2026-04-22,  South ,Karnataka,Bengaluru,Electronics,Smartphone,1,19740.04,delivered,3
ORD-103959,2026-08-09,East,Bihar,Patna,Electronics,Smartphone,3,20612.04,Delivered,10
ORD-102860,21/09/2026,West,Maharashtra,Pune,Apparel,Cotton T-Shirt,1,531.83,Shipped,
ORD-104856,2026-09-12,North,chandigarh,Chandigarh,Health and Beauty,Sunscreen,1,428.19,Delivered,1
ORD-103169,19-Feb-2026,South,tamil nadu,Chennai,Apparel,Running Shoes,4,3086.06,Shipped,
ORD-100525,2026-07-20,south,Kerala,Kochi,Home & Kitchen,Pressure Cooker,2,1739.16,Delivered,4
ORD-104537,20-Mar-2026,East,Assam,GUWAHATI,Home and Kitchen,Non-Stick Pan,1,910.95,Pending,
ORD-104772,23/05/2026,West,Goa,Panaji,Grocery,Dry Fruits 500g,7,815.92,Shipped,
ORD-100699,2026-02-07,East,Odisha,Bhubaneswar,Grocery,Dry Fruits 500g,3,765.83,Delivered,1
ORD-102472,2026-09-18,West,Maharashtra,Pune,Electronics,Smartwatch,2,4961.90,Delivered,1
ORD-104863,2026-04-05,West,Maharashtra,Bombay,Health & Beauty,Sunscreen,1,438.94,Delivered,2
ORD-104800,30/08/2026,South,Kerala,Kochi,Electronics,Smartwatch,3,5364.43,Delivered,2
ORD-100789,2026-09-02,N,Delhi,Delhi,Electronics,WIRELESS EARBUDS,2,2582.89,Pending,
ORD-104624,14/07/2026,South,Kerala,Kochi,Grocery,Basmati Rice 5kg,4,633.25,Delivered,3
ORD-103220,2026-04-05,West,Goa,Panaji,Grocery,Basmati Rice 5kg,4,676.03,Delivered,3
ORD-100418,2026-06-29,South,Karnataka,Bengaluru,Toys,Kurta,1,833.25,COMPLETED,2
ORD-102558,2026-05-29,South,Telangana,Hyderabad,Health & Beauty,Shampoo 400ml,5,374.75,Delivered,3
ORD-101061,2026-02-25,south,  Karnataka ,  Bengaluru ,Home & Kitchen,Pressure Cooker,1,2015.85,Delivered,4
ORD-103651,2026-07-10,North,Delhi,Delhi,Electronics,Smartphone,2,19693.72,Delivered,2
ORD-100552,30/05/2026,South,Karnataka,Bengaluru,Apparel,kurta,1,873.20,Pending,
ORD-103557,2026-03-23,North,Haryana,  Gurugram ,Electronics,Bluetooth Speaker,1,3092.99,DELIVERED,3
ORD-104527,16-Jun-2026,Western,gujarat,Ahmedabad,Grocery,Dry Fruits 500g,4,800.26,Pending,
ORD-101109,2026-03-23,West,Maharashtra,Mumbai,Apparel,Running Shoes,1,3261.34,Delivered,2
ORD-101372,2026-09-24,east,,Bhubaneswar,Electronics,Power Bank,6,1412.14,Pending,
ORD-102798,01-Jun-2026,South,Tamil Nadu,  Chennai ,  Home & Kitchen ,NON-STICK PAN,1,924.80,Returned,4
ORD-104199,2026-01-30,north,Chandigarh,Chandigarh,Apparel,Kurta,3,903.16,Delivered,2
ORD-103984,16-Apr-2026,West,Goa,PANAJI,Health & Beauty,Shampoo 400ml,1,405.31,Delivered,4
ORD-101489,2026-03-05,North,Haryana,Gurugram,Electronics,Power Bank,6,1209.79,  Delivered ,2
ORD-102116,2026-01-16,North,Delhi,New Delhi,Electronics,Power Bank,3,1215.96,Delivered,2
ORD-102313,2026-08-19,Central,Chhattisgarh,RAIPUR,Home & Kitchen,Non-Stick Pan,4,930.58,Delivered,3
ORD-104596,2026-03-30,South,Kerala,Kochi,Health & Beauty,Shampoo 400ml,1,364.80,Shipped,
ORD-102445,22-Jan-2026,East,Odisha,Bhubaneswar,Grocery,Atta 10kg,5,481.59,Delivered,4
ORD-100228,2026-07-09,Southern,Karnataka,  Bengaluru ,  Apparel ,Cotton T-Shirt,1,506.43,cancelled,
ORD-104392,2026-09-16,north,Rajasthan,Jaipur,Electronics,Smartphone,2,18624.67,Delivered,1
ORD-104467,28/09/2026,Central,Madhya Pradesh,Bhopal,Home & Kitchen,Pressure Cooker,1,1780.56,Cancelled,
ORD-103857,05/06/2026,North,Haryana,Gurgaon,Apparel,Cotton T-Shirt,4,480.40,Delivered,2
ORD-103555,2026-04-20,west,Maharashtra,Mumbai,Grocery,Dry Fruits 500g,2,794.40,Cancelled,
ORD-100606,2026-07-30,Central,Chhattisgarh,Raipur,Grocery,Basmati Rice 5kg,1,614.31,Delivered,2
ORD-100069,2026-09-15,North,Haryana,Gurugram,Apparel,Winter Jacket,1,2674.43,Delivered,4
ORD-102029,2026-06-15,North,Haryana,GURUGRAM,Home & Kitchen,Mixer Grinder,abc,3275.97,  Delivered ,3
ORD-100531,2026-07-23,Central,Madhya Pradesh,  Bhopal ,Home & Kitchen,LED Bulb Pack,1,371.64,Delivered,3
ORD-101599,2026-08-13,South,Tamil Nadu,Chennai,Grocery,Green Tea 100 Bags,1,360.98,Shipped,
ORD-104518,2026-06-11,North,Delhi,  Delhi ,Apparel,Winter Jacket,2,2556.77,Delivered,3
ORD-102531,18-Apr-2026,North,Haryana,Gurugram,HOME & KITCHEN,Mixer Grinder,1,3268.23,Delivered,2
ORD-101864,2026-03-21,East,  Assam ,Guwahati,Grocery,Cooking Oil 1L,2,171.96,Delivered,4
ORD-102623,2026-09-10,  North ,uttar pradesh,Lucknow,Electronics,Bluetooth Speaker,2,2990.95,Delivered,4
ORD-104418,2026-05-13,Central,Madhya Pradesh,Indore,Grocery,Cooking Oil 1L,4,206.46,Returned,5
ORD-104899,2026-02-16,WEST,Maharashtra,  Mumbai ,Grocery,Green Tea 100 Bags,1,321.08,delivered,3
ORD-100704,03/07/2026,South,Kerala,KOCHI,Home & Kitchen,LED Bulb Pack,2,436.06,Delivered,5
ORD-104771,2026-08-28,East,West Bengal,  Kolkata ,Health & Beauty,Hair Dryer,1,1614.35,Delivered,8
ORD-102125,22/02/2026,SOUTH,Karnataka,Bengaluru,Grocery,Atta 10kg,4,478.08,Delivered,3
ORD-104986,14/01/2026,East,  West Bengal ,Kolkata,Home & Kitchen,LED Bulb Pack,1,369.38,Delivered,4
ORD-101015,2026-03-01,  West ,Maharashtra,Pune,Apparel,Denim Jeans,2,1629.14,Pending,
ORD-103353,2026-08-06,South,karnataka,Bengaluru,Apparel,Cotton T-Shirt,1,526.38,Cancelled,
ORD-100985,18/09/2026,South,,Hyderabad,Apparel,Winter Jacket,4,2255.94,Pending,
ORD-100714,31/02/2026,North,Uttar Pradesh,Lucknow,Apparel,COTTON T-SHIRT,1,510.77,Delivered,1
ORD-104306,2026-06-01,North,Uttar Pradesh,Lucknow,APPAREL,Cotton T-Shirt,2,472.49,Cancelled,
ORD-104421,18/09/2026,Central,Maharashtra,Nagpur,Electronics,BLUETOOTH SPEAKER,1,3224.89,delivered,2
ORD-101096,2026-07-06,East,Bihar,Patna,Home & Kitchen,Mixer Grinder,1,3160.37,Delivered,4
ORD-100113,09/04/2026,east,Odisha,Bhubaneswar,Apparel,Denim Jeans,1,1472.12,Shipped,
ORD-100485,2026-05-15,east,BIHAR,Patna,grocery,Cooking Oil 1L,3,180.36,Delivered,3
ORD-101581,03/08/2026,East,Bihar,Patna,Health & Beauty,  Sunscreen ,4,488.62,Completed,6
ORD-100315,2026-05-17,North,Haryana,gurugram,home & kitchen,Mixer Grinder,5,3521.76,Delivered,2
ORD-100556,2026-07-17,North,Delhi,Delhi,Electronics,WIRELESS EARBUDS,1,2499.15,CANCELLED,
ORD-104442,2026-06-19,East,Odisha,Bhubaneswar,  Electronics ,Wireless Earbuds,3,2479.33,Delivered,3
ORD-100992,2026-06-29,North,Chandigarh,Chandigarh,  Home & Kitchen ,LED Bulb Pack,1,402.26,Delivered,2
ORD-103246,2026-06-25,East,WEST BENGAL,Kolkata,Health & Beauty,Sunscreen,2,454.93,Delivered,5
ORD-104485,2026-06-16,North,DELHI,DELHI,Home & Kitchen,Non-Stick Pan,1,1057.59,Cancelled,
ORD-104727,2026-06-12,south,Telangana,Hyderabad,Grocery,Basmati Rice 5kg,6,629.60,delivered,4
ORD-103287,2026-02-27,N,  Rajasthan ,Jaipur,Health & Beauty,shampoo 400ml,4,381.05,Delivered,2
ORD-100752,24/09/2026,Central,Chhattisgarh,raipur,Electronics,  Smartphone ,1,20801.71,Delivered,3
ORD-100971,2026-04-27,West,,Ahmedabad,Health & Beauty,Vitamin C Tablets,1,573.95,completed,3
ORD-101773,2026-08-11,Southern,Karnataka,Bengaluru,Grocery,Dry Fruits 500g,2,812.36,delivered,2
ORD-100076,2026-08-25,Central,Madhya Pradesh,Indore,electronics,Power Bank,2,1290.77,Delivered,1
ORD-101211,28/02/2026,south,Tamil Nadu,Chennai,Apparel,Winter Jacket,3,2667.51,Completed,2
ORD-103465,19/08/2026,East,Assam,Guwahati,ELECTRONICS,Bluetooth Speaker,3,3051.71,delivered,8
ORD-100524,2026-06-12,North,Rajasthan,Jaipur,Apparel,Cotton T-Shirt,4,503.44,Delivered,4
ORD-101384,2026-04-12,South,Karnataka,Bengaluru,Electronics,Smartwatch,2,4995.05,Delivered,
ORD-102528,20/03/2026,North,Uttar Pradesh,Lucknow,Electronics,  Wireless Earbuds ,1,2265.36,Delivered,4
ORD-101836,2026-05-22,East,Bihar,Patna,Apparel,Kurta,4,968.46,delivered,
ORD-102772,2026-08-27,Central,Chhattisgarh,Raipur,Health & Beauty,Shampoo 400ml,1,397.77,Delivered,3
ORD-100605,2026-06-25,South,Tamil Nadu,Chennai,Apparel,Winter Jacket,2,2484.77,Delivered,4
ORD-104949,13/03/2026,West,Gujarat,Ahmedabad,Grocery,Basmati Rice 5kg,4,713.78,Delivered,3
ORD-102251,2026-09-18,North,Chandigarh,Chandigarh,Grocery,Basmati Rice 5kg,6,659.52,Delivered,3
ORD-102506,2026-04-03,South,Kerala,Kochi,Electronics,Smartwatch,1,5477.36,Pending,
ORD-103852,2026-08-06,  West ,Maharashtra,Pune,Electronics,Smartphone,1,19031.92,Cancelled,
ORD-103737,2026-05-20,Western,goa,Panaji,Apparel,Winter Jacket,1,2329.66,Shipped,
ORD-100536,2026-07-01,West,Maharashtra,Pune,Apparel,DENIM JEANS,1,1418.90,Delivered,3
ORD-100939,2026-09-14,Central,  Madhya Pradesh ,Bhopal,Home and Kitchen,Pressure Cooker,1,1907.46,Shipped,
ORD-102710,2026-01-13,Central,Madhya Pradesh,Bhopal,Home & Kitchen,Pressure Cooker,1,1735.65,Delivered,4
ORD-101380,2026-02-06,North,Delhi,delhi,Apparel,Denim Jeans,2,1415.41,Completed,1
ORD-101953,2026-05-20,East,assam,Guwahati,Home and Kitchen,LED Bulb Pack,5,421.78,Delivered,6
ORD-100832,2026-04-22,WEST,Maharashtra,Pune,Grocery,  Atta 10kg ,1,511.17,Pending,
ORD-103957,2026-05-08,North,Haryana,gurugram,Apparel,Denim Jeans,1,1593.20,Delivered,2
ORD-101815,2026-04-21,north,Rajasthan,Jaipur,Apparel,running shoes,1,3132.90,Shipped,
ORD-101057,2026-03-17,West,Goa,  Panaji ,Health and Beauty,Sunscreen,3,474.15,Delivered,2
ORD-100245,31-Jul-2026,Western,,Mumbai,Grocery,Atta 10kg,2,537.84,In Transit,
ORD-100882,2026-06-24,  South ,Tamil Nadu,Chennai,Grocery,cooking oil 1l,4,201.26,Delivered,3
ORD-102867,2026-01-19,West,Maharashtra,Mumbai,Electronics,Power Bank,3,1196.93,Shipped,
ORD-104184,2026-01-21,West,Maharashtra,Mumbai,health & beauty,Shampoo 400ml,1,426.10,Delivered,4
ORD-102343,2026-09-06,East,West Bengal,Kolkata,Health & Beauty,Hair Dryer,1,1597.59,Delivered,7
ORD-103333,2026-07-16,North,Delhi,Delhi,Grocery,Basmati Rice 5kg,3,673.62,Delivered,2
ORD-104334,2026-01-23,Central,Madhya Pradesh,Bhopal,Grocery,Green Tea 100 Bags,1,345.07,Delivered,4
ORD-100648,2026-08-26,WEST,Maharashtra,Mumbai,Home & Kitchen,Non-Stick Pan,3,1018.57,  Delivered ,3
ORD-100909,2026-09-14,West,Maharashtra,Pune,Electronics,Smartwatch,1,4757.04,Delivered,3
ORD-102172,28/01/2026,West,Goa,Panaji,  Groceries ,Atta 10kg,4,490.67,Delivered,2
ORD-103164,2026-09-17,Central,Madhya Pradesh,Bhopal,Electronics,Smartwatch,1,4643.53,Delivered,2
ORD-104005,29/08/2026,north,Rajasthan,Jaipur,HEALTH & BEAUTY,Hair Dryer,3,1520.61,Shipped,
ORD-100763,2026-06-24,North,Uttar Pradesh,lucknow,Grocery,Atta 10kg,4,511.46,Delivered,3
ORD-103189,2026-08-05,North,  Haryana ,Gurugram,Home & Kitchen,Mixer Grinder,3,3449.86,Delivered,1
ORD-100057,2026-06-14,Central,,Bhopal,grocery,Atta 10kg,3,529.84,Completed,2
ORD-103130,2026-04-28,North,Rajasthan,Jaipur,Electronics,Wireless Earbuds,2,2551.24,Delivered,1
ORD-101587,2026-07-24,North,Rajasthan,Jaipur,Apparel,Cotton T-Shirt,1,488.07,Delivered,2
ORD-100007,29-Mar-2026,South,Telangana,Hyderabad,Health & Beauty,Vitamin C Tablets,1,522.20,Delivered,1
ORD-104233,20/02/2026,South,Telangana,Hyderabad,Health & Beauty,Shampoo 400ml,1,367.38,Delivered,2
ORD-102073,22/06/2026,East,Bihar,Patna,Grocery,Basmati Rice 5kg,4,684.36,Delivered,4
ORD-103988,2026-09-09,West,Maharashtra,Pune,  Electronics ,Wireless Earbuds,1,2530.27,Delivered,1
ORD-100310,2026-07-13,North,Chandigarh,Chandigarh,Health & Beauty,Face Wash,1,263.42,Completed,1
ORD-104859,07/08/2026,west,Goa,Panaji,Apparel,RUNNING SHOES,1,2702.61,Delivered,1
ORD-100614,07-Apr-2026,Central,madhya pradesh,Bhopal,Electronics,Smartwatch,1,5170.40,Delivered,3
ORD-101458,2026-03-26,north,Haryana,Gurugram,Health & Beauty,  Shampoo 400ml ,2,416.34,Pending,
ORD-103818,09/04/2026,South,Telangana,hyderabad,Grocery,Atta 10kg,2,496.53,  Delivered ,3
ORD-104157,2026-04-20,North,Haryana,Gurugram,Health and Beauty,Sunscreen,1,420.30,Delivered,
ORD-103819,2026-07-26,South,Karnataka,Bengaluru,HOME & KITCHEN,Pressure Cooker,1,2055.60,PENDING,
ORD-102675,2026-05-05,East,,Patna,Electronics,Wireless Earbuds,2,2633.85,Pending,
ORD-103584,2026-02-20,Southern,Tamil Nadu,Chennai,Health & Beauty,Shampoo 400ml,1,372.39,Completed,3
ORD-102547,2026-09-24,West,Gujarat,Ahmedabad,Health & Beauty,vitamin c tablets,2,496.66,Delivered,2
ORD-103142,2026-05-23,Central,Maharashtra,Nagpur,Electronics,Bluetooth Speaker,3,2894.19,Delivered,3
ORD-104916,2026-03-25,East,Bihar,Patna,Apparel,Denim Jeans,1,1396.55,Completed,4
ORD-102540,2026-03-17,West,Goa,Panaji,Grocery,Green Tea 100 Bags,2,321.33,Shipped,
ORD-101916,12/03/2026,South,Telangana,Hyderabad,  Apparel ,Running Shoes,1,2886.54,  Delivered ,4
ORD-103656,2026-08-15,North,Delhi,Delhi,  Apparel ,Winter Jacket,1,2551.85,Delivered,3
ORD-102009,08/06/2026,South,Tamil Nadu,Chennai,Home & Kitchen,LED BULB PACK,1,421.72,  Delivered ,3
ORD-100323,2026-04-17,West,Goa,Panaji,grocery,Basmati Rice 5kg,4,652.67,Delivered,1
ORD-102425,25/05/2026,West,Goa,Panaji,Home & Kitchen,Non-Stick Pan,1,976.84,Delivered,2
ORD-102794,2026-01-22,north,Uttar Pradesh,Lucknow,Health & Beauty,Face Wash,2,255.24,Pending,
ORD-103516,2026-01-14,East,Odisha,Bhubaneswar,Home & Kitchen,Non-Stick Pan,2,1004.94,delivered,2
ORD-104169,23/08/2026,North,,Jaipur,Grocery,Dry Fruits 500g,3,851.25,PENDING,
ORD-104620,25/04/2026,West,Goa,Panaji,Electronics,  Wireless Earbuds ,1,2598.27,Delivered,3
ORD-103992,12-Jan-2026,North,Chandigarh,chandigarh,Health & Beauty,Face Wash,1,257.12,Delivered,3
ORD-103090,20/08/2026,west,Maharashtra,Mumbai,Health & Beauty,Shampoo 400ml,1,429.10,PENDING,
ORD-102086,14/04/2026,South,Kerala,Kochi,Grocery,Cooking Oil 1L,3,187.33,Shipped,
ORD-102448,28-Sep-2026,South,Telangana,  Hyderabad ,Grocery,Dry Fruits 500g,4,872.43,Delivered,4
ORD-104434,2026-01-16,Central,Maharashtra,nagpur,Grocery,ATTA 10KG,1,543.23,Shipped,
ORD-104914,2026-04-27,West,Maharashtra,Pune,Apparel,Winter Jacket,3,2673.43,Delivered,
ORD-103835,2026-04-08,West,Maharashtra,Mumbai,Home & Kitchen,Pressure Cooker,3,2064.23,Pending,
ORD-100216,2026-01-18,South,,Hyderabad,grocery,Green Tea 100 Bags,1,357.77,completed,4
ORD-100096,2026-03-08,South,KARNATAKA,Bengaluru,electronics,SMARTPHONE,4,19081.51,Delivered,3
ORD-101113,2026-02-28,West,Maharashtra,Pune,Health & Beauty,Sunscreen,1,447.78,delivered,4
ORD-103334,2026-01-26,South,Telangana,Hyderabad,health & beauty,  Face Wash ,2,272.76,In Transit,
ORD-104553,2026-09-24,Central,Chhattisgarh,Raipur,Apparel,  Cotton T-Shirt ,1,532.93,Pending,
ORD-100920,21-Sep-2026,Western,Goa,Panaji,Health & Beauty,Face Wash,3,263.60,Delivered,3
ORD-100911,2026-06-14,Central,,Raipur,Electronics,Smartwatch,3,5152.16,Returned,1
ORD-100049,2026-07-04,North,Uttar Pradesh,Lucknow,health & beauty,sunscreen,4,444.40,Delivered,2
ORD-100298,2026-03-17,South,Tamil Nadu,Madras,  Groceries ,Cooking Oil 1L,1,178.98,Delivered,3
ORD-101497,02/06/2026,North,Rajasthan,Jaipur,Health & Beauty,Hair Dryer,4,1526.12,Delivered,3
ORD-102235,2026-08-18,South,Tamil Nadu,Chennai,Grocery,Atta 10kg,2,540.64,Delivered,4
ORD-104405,2026-02-26,WEST,Maharashtra,Mumbai,Home & Kitchen,LED Bulb Pack,3,415.40,Completed,4
ORD-104685,2026-08-25,Central,Maharashtra,Nagpur,Health & Beauty,  Vitamin C Tablets ,1,538.04,Delivered,5
ORD-101959,2026-08-31,North,Uttar Pradesh,lucknow,Grocery,Atta 10kg,3,523.04,Delivered,5
ORD-104665,06-May-2026,Central,Madhya Pradesh,indore,Electronics,Power Bank,2,1298.05,Returned,3
ORD-102835,2026-09-02,North,Uttar Pradesh,Lucknow,Apparel,Winter Jacket,2,2554.17,Delivered,2
ORD-102652,2026-09-26,West,gujarat,Ahmedabad,Apparel,Running Shoes,3,3167.73,Delivered,2
ORD-101850,2026-03-05,CENTRAL,Madhya Pradesh,Indore,  Home & Kitchen ,Bedsheet Set,1,1160.03,Delivered,5
ORD-102955,2026-07-10,West,MAHARASHTRA,,Electronics,smartwatch,2,5438.70,Delivered,4
ORD-104944,21-Jul-2026,West,Maharashtra,Mumbai,Home & Kitchen,Bedsheet Set,1,1134.72,Delivered,5
ORD-102758,2026-07-23,South,Tamil Nadu,Chennai,Grocery,basmati rice 5kg,4,713.42,Delivered,5
ORD-102979,2026-07-27,West,Gujarat,Ahmedabad,Home & Kitchen,Bedsheet Set,3,1237.37,Completed,2
ORD-101498,2026-07-08,Central,Madhya Pradesh,Bhopal,Electronics,BLUETOOTH SPEAKER,1,2989.51,Delivered,2
ORD-104822,08/01/2026,West,Goa,Panaji,  Home & Kitchen ,mixer grinder,5,3236.41,Pending,
ORD-100829,2026-04-28,Central,Maharashtra,Nagpur,Health & Beauty,Shampoo 400ml,1,374.27,Shipped,
ORD-104040,2026-07-27,East,Bihar,Patna,GROCERIES,Cooking Oil 1L,2,182.02,Completed,6
ORD-104841,2026-01-04,central,Madhya Pradesh,Bhopal,Home & Kitchen,BEDSHEET SET,1,1245.97,Delivered,5
ORD-104760,17-Aug-2026,  Western ,GUJARAT,Ahmedabad,Home & Kitchen,Mixer Grinder,3,3814.65,Delivered,1
ORD-102246,2026-01-29,east,Odisha,Bhubaneswar,Grocery,Cooking Oil 1L,4,195.27,Delivered,1
ORD-103930,2026-01-21,South,Karnataka,Bengaluru,  Grocery ,Atta 10kg,3,474.02,Shipped,
ORD-100720,2026-02-25,North,Delhi,Delhi,Grocery,  Dry Fruits 500g ,3,761.53,delivered,2
ORD-104799,2026-05-05,N,UTTAR PRADESH,lucknow,Electronics,Smartwatch,2,5332.52,Completed,2
ORD-100262,2026-09-13,  North ,haryana,Gurugram,Electronics,Bluetooth Speaker,2,3277.02,  Delivered ,2
ORD-102803,29/08/2026,Central,Madhya Pradesh,Indore,Grocery,Dry Fruits 500g,2,877.78,Pending,
ORD-102708,2026-04-10,East,,GUWAHATI,Health & Beauty,Hair Dryer,4,1694.27,Pending,
ORD-104053,2026-09-22,North,Delhi,New Delhi,Home & Kitchen,Pressure Cooker,1,1717.70,delivered,3
ORD-100700,2026-04-23,west,Goa,Panaji,Grocery,Cooking Oil 1L,2,170.64,Delivered,1
ORD-104900,2026-04-03,West,Gujarat,Ahmedabad,Grocery,Green Tea 100 Bags,2,354.66,Cancelled,
ORD-101566,2026-08-31,South,Telangana,Hyderabad,GROCERY,Atta 10kg,1,500.67,  Delivered ,2
ORD-101445,2026-05-30,West,Goa,Panaji,  Electronics ,Smartwatch,2,5327.45,  Delivered ,3
ORD-102384,01-Jun-2026,  East ,Bihar,Patna,Apparel,Cotton T-Shirt,1,545.00,Delivered,5
ORD-103225,06-Jun-2026,east,Bihar,Patna,Health & Beauty,Shampoo 400ml,1,415.98,Delivered,4
ORD-104836,2026-04-21,  South ,Tamil Nadu,  Chennai ,Health & Beauty,Hair Dryer,1,1575.83,Cancelled,
ORD-102023,2026-09-29,West,Gujarat,Ahmedabad,Apparel,Cotton T-Shirt,1,512.77,Shipped,
ORD-101482,2026-09-10,South,Kerala,Kochi,Apparel,Cotton T-Shirt,1,471.53,Delivered,2
ORD-104976,2026-01-23,West,,ahmedabad,Health & Beauty,Vitamin C Tablets,1,514.24,Delivered,3
ORD-102137,09/06/2026,West,Goa,Panaji,Toys,Smartwatch,2,5276.04,Shipped,
ORD-102292,09-Sep-2026,North,Haryana,  Gurugram ,Grocery,Basmati Rice 5kg,1,673.44,Delivered,3
ORD-102126,2026-08-13,Central,Maharashtra,Nagpur,Electronics,Smartphone,4,19765.43,Delivered,2
ORD-104307,2026-02-17,West,Maharashtra,MUMBAI,clothing,Denim Jeans,1,1490.38,Shipped,
ORD-100393,2026-03-11,East,ODISHA,Bhubaneswar,Grocery,Atta 10kg,6,483.73,Delivered,3
ORD-103112,2026-09-26,North,Haryana,Gurugram,ELECTRONICS,Wireless Earbuds,1,2333.74,Pending,
ORD-103153,2026-05-16,east,Bihar,  Patna ,Electronics,Smartphone,7,20498.79,Delivered,3
ORD-103772,2026-08-30,North,Uttar Pradesh,Lucknow,Groceries,Dry Fruits 500g,1,818.54,Pending,
ORD-103589,2026-06-16,North,Uttar Pradesh,Lucknow,Electronics,Smartwatch,3,5148.82,Delivered,1
ORD-100804,2026-03-20,West,Gujarat,Ahmedabad,Health & Beauty,Face Wash,1,258.00,Delivered,4
ORD-103608,2026-01-17,North,Delhi,Delhi,Grocery,Green Tea 100 Bags,3,337.04,Shipped,
ORD-102726,22/01/2026,West,Goa,Panaji,Health & Beauty,  Hair Dryer ,3,1531.11,Delivered,5
ORD-100044,2026-01-04,Central,Maharashtra,Nagpur,Electronics,Smartphone,1,19703.59,Delivered,3
ORD-104172,2026-08-09,South,Telangana,Hyderabad,Grocery,Basmati Rice 5kg,5,584.45,Completed,5
ORD-102911,2026-08-20,E,Assam,,  Electronics ,Smartphone,3,18501.98,Returned,8
ORD-102904,2026-05-04,Central,Chhattisgarh,Raipur,Grocery,Cooking Oil 1L,4,195.81,PENDING,
ORD-103432,2026-03-21,Central,Chhattisgarh,Raipur,Electronics,Power Bank,1,1425.54,Cancelled,
ORD-102668,02-Apr-2026,West,Goa,Panaji,Grocery,Atta 10kg,1,480.19,Delivered,4
ORD-104295,2026-01-28,North,Chandigarh,Chandigarh,Grocery,Basmati Rice 5kg,2,678.58,Delivered,2
ORD-104314,2026-08-23,North,Chandigarh,Chandigarh,Apparel,Cotton T-Shirt,1,514.21,  Delivered ,2
ORD-101156,2026-05-18,Southern,Telangana,HYDERABAD,Electronics,Smartwatch,2,5454.47,Delivered,6
ORD-100808,2026-04-05,North,,Chandigarh,Groceries,Green Tea 100 Bags,2,351.18,Delivered,2
ORD-104884,2026-04-25,East,Bihar,Patna,Health & Beauty,Shampoo 400ml,2,400.06,Delivered,2
ORD-104391,02/06/2026,West,gujarat,AHMEDABAD,Apparel,Denim Jeans,2,1434.24,SHIPPED,
ORD-103541,03/05/2026,South,,Chennai,Grocery,Green Tea 100 Bags,1,359.27,Delivered,1
ORD-104568,14-Jul-2026,North,Rajasthan,Jaipur,  Groceries ,Basmati Rice 5kg,2,688.94,Delivered,3
ORD-101035,27-May-2026,WEST,Gujarat,Ahmedabad,Grocery,Basmati Rice 5kg,4,638.80,Delivered,4
ORD-100601,02-Aug-2026,west,Goa,Panaji,Health & Beauty,Sunscreen,1,405.32,Pending,
ORD-102276,07/03/2026,NORTH,Haryana,Gurugram,Home & Kitchen,Non-Stick Pan,3,1034.90,Delivered,3
ORD-104173,2026-03-11,South,kerala,Kochi,Home & Kitchen,Bedsheet Set,1,1218.30,delivered,3
ORD-100449,21/07/2026,North,,Chandigarh,Grocery,Green Tea 100 Bags,2,345.12,Delivered,2
ORD-104149,2026-08-19,South,Kerala,  Kochi ,Home & Kitchen,Pressure Cooker,5,2034.94,Delivered,2
ORD-101921,2026-03-27,EAST,Odisha,BHUBANESWAR,Grocery,Cooking Oil 1L,2,197.58,Shipped,
ORD-104762,2026-06-11,Southern,Karnataka,Bengaluru,Grocery,Dry Fruits 500g,1,830.35,Delivered,3
ORD-100643,2026-05-14,North,Haryana,Gurugram,Grocery,Cooking Oil 1L,4,182.43,Delivered,5
ORD-102070,2026-03-15,Central,chhattisgarh,Raipur,  Home & Kitchen ,Bedsheet Set,2,1203.60,delivered,4
ORD-101180,2026-07-07,West,GUJARAT,Ahmedabad,GROCERY,Atta 10kg,1,479.26,Delivered,2
ORD-100669,02/08/2026,South,  Kerala ,Kochi,Apparel,Winter Jacket,2,2295.63,Delivered,4
ORD-104995,10/08/2026,East,West Bengal,kolkata,Electronics,Smartphone,1,18176.35,Completed,9
ORD-100727,2026-02-13,South,TELANGANA,Hyderabad,Apparel,Winter Jacket,1,2302.54,Delivered,2
ORD-100774,2026-09-05,Western,Maharashtra,Mumbai,apparel,Kurta,1,858.03,Completed,3
ORD-104506,2026-06-19,West,GUJARAT,Ahmedabad,Health and Beauty,Face Wash,1,267.94,Delivered,3
ORD-101440,2026-09-17,East,Odisha,bhubaneswar,Apparel,Cotton T-Shirt,2,523.00,Delivered,7
ORD-100893,2026-08-16,West,Goa,Panaji,Grocery,basmati rice 5kg,3,709.51,Delivered,2
ORD-103139,2026-04-07,SOUTH,karnataka,Bengaluru,Home & Kitchen,LED Bulb Pack,3,388.26,Delivered,4
ORD-101387,15-Apr-2026,N,Delhi,Delhi,Grocery,Green Tea 100 Bags,2,354.08,Delivered,2
ORD-102320,2026-04-19,West,Maharashtra,Pune,health and beauty,Hair Dryer,1,1559.64,Delivered,4
ORD-104946,30-Jun-2026,South,Telangana,Hyderabad,Grocery,Green Tea 100 Bags,5,320.71,Delivered,3
ORD-101010,2026-08-21,N,Uttar Pradesh,Lucknow,Grocery,Atta 10kg,1,480.15,Delivered,4
ORD-101577,2026-04-15,West,Maharashtra,Pune,Grocery,Atta 10kg,1,485.06,Pending,
ORD-100397,16-May-2026,West,MAHARASHTRA,Pune,Grocery,DRY FRUITS 500G,1,859.28,delivered,2
ORD-100693,2026-02-22,South,Telangana,Hyderabad,Grocery,Cooking Oil 1L,5,177.72,Returned,4
ORD-101425,2026-09-02,Central,Madhya Pradesh,indore,Apparel,Denim Jeans,3,1548.04,Delivered,4
ORD-102529,2026-09-26,North,Uttar Pradesh,Lucknow,apparel,Running Shoes,2,3207.78,  Delivered ,2
ORD-100467,2026-03-21,West,Goa,PANAJI,Apparel,Denim Jeans,1,1552.40,Shipped,
ORD-100309,19-Jul-2026,Central,MADHYA PRADESH,Indore,Home & Kitchen,LED Bulb Pack,1,373.80,  Delivered ,3
ORD-102220,2026-02-17,East,West Bengal,  Kolkata ,Electronics,Smartwatch,2,5195.12,Delivered,3
ORD-103932,2026-01-30,Central,Chhattisgarh,Raipur,Home & Kitchen,LED Bulb Pack,3,400.65,Delivered,3
ORD-104154,2026-06-18,East,Bihar,PATNA,apparel,Kurta,1,913.03,cancelled,
ORD-100312,2026-02-06,East,Bihar,Patna,Health & Beauty,Sunscreen,1,468.35,delivered,3
ORD-103302,27/08/2026,West,Gujarat,Ahmedabad,Apparel,Winter Jacket,1,2431.21,Delivered,1
ORD-101328,2026-02-15,East,Odisha,Bhubaneswar,Grocery,GREEN TEA 100 BAGS,6,378.82,  Delivered ,2
ORD-101407,2026-07-13,west,Goa,Panaji,  Apparel ,Winter Jacket,1,2665.20,  Delivered ,2
ORD-103451,08-Sep-2026,E,Bihar,Patna,Grocery,Basmati Rice 5kg,4,688.55,delivered,8
ORD-103845,2026-02-22,West,Gujarat,Ahmedabad,ELECTRONICS,Smartphone,2,18574.02,In Transit,
ORD-104017,08/02/2026,West,Maharashtra,MUMBAI,Groceries,Cooking Oil 1L,5,194.41,Returned,2
ORD-103588,03-May-2026,South,Kerala,Kochi,Electronics,Power Bank,2,1183.08,Delivered,3
ORD-100865,2026-09-25,South,Karnataka,Bengaluru,Health and Beauty,Vitamin C Tablets,1,516.53,Delivered,1
ORD-100932,2026-07-01,E,West Bengal,KOLKATA,Electronics,Power Bank,3,1277.53,Cancelled,
ORD-100476,2026-02-22,West,maharashtra,Mumbai,  Home & Kitchen ,Mixer Grinder,4,3840.19,Pending,
ORD-103122,2026-03-23,E,West Bengal,Kolkata,Health & Beauty,Shampoo 400ml,2,387.14,delivered,6
ORD-104528,2026-02-16,North,Rajasthan,Jaipur,Apparel,Denim Jeans,3,1627.74,Shipped,
ORD-101462,2026-01-19,  Central ,madhya pradesh,Bhopal,Apparel,  Denim Jeans ,1,1370.49,delivered,1
ORD-100825,2026-01-16,west,,Panaji,Health & Beauty,Sunscreen,1,458.36,Delivered,1
ORD-100168,2026-07-07,Central,Maharashtra,Nagpur,Grocery,Basmati Rice 5kg,3,657.46,Shipped,
ORD-101241,2026-01-20,North,Uttar Pradesh,Lucknow,Health & Beauty,Hair Dryer,1,1518.60,Delivered,3
ORD-100202,30/04/2026,South,  Tamil Nadu ,Chennai,Home & Kitchen,BEDSHEET SET,1,1247.93,delivered,3
ORD-101158,2026-07-20,West,Maharashtra,Bombay,Apparel,Running Shoes,2,2746.44,Delivered,3
ORD-103055,2026-04-06,West,gujarat,Ahmedabad,Grocery,atta 10kg,3,517.76,Delivered,6
ORD-102503,2026-04-26,Central,maharashtra,Nagpur,Grocery,Atta 10kg,6,451.80,Delivered,4
ORD-102985,2026-03-17,WEST,maharashtra,Mumbai,Grocery,Dry Fruits 500g,2,744.69,Delivered,2
ORD-101681,2026-09-10,North,Haryana,Gurugram,Electronics,Bluetooth Speaker,4,3078.59,Shipped,
ORD-101076,2026-08-05,South,Karnataka,Bengaluru,Electronics,Bluetooth Speaker,2,2982.65,  Delivered ,5
ORD-101167,12/05/2026,E,Assam,Guwahati,health & beauty,Vitamin C Tablets,1,543.29,DELIVERED,1
ORD-104696,23/06/2026,South,Kerala,Kochi,Grocery,Green Tea 100 Bags,3,381.48,Delivered,4
ORD-102943,2026-08-05,WEST,Maharashtra,Pune,Home & Kitchen,Pressure Cooker,1,1968.62,Delivered,3
ORD-104592,2026-09-15,West,Goa,Panaji,Electronics,bluetooth speaker,1,3127.77,Delivered,3
ORD-102170,2026-07-29,E,Odisha,  Bhubaneswar ,Grocery,Dry Fruits 500g,6,781.55,Returned,2
ORD-102670,2026-05-06,N,Haryana,Gurgaon,Health & Beauty,Vitamin C Tablets,3,559.58,Returned,3
ORD-100713,2026-04-21,E,West Bengal,Kolkata,Grocery,Dry Fruits 500g,1,861.00,Pending,
ORD-104092,2026-02-21,South,karnataka,  Bengaluru ,Apparel,Running Shoes,2,2791.02,delivered,2
ORD-104735,2026-06-15,North,Chandigarh,Chandigarh,Home & Kitchen,Pressure Cooker,4,1797.37,Delivered,1
ORD-102470,2026-04-30,East,Assam,Guwahati,home & kitchen,Pressure Cooker,5,2083.87,Delivered,7
ORD-103648,2026-08-15,East,  Bihar ,PATNA,Grocery,Basmati Rice 5kg,7,629.04,Delivered,8
ORD-102209,20/07/2026,North,Chandigarh,Chandigarh,Grocery,DRY FRUITS 500G,3,854.96,Shipped,
ORD-103043,2026-07-22,South,telangana,hyderabad,Clothing,Cotton T-Shirt,1,535.43,Delivered,4
ORD-104106,05/06/2026,East,bihar,Patna,apparel,Winter Jacket,1,2359.82,Delivered,3
ORD-103213,2026-02-18,  West ,Maharashtra,mumbai,Home & Kitchen,LED Bulb Pack,2,430.50,Returned,2
ORD-102383,2026-03-30,Central,Chhattisgarh,Raipur,Grocery,atta 10kg,1,453.87,Delivered,4
ORD-101796,2026-05-11,North,Uttar Pradesh,Lucknow,Grocery,Atta 10kg,1,533.29,Delivered,1
ORD-101877,2026-06-28,South,Kerala,Kochi,Electronics,Bluetooth Speaker,1,2746.20,Delivered,1
ORD-102331,2026-04-30,Central,Madhya Pradesh,Bhopal,  Grocery ,  Dry Fruits 500g ,1,727.22,Delivered,1
ORD-101951,2026-02-21,Central,Madhya Pradesh,Bhopal,Grocery,Dry Fruits 500g,3,858.74,IN TRANSIT,
ORD-103883,2026-06-26,Southern,Tamil Nadu,Chennai,Electronics,SMARTPHONE,1,17369.46,Delivered,4
ORD-100009,25-Mar-2026,N,Chandigarh,Chandigarh,  Home & Kitchen ,  Pressure Cooker ,1,2061.39,Delivered,3
ORD-101038,2027-03-15,West,Gujarat,Ahmedabad,Apparel,Winter Jacket,3,2739.54,Pending,
ORD-104612,2026-05-18,North,Haryana,Gurugram,Electronics,Bluetooth Speaker,1,3068.08,Returned,
ORD-104858,2026-07-07,East,Assam,Guwahati,  Apparel ,Kurta,1,846.28,Cancelled,
ORD-100627,26-Sep-2026,East,West Bengal,Kolkata,Grocery,Dry Fruits 500g,1,802.37,Delivered,7
ORD-100405,31/05/2026,South,KARNATAKA,Bengaluru,Electronics,Power Bank,3,1221.11,Completed,1
ORD-100507,11/07/2026,North,  Haryana ,Gurugram,Home & Kitchen,Non-Stick Pan,2,1072.49,Completed,4
ORD-102286,2026-08-17,Western,Maharashtra,Pune,ELECTRONICS,Smartphone,1,17914.35,Shipped,
ORD-102218,2026-09-05,Western,Goa,Panaji,Electronics,Wireless Earbuds,1,2278.76,Delivered,3
ORD-102590,2026-05-17,North,Haryana,Gurugram,Grocery,Dry Fruits 500g,1,741.08,Delivered,1
ORD-103861,2026-06-20,North,Uttar Pradesh,Lucknow,Apparel,Cotton T-Shirt,2,528.22,Delivered,3
ORD-103650,2026-09-06,South,Tamil Nadu,Chennai,GROCERY,Dry Fruits 500g,4,723.35,Delivered,1
ORD-100363,09-Sep-2026,South,Telangana,Hyderabad,Electronics,Smartwatch,2,4746.79,Cancelled,
ORD-100512,2026-06-14,WEST,Gujarat,AHMEDABAD,Apparel,Cotton T-Shirt,1,533.45,Returned,2
ORD-104609,10-Sep-2026,West,Goa,Panaji,grocery,Basmati Rice 5kg,1,607.88,Returned,
ORD-100203,2026-03-25,  South ,telangana,HYDERABAD,Electronics,Wireless Earbuds,1,2576.93,Shipped,
ORD-102901,2027-03-15,South,Telangana,Hyderabad,Grocery,Green Tea 100 Bags,1,370.67,Delivered,3
ORD-103636,2026-05-02,North,Uttar Pradesh,Lucknow,Health & Beauty,Shampoo 400ml,1,425.82,Completed,2
ORD-104915,01/04/2026,  Central ,Chhattisgarh,RAIPUR,Grocery,  Cooking Oil 1L ,3,180.35,Delivered,4
ORD-103717,2026-06-10,Central,Madhya Pradesh,Indore,Electronics,Wireless Earbuds,2,2501.92,DELIVERED,3
ORD-104780,15/03/2026,West,Goa,Panaji,Grocery,Cooking Oil 1L,1,177.06,  Delivered ,4
ORD-101454,26-Jul-2026,WEST,Goa,panaji,  Grocery ,Atta 10kg,5,539.48,Delivered,2
ORD-104134,2026-07-30,West,Maharashtra,Mumbai,Grocery,Basmati Rice 5kg,4,667.13,Delivered,2
ORD-103709,2026-09-06,North,Chandigarh,Chandigarh,Grocery,Cooking Oil 1L,2,193.17,Delivered,2
ORD-104747,29-Aug-2026,South,  Telangana ,,home & kitchen,LED Bulb Pack,2,374.57,Delivered,4
ORD-101349,17/04/2026,NORTH,haryana,Gurugram,Electronics,Bluetooth Speaker,2,3179.93,Shipped,
ORD-100289,2026-03-06,central,Chhattisgarh,Raipur,Health & Beauty,Vitamin C Tablets,1,523.12,Delivered,2
ORD-103877,2026-07-14,South,Kerala,Kochi,Clothing,Kurta,1,913.46,Delivered,4
ORD-101777,2026-03-14,South,Telangana,Hyderabad,Health & Beauty,Shampoo 400ml,5,405.21,Shipped,
ORD-104993,2026-03-25,West,maharashtra,Pune,Home and Kitchen,Pressure Cooker,1,2053.62,Pending,
ORD-104797,2026-06-08,South,Tamil Nadu,Chennai,Electronics,Bluetooth Speaker,1,2939.42,Delivered,2
ORD-101802,2026-06-05,Southern,Kerala,kochi,Apparel,  Kurta ,1,830.16,Completed,2
ORD-103796,2026-07-22,West,Gujarat,  Ahmedabad ,Grocery,Basmati Rice 5kg,4,696.96,Delivered,1
ORD-102605,2026-02-02,South,Karnataka,Bengaluru,Health & Beauty,Sunscreen,1,452.16,Delivered,3
ORD-102764,2026-02-19,North,Delhi,Delhi,Apparel,Winter Jacket,1,2531.20,Delivered,1
ORD-100274,2026-09-17,South,,Chennai,Electronics,Bluetooth Speaker,1,3121.74,Delivered,4
ORD-104055,02-Jun-2026,North,HARYANA,Gurugram,  Health & Beauty ,Hair Dryer,5,1572.66,Pending,
ORD-101526,16-Jul-2026,North,Rajasthan,JAIPUR,Grocery,Atta 10kg,1,473.79,Delivered,4
ORD-101571,05-Feb-2026,Central,Maharashtra,nagpur,Apparel,Kurta,4,947.38,Delivered,3
ORD-103264,2026-07-01,South,Kerala,Kochi,Electronics,Smartwatch,4,5398.41,Delivered,2
ORD-102684,28-Jun-2026,North,Haryana,Gurgaon,Electronics,Smartwatch,1,5080.42,Completed,3
ORD-101735,2026-08-05,CENTRAL,Madhya Pradesh,Indore,Grocery,Basmati Rice 5kg,4,640.17,Delivered,3
ORD-101502,2026-04-30,South,Kerala,Kochi,Grocery,Dry Fruits 500g,3,869.36,Delivered,3
ORD-101867,29-Apr-2026,Southern,Karnataka,Bengaluru,Health and Beauty,Face Wash,2,267.38,Pending,
ORD-102659,29/06/2026,North,Delhi,Delhi,Grocery,Cooking Oil 1L,2,199.57,delivered,2
ORD-100031,27-Jan-2026,  N ,,Chandigarh,Health & Beauty,Vitamin C Tablets,1,572.23,Completed,2
ORD-103974,2026-08-01,West,Maharashtra,Pune,Electronics,Wireless Earbuds,2,2539.42,Delivered,5
ORD-103100,2026-04-11,West,  Maharashtra ,Pune,Electronics,Smartphone,1,19685.59,Pending,
ORD-101562,04/08/2026,  Central ,Maharashtra,Nagpur,Grocery,  Cooking Oil 1L ,3,196.17,Completed,3
ORD-102437,03/02/2026,South,Telangana,Hyderabad,GROCERY,Green Tea 100 Bags,1,325.53,Shipped,
ORD-104984,2026-05-09,North,Uttar Pradesh,lucknow,Apparel,Running Shoes,2,2897.93,Delivered,3
ORD-104759,2026-09-23,North,Delhi,Delhi,Electronics,Wireless Earbuds,1,2573.50,Delivered,2
ORD-102146,2026-07-24,e,West Bengal,KOLKATA,Apparel,Kurta,3,846.24,  Delivered ,4
ORD-101835,12-Apr-2026,North,Rajasthan,  Jaipur ,ELECTRONICS,Smartphone,2,20650.46,Shipped,
ORD-104378,2026-08-16,NORTH,Delhi,Delhi,Health & Beauty,Face Wash,1,231.09,Pending,
ORD-100613,2026-02-13,East,Bihar,Patna,Apparel,Denim Jeans,1,1499.26,Shipped,
ORD-104749,2026-04-20,South,Karnataka,Bengaluru,Apparel,  Kurta ,4,855.91,Cancelled,
ORD-102178,2026-04-21,West,  Maharashtra ,  Mumbai ,Clothing,Denim Jeans,1,1504.42,Delivered,1
ORD-104354,2026-07-09,  West ,Gujarat,Ahmedabad,Health & Beauty,  Face Wash ,3,252.90,delivered,2
ORD-101641,26/03/2026,West,maharashtra,Mumbai,Clothing,Running Shoes,4,3287.62,Delivered,1
ORD-101506,2026-04-01,West,MAHARASHTRA,  Pune ,Electronics,Wireless Earbuds,3,2281.09,Delivered,3
ORD-104056,2026-03-06,East,Odisha,Bhubaneswar,Apparel,WINTER JACKET,1,2562.05,Delivered,2
ORD-103791,2026-05-28,West,Gujarat,Ahmedabad,GROCERY,Green Tea 100 Bags,5,323.07,Delivered,2
ORD-100580,2026-09-10,West,Gujarat,Ahmedabad,Electronics,Smartwatch,3,5347.07,Cancelled,
ORD-102336,2026-09-06,South,Karnataka,BENGALURU,Electronics,Smartwatch,1,4623.24,RETURNED,3
ORD-100498,2026-07-31,North,Uttar Pradesh,Lucknow,Grocery,Atta 10kg,4,527.66,Delivered,
ORD-100159,31/02/2026,North,DELHI,New Delhi,Grocery,  Atta 10kg ,4,514.28,Delivered,1
ORD-102828,2026-05-21,west,,Mumbai,Electronics,Bluetooth Speaker,1,3234.90,Delivered,1
ORD-104658,2026-02-17,North,Delhi,Delhi,home & kitchen,Bedsheet Set,2,1159.41,Cancelled,
ORD-100285,18/08/2026,East,West Bengal,Kolkata,Home & Kitchen,LED Bulb Pack,2,389.01,Delivered,7
ORD-104178,2026-05-31,North,  Delhi ,Delhi,Grocery,Cooking Oil 1L,5,188.66,Pending,
ORD-100458,25/09/2026,Central,Maharashtra,Nagpur,Grocery,Atta 10kg,4,463.78,Delivered,5
ORD-101137,13/09/2026,South,,Kochi,  Electronics ,Wireless Earbuds,1,2363.70,Delivered,
ORD-104320,2026-02-25,South,Karnataka,Bengaluru,Apparel,Winter Jacket,1,2382.90,SHIPPED,
ORD-100013,2026-08-03,South,  Kerala ,Kochi,Apparel,Winter Jacket,1,2707.09,Delivered,5
ORD-101924,2026-08-28,Central,chhattisgarh,Raipur,electronics,Smartwatch,2,5297.00,Returned,4
ORD-104586,2026-04-16,East,Bihar,patna,Grocery,Atta 10kg,2,502.30,Delivered,4
ORD-102946,2026-08-08,North,Haryana,Gurugram,Electronics,Bluetooth Speaker,5,2895.30,Delivered,4
ORD-102344,28-Sep-2026,West,Maharashtra,  Mumbai ,Home & Kitchen,Pressure Cooker,2,1768.03,Delivered,1
ORD-101613,2026-06-26,South,Kerala,Kochi,Apparel,Kurta,2,983.86,Delivered,2
ORD-101603,2026-04-08,South,Telangana,Hyderabad,Grocery,Atta 10kg,3,511.35,Delivered,3
ORD-100278,2026-05-07,East,Odisha,BHUBANESWAR,Grocery,Cooking Oil 1L,1,170.21,Cancelled,
ORD-103591,2026-07-01,South,Tamil Nadu,Madras,Apparel,Running Shoes,1,2922.65,Delivered,3
ORD-103673,2026-04-02,West,Gujarat,Ahmedabad,Grocery,Cooking Oil 1L,2,185.67,Delivered,1
ORD-102296,2026-06-27,East,West Bengal,Kolkata,  Electronics ,Wireless Earbuds,1,2267.82,Delivered,1
ORD-103339,2026-06-29,North,Delhi,Delhi,Groceries,Dry Fruits 500g,3,835.15,Delivered,3
ORD-103863,2026-08-14,Central,Madhya Pradesh,Bhopal,Grocery,dry fruits 500g,4,832.17,Cancelled,
ORD-104945,2026-05-13,East,West Bengal,Kolkata,Toys,Cotton T-Shirt,4,507.72,Delivered,5
ORD-101966,2026-09-04,South,Tamil Nadu,Madras,Grocery,Cooking Oil 1L,4,188.09,DELIVERED,2
ORD-104272,2026-03-12,South,tamil nadu,chennai,Grocery,Atta 10kg,3,530.20,Delivered,1
ORD-104721,2026-08-16,south,Tamil Nadu,chennai,Health & Beauty,Face Wash,2,273.26,Delivered,4
ORD-101202,14/08/2026,CENTRAL,Madhya Pradesh,Bhopal,  Health & Beauty ,Sunscreen,2,449.94,Delivered,3
ORD-100729,2026-05-22,West,Gujarat,AHMEDABAD,  Home & Kitchen ,Pressure Cooker,1,1979.33,Delivered,1
ORD-104329,2026-06-10,East,odisha,Bhubaneswar,Grocery,Dry Fruits 500g,3,733.25,Completed,5
ORD-100191,2026-06-08,EAST,Assam,Guwahati,Electronics,Wireless Earbuds,1,2431.12,Pending,
ORD-104379,2026-07-31,South,Karnataka,Bengaluru,Health & Beauty,Sunscreen,1,484.48,shipped,
ORD-100547,2026-03-11,south,Telangana,HYDERABAD,Home & Kitchen,Bedsheet Set,1,1219.04,  Delivered ,2
ORD-100156,24/07/2026,East,West Bengal,Kolkata,Apparel,Running Shoes,2,3190.77,Shipped,
ORD-102963,2026-07-16,South,Karnataka,Bengaluru,Health & Beauty,Sunscreen,2,454.80,Shipped,
ORD-103892,2026-06-28,N,Delhi,Delhi,Grocery,Atta 10kg,1,480.37,Delivered,4
ORD-101522,12/09/2026,South,Tamil Nadu,Chennai,Health & Beauty,Vitamin C Tablets,5,588.37,Delivered,1
ORD-100145,2026-09-24,East,Odisha,Bhubaneswar,Home & Kitchen,Pressure Cooker,3,1818.56,Delivered,5
ORD-103983,18-May-2026,North,uttar pradesh,Lucknow,Health & Beauty,Vitamin C Tablets,4,585.69,Delivered,1
ORD-104198,20/05/2026,South,Kerala,Kochi,Electronics,  Wireless Earbuds ,1,2470.56,Delivered,1
ORD-100566,2026-04-04,West,Maharashtra,Pune,Electronics,Wireless Earbuds,1,2493.38,Delivered,5
ORD-103630,2026-04-30,Central,Chhattisgarh,Raipur,Grocery,Dry Fruits 500g,5,858.37,Delivered,2
ORD-101382,2026-04-27,WEST,Maharashtra,Pune,Grocery,Atta 10kg,1,548.57,Cancelled,
ORD-100460,2026-06-24,East,West Bengal,Kolkata,Apparel,Cotton T-Shirt,2,501.70,  Delivered ,3
ORD-100889,2026-06-13,South,Karnataka,Bengaluru,Home & Kitchen,NON-STICK PAN,1,1032.70,Shipped,
ORD-102268,2026-08-13,Central,Madhya Pradesh,Indore,health & beauty,Vitamin C Tablets,4,527.82,Delivered,3
ORD-103934,2026-06-20,East,Assam,Guwahati,Apparel,Cotton T-Shirt,1,462.80,Completed,
ORD-100284,2026-09-14,West,Gujarat,Ahmedabad,Apparel,Denim Jeans,3,1541.84,Delivered,3
ORD-104635,2026-05-23,North,Rajasthan,Jaipur,Home and Kitchen,Bedsheet Set,2,1189.14,Delivered,3
ORD-102689,2026-04-20,East,Bihar,Patna,Home & Kitchen,LED Bulb Pack,3,424.28,Delivered,4
ORD-103897,21-Jan-2026,North,Haryana,gurugram,Home & Kitchen,Non-Stick Pan,2,929.37,  Delivered ,3
ORD-100415,2026-06-26,N,Chandigarh,Chandigarh,Electronics,Bluetooth Speaker,1,3147.94,Cancelled,
ORD-104810,2026-02-12,South,telangana,Hyderabad,ELECTRONICS,Smartphone,7,18603.42,Shipped,
ORD-103326,11-Jul-2026,West,Goa,Panaji,ELECTRONICS,Wireless Earbuds,2,N/A,Shipped,
ORD-102374,2026-03-25,Central,  Maharashtra ,Nagpur,Grocery,  Basmati Rice 5kg ,1,616.82,Delivered,3
ORD-101315,05/06/2026,North,Rajasthan,jaipur,Apparel,Winter Jacket,1,2693.05,DELIVERED,
ORD-103471,2026-09-18,Central,Madhya Pradesh,Bhopal,Electronics,Power Bank,1,1266.46,Delivered,4
ORD-100279,2026-08-07,East,Bihar,Patna,Grocery,Cooking Oil 1L,2,182.92,Delivered,7
ORD-103427,2026-08-02,south,Karnataka,Bangalore,Electronics,Wireless Earbuds,1,2584.76,Shipped,
ORD-104814,2026-05-19,West,Maharashtra,Pune,  Grocery ,Cooking Oil 1L,1,173.78,Delivered,2
ORD-102302,2026-08-11,  Southern ,Telangana,Hyderabad,Apparel,Kurta,3,813.07,Cancelled,
ORD-102969,2026-03-07,North,Uttar Pradesh,  Lucknow ,ELECTRONICS,Power Bank,2,1315.57,Delivered,2
ORD-103770,2026-06-17,  North ,Delhi,Delhi,Electronics,wireless earbuds,1,2691.23,Delivered,3
ORD-104776,2026-09-13,West,maharashtra,MUMBAI,ELECTRONICS,SMARTWATCH,3,4957.52,Shipped,
ORD-104577,2026-03-04,East,West Bengal,Kolkata,Electronics,Bluetooth Speaker,1,3107.55,  Delivered ,3
ORD-101532,2026-06-05,South,Tamil Nadu,Chennai,Apparel,Denim Jeans,1,1513.72,Pending,
ORD-101106,2026-04-12,North,Delhi,New Delhi,Electronics,Bluetooth Speaker,1,2876.37,Delivered,
ORD-104463,2026-06-26,North,Chandigarh,CHANDIGARH,Home & Kitchen,LED Bulb Pack,1,365.01,Delivered,3
ORD-102816,2026-04-05,West,Goa,panaji,Health & Beauty,Vitamin C Tablets,1,527.61,Pending,
ORD-101748,2026-02-14,North,Delhi,Delhi,GROCERIES,Atta 10kg,4,457.19,Cancelled,
ORD-100217,2026-05-01,North,DELHI,delhi,apparel,Kurta,2,967.39,SHIPPED,
ORD-101842,18/03/2026,North,Rajasthan,Jaipur,Grocery,Cooking Oil 1L,1,203.79,Shipped,
ORD-102965,2026-01-25,  North ,Rajasthan,Jaipur,Electronics,Bluetooth Speaker,2,2730.29,Delivered,5
ORD-104790,2026-08-25,East,odisha,  Bhubaneswar ,Clothing,Winter Jacket,1,2359.48,Delivered,7
ORD-100206,2026-09-19,South,Kerala,Kochi,Grocery,Dry Fruits 500g,6,770.87,Delivered,3
ORD-104385,2026-01-05,Central,,INDORE,Apparel,running shoes,1,3038.60,Shipped,
ORD-102441,2026-08-09,East,West Bengal,Kolkata,Apparel,Denim Jeans,3,1540.87,  Delivered ,5
ORD-104548,21/08/2026,West,goa,Panaji,Electronics,Power Bank,1,1383.67,Delivered,2
ORD-103099,2026-06-29,Southern,  Telangana ,HYDERABAD,Health & Beauty,Face Wash,2,258.90,Delivered,3
ORD-104190,2026-07-02,North,  Delhi ,Delhi,Health & Beauty,Hair Dryer,4,1752.44,Delivered,1
ORD-102769,23/06/2026,South,Tamil Nadu,Madras,health & beauty,Sunscreen,1,468.35,Shipped,
ORD-100130,2026-05-24,South,Tamil Nadu,  Chennai ,Apparel,Kurta,1,837.78,Delivered,3
ORD-102229,2026-08-04,South,Telangana,Hyderabad,Groceries,Green Tea 100 Bags,4,370.04,  Delivered ,3
ORD-100559,2026-04-11,north,Rajasthan,Jaipur,Health & Beauty,shampoo 400ml,2,432.57,Delivered,2
ORD-102491,2026-07-23,E,Odisha,Bhubaneswar,Apparel,Running Shoes,1,2852.86,Shipped,
ORD-102517,2026-05-04,North,Delhi,Delhi,Grocery,Basmati Rice 5kg,5,612.35,DELIVERED,3
ORD-104902,2026-08-26,West,Maharashtra,PUNE,  Apparel ,Kurta,1,954.97,Completed,2
ORD-103748,31/02/2026,South,Kerala,Kochi,Apparel,Winter Jacket,1,2727.08,Delivered,2
ORD-100330,2026-09-25,East,Bihar,Patna,Grocery,Atta 10kg,3,450.83,delivered,7
ORD-104801,2026-06-24,North,Chandigarh,Chandigarh,Electronics,Smartwatch,4,4846.43,DELIVERED,2
ORD-102446,2026-05-31,North,Uttar Pradesh,Lucknow,Health & Beauty,Hair Dryer,4,1524.83,Delivered,3
ORD-103313,09/04/2026,North,Haryana,Gurugram,ELECTRONICS,Wireless Earbuds,1,2729.30,Delivered,2
ORD-102839,2026-08-29,Central,Maharashtra,Nagpur,Electronics,Wireless Earbuds,2,2451.90,Delivered,3
ORD-103407,2026-07-27,South,Karnataka,Bengaluru,Health & Beauty,Hair Dryer,3,1738.24,Delivered,3
ORD-100673,2026-02-10,SOUTH,Tamil Nadu,Chennai,Groceries,Atta 10kg,4,543.21,Shipped,
ORD-102492,2026-03-10,North,chandigarh,Chandigarh,Grocery,  Dry Fruits 500g ,6,761.93,Delivered,3
ORD-102704,17/02/2026,West,,Mumbai,Grocery,Atta 10kg,1,506.91,Pending,
ORD-104265,09/02/2026,West,Maharashtra,Pune,  Home & Kitchen ,LED Bulb Pack,1,388.10,DELIVERED,2
ORD-102345,2026-05-26,Central,Madhya Pradesh,BHOPAL,Grocery,Green Tea 100 Bags,1,335.21,Shipped,
ORD-101095,2026-07-04,West,Maharashtra,Mumbai,Health & Beauty,Hair Dryer,1,1665.55,Delivered,2
ORD-104200,13-Sep-2026,North,Chandigarh,Chandigarh,Electronics,Wireless Earbuds,3,2521.22,Returned,5
ORD-102694,2026-09-20,South,Karnataka,Bengaluru,Electronics,WIRELESS EARBUDS,3,2704.58,Delivered,2
ORD-101840,08-Sep-2026,East,odisha,  Bhubaneswar ,Apparel,denim jeans,1,1514.32,Delivered,4
ORD-100945,2026-08-17,North,Rajasthan,Jaipur,Electronics,Power Bank,1,1199.69,Pending,
ORD-103456,2026-03-19,South,Karnataka,Bengaluru,Home & Kitchen,Mixer Grinder,2,3357.72,delivered,5
ORD-104424,2026-09-14,North,Delhi,Delhi,Apparel,Denim Jeans,1,1590.71,Delivered,1
ORD-102548,13/08/2026,north,Rajasthan,Jaipur,Grocery,Green Tea 100 Bags,5,335.02,  Delivered ,1
ORD-104168,2026-09-07,South,Telangana,Hyderabad,Electronics,Smartwatch,1,4839.55,Delivered,1
ORD-102032,03-Jun-2026,West,Gujarat,Ahmedabad,Apparel,Running Shoes,1,2851.01,Pending,
ORD-102449,2026-08-30,South,Telangana,Hyderabad,Apparel,Running Shoes,1,3247.53,Delivered,2
ORD-104906,2026-02-13,East,Assam,Guwahati,Electronics,Smartphone,1,19291.90,Pending,
ORD-101049,01/07/2026,East,,Guwahati,Grocery,Basmati Rice 5kg,1,661.05,DELIVERED,5
ORD-101720,2026-08-08,West,Goa,Panaji,Grocery,Dry Fruits 500g,4,868.35,Shipped,
ORD-101485,07-Feb-2026,  West ,Gujarat,Ahmedabad,Health & Beauty,Shampoo 400ml,1,400.97,Shipped,
ORD-100592,28/05/2026,North,Haryana,Gurugram,Electronics,Power Bank,2,1319.09,Delivered,5
ORD-102968,2026-02-17,North,Uttar Pradesh,Lucknow,Grocery,  Cooking Oil 1L ,2,190.55,Shipped,
ORD-103402,08/08/2026,Central,,Bhopal,Apparel,Kurta,3,967.57,Delivered,6
ORD-102221,09/08/2026,West,GUJARAT,Ahmedabad,Health & Beauty,vitamin c tablets,2,544.19,Delivered,3
ORD-103438,17-Jul-2026,West,Maharashtra,Mumbai,Grocery,Cooking Oil 1L,2,180.94,Delivered,3
ORD-100097,29/03/2026,Western,MAHARASHTRA,MUMBAI,Electronics,Smartphone,1,20240.63,Delivered,3
ORD-102222,02/09/2026,south,Tamil Nadu,chennai,Health & Beauty,Sunscreen,1,453.71,Completed,1
ORD-102215,23/05/2026,Central,Madhya Pradesh,Indore,Home & Kitchen,mixer grinder,2,3473.55,Delivered,2
ORD-103180,2026-07-04,East,Odisha,BHUBANESWAR,Home & Kitchen,Bedsheet Set,7,1170.81,delivered,6
ORD-102644,29/04/2026,  South ,Kerala,Kochi,Grocery,Atta 10kg,2,524.04,Shipped,
ORD-104929,2026-09-06,Central,Madhya Pradesh,Indore,ELECTRONICS,Wireless Earbuds,1,2536.83,Delivered,4
ORD-104210,2026-08-13,south,Kerala,Kochi,  Electronics ,Bluetooth Speaker,1,3197.99,Delivered,3
ORD-100912,03-Sep-2026,Central,Maharashtra,Nagpur,Electronics,  Power Bank ,1,1271.47,Shipped,
ORD-101902,2026-06-06,South,  Kerala ,Kochi,Grocery,Dry Fruits 500g,3,832.35,Delivered,1
ORD-104561,2026-07-22,West,Goa,  Panaji ,Apparel,Running Shoes,1,2913.29,Delivered,2
ORD-104285,2026-07-22,North,Delhi,Delhi,Electronics,Smartwatch,1,5455.02,Delivered,4
ORD-104942,2026-06-24,North,Uttar Pradesh,Lucknow,Health & Beauty,  Hair Dryer ,3,1746.09,Delivered,4
ORD-103147,16/05/2026,North,Delhi,Delhi,Grocery,Atta 10kg,3,469.54,Delivered,2
ORD-101610,09/04/2026,South,,Chennai,Electronics,Wireless Earbuds,2,2507.50,Delivered,2
ORD-104869,2026-06-07,South,  Tamil Nadu ,Chennai,Groceries,Cooking Oil 1L,4,181.43,Delivered,4
ORD-103623,2026-04-04,South,Telangana,HYDERABAD,Home & Kitchen,Bedsheet Set,3,1114.13,Cancelled,
ORD-102957,2026-05-15,South,tamil nadu,Chennai,Health & Beauty,Shampoo 400ml,2,409.76,Completed,3
ORD-102654,2026-09-01,North,Uttar Pradesh,  Lucknow ,  Grocery ,Atta 10kg,5,481.72,In Transit,
ORD-104642,2026-06-02,Central,Madhya Pradesh,Indore,Apparel,Winter Jacket,1,2670.80,Shipped,
ORD-103686,2026-09-03,South,Karnataka,Bengaluru,Electronics,Wireless Earbuds,1,2574.38,Pending,
ORD-104671,2026-05-15,South,Telangana,Hyderabad,home & kitchen,Pressure Cooker,1,2036.13,returned,4
ORD-100104,2026-09-24,East,Bihar,Patna,Apparel,Denim Jeans,4,1365.09,Delivered,5
ORD-101627,29/06/2026,South,Tamil Nadu,Chennai,Home & Kitchen,Non-Stick Pan,1,922.50,Delivered,3
ORD-101132,2026-07-17,West,Maharashtra,Mumbai,Home & Kitchen,LED Bulb Pack,1,367.67,Shipped,
ORD-101404,20/09/2026,East,Assam,Guwahati,Electronics,Wireless Earbuds,1,2400.00,  Cancelled ,
ORD-104861,2026-08-03,N,Rajasthan,Jaipur,Grocery,Atta 10kg,4,532.28,DELIVERED,4
ORD-103099,2026-06-29,Southern,  Telangana ,HYDERABAD,Health & Beauty,Face Wash,2,258.90,Delivered,3
ORD-101140,2026-05-16,West,maharashtra,Mumbai,Electronics,smartphone,1,17367.39,Canceled,
ORD-102334,2026-03-22,  Western ,Maharashtra,Pune,Electronics,Smartphone,1,19873.12,Pending,
ORD-100741,09/07/2026,West,Gujarat,Ahmedabad,Grocery,  Basmati Rice 5kg ,5,632.70,Delivered,2
ORD-102879,2026-05-13,West,Goa,Panaji,grocery,Green Tea 100 Bags,3,357.10,delivered,3
ORD-103896,24/01/2026,South,  Tamil Nadu ,madras,Home & Kitchen,LED Bulb Pack,1,394.73,Delivered,3
ORD-102315,19/09/2026,North,Uttar Pradesh,Lucknow,Home & Kitchen,Bedsheet Set,2,1118.78,Delivered,1
ORD-102041,25-Sep-2026,South,Karnataka,Bengaluru,Grocery,Green Tea 100 Bags,4,340.92,Delivered,4
ORD-102961,2026-03-09,East,Assam,Guwahati,Groceries,Dry Fruits 500g,2,811.17,Delivered,5
ORD-102611,2026-06-18,Western,Maharashtra,Pune,Electronics,Power Bank,1,1323.74,Delivered,1
ORD-103519,2026-01-30,North,Delhi,New Delhi,Home & Kitchen,Pressure Cooker,1,2061.50,Delivered,1
ORD-100849,2026-07-10,N,Chandigarh,Chandigarh,Groceries,Dry Fruits 500g,1,774.37,Returned,1
ORD-100706,13-Jul-2026,West,Maharashtra,Mumbai,Home & Kitchen,Pressure Cooker,1,2038.85,Completed,2
ORD-101515,24/08/2026,North,Haryana,Gurgaon,GROCERY,Cooking Oil 1L,4,181.48,Shipped,
ORD-102971,2026-08-16,West,  Gujarat ,Ahmedabad,Health & Beauty,Hair Dryer,4,1483.82,Delivered,
ORD-100403,2026-06-25,North,Uttar Pradesh,Lucknow,Electronics,Smartphone,2,19862.02,Delivered,3
ORD-103728,29/07/2026,Central,Madhya Pradesh,bhopal,Electronics,Bluetooth Speaker,1,2977.03,Delivered,1
ORD-102368,15/07/2026,East,West Bengal,KOLKATA,Electronics,Smartphone,1,17273.47,completed,2
ORD-100923,2026-08-06,E,,Guwahati,Electronics,  Wireless Earbuds ,3,2637.67,Shipped,
ORD-102859,21/09/2026,West,Maharashtra,mumbai,Grocery,Basmati Rice 5kg,4,616.14,COMPLETED,2
ORD-100870,2027-03-15,  North ,Chandigarh,Chandigarh,Apparel,Kurta,2,817.07,Returned,1
ORD-104214,2026-06-29,West,Goa,panaji,Home & Kitchen,Mixer Grinder,3,3498.04,Delivered,2
ORD-101117,07-May-2026,Central,madhya pradesh,Bhopal,Apparel,Winter Jacket,3,2433.16,Shipped,
ORD-104593,31/05/2026,East,Bihar,Patna,Grocery,Dry Fruits 500g,1,759.78,Returned,4
ORD-103460,2026-05-31,East,West Bengal,Kolkata,Electronics,Smartwatch,1,5156.97,Delivered,4
ORD-101869,25/04/2026,EAST,Assam,Guwahati,Home & Kitchen,LED BULB PACK,1,406.15,Delivered,3
ORD-100198,15/04/2026,South,,Hyderabad,Groceries,Dry Fruits 500g,4,760.53,Delivered,2
ORD-100533,2026-02-12,North,Rajasthan,Jaipur,Health & Beauty,Shampoo 400ml,1,374.45,Shipped,
ORD-103064,13-May-2026,North,Uttar Pradesh,LUCKNOW,Home & Kitchen,LED Bulb Pack,1,367.09,Cancelled,
ORD-104634,2026-08-26,North,Chandigarh,Chandigarh,Grocery,Basmati Rice 5kg,5,711.90,Canceled,
ORD-102645,13/04/2026,West,Gujarat,Ahmedabad,apparel,Kurta,2,885.00,Delivered,1
ORD-102819,13-Apr-2026,SOUTH,Karnataka,Bengaluru,Health & Beauty,Vitamin C Tablets,2,587.45,Shipped,
ORD-102201,26/06/2026,South,Kerala,Kochi,Grocery,Basmati Rice 5kg,4,627.61,RETURNED,4
ORD-104080,2026-08-08,East,ASSAM,Guwahati,Apparel,Kurta,2,923.93,Pending,
ORD-103712,2026-02-17,South,Tamil Nadu,Chennai,Home & Kitchen,Non-Stick Pan,2,1094.02,Delivered,4
ORD-103703,2026-06-11,North,Uttar Pradesh,Lucknow,Apparel,Cotton T-Shirt,3,512.68,Delivered,1
ORD-100677,2026-05-29,West,Goa,Panaji,Grocery,Green Tea 100 Bags,3,338.71,Delivered,2
ORD-100157,02/06/2026,West,Maharashtra,Mumbai,Grocery,Cooking Oil 1L,2,203.23,DELIVERED,1
ORD-100952,2026-08-05,South,Kerala,Kochi,Apparel,Running Shoes,1,2821.69,Shipped,
ORD-104918,2026-05-22,west,Maharashtra,Mumbai,Grocery,Basmati Rice 5kg,1,629.01,Shipped,
ORD-100788,2026-01-05,East,West Bengal,Kolkata,Groceries,Basmati Rice 5kg,3,660.33,Delivered,2
ORD-104130,2026-05-05,South,Karnataka,Bengaluru,HOME AND KITCHEN,Pressure Cooker,3,1870.53,Delivered,2
ORD-104381,2026-02-19,  East ,Assam,Guwahati,Electronics,Power Bank,5,1241.29,Delivered,2
ORD-103622,2026-03-27,North,Rajasthan,Jaipur,Health & Beauty,Face Wash,1,237.34,Delivered,3
ORD-104472,2026-09-01,west,Gujarat,Ahmedabad,Electronics,Bluetooth Speaker,1,2990.00,Delivered,4
ORD-103470,18/09/2026,Central,Chhattisgarh,Raipur,Electronics,Wireless Earbuds,3,2747.67,Delivered,2
ORD-104503,2026-07-30,South,Tamil Nadu,Chennai,Electronics,BLUETOOTH SPEAKER,4,2786.91,Delivered,4
ORD-101306,2026-04-23,Central,Chhattisgarh,Raipur,  Health and Beauty ,Sunscreen,1,469.73,Shipped,
ORD-101417,02-Sep-2026,West,Gujarat,Ahmedabad,Electronics,Bluetooth Speaker,3,2725.97,Delivered,2
ORD-104226,2026-03-15,West,Gujarat,Ahmedabad,Health & Beauty,Hair Dryer,3,1486.28,Shipped,
ORD-102593,2026-05-19,East,,Bhubaneswar,Home & Kitchen,Mixer Grinder,4,3246.60,Delivered,4
ORD-101424,2026-09-28,  East ,Odisha,Bhubaneswar,Grocery,Green Tea 100 Bags,3,371.38,Delivered,6
ORD-100843,24-Apr-2026,north,Chandigarh,Chandigarh,Grocery,green tea 100 bags,1,382.64,Delivered,3
ORD-101808,21/06/2026,  South ,Karnataka,BENGALURU,Apparel,Denim Jeans,1,1607.45,Delivered,4
ORD-100088,2026-03-19,Central,Maharashtra,Nagpur,GROCERY,cooking oil 1l,1,171.60,Delivered,3
ORD-103768,2026-04-23,north,HARYANA,Gurugram,  Grocery ,GREEN TEA 100 BAGS,3,383.50,Delivered,3
ORD-101389,09-Jun-2026,north,Rajasthan,Jaipur,Electronics,Smartwatch,3,4981.20,Pending,
ORD-100232,2026-04-24,Central,  Maharashtra ,Nagpur,Grocery,Atta 10kg,5,508.82,Delivered,3
ORD-101907,2026-07-24,North,Haryana,GURUGRAM,Home & Kitchen,LED Bulb Pack,2,371.37,Delivered,1
ORD-102585,29/01/2026,Central,Maharashtra,  Nagpur ,Electronics,Wireless Earbuds,2,2735.07,Completed,6
ORD-103462,2026-08-30,South,KARNATAKA,Bengaluru,Grocery,Basmati Rice 5kg,3,695.75,  Completed ,1
ORD-102567,2026-06-04,West,Maharashtra,Pune,Home & Kitchen,Bedsheet Set,2,1281.00,Delivered,1
ORD-103631,2026-09-10,North,Delhi,Delhi,  Electronics ,Bluetooth Speaker,1,3130.53,Delivered,1
ORD-103179,2026-05-20,Central,Madhya Pradesh,Indore,GROCERY,Cooking Oil 1L,6,181.08,Delivered,3
ORD-102101,2026-04-08,N,Uttar Pradesh,Lucknow,Grocery,Cooking Oil 1L,4,185.81,  Delivered ,2
ORD-100280,2026-04-20,west,Goa,Panaji,Grocery,Dry Fruits 500g,3,795.32,Delivered,4
ORD-104959,27/09/2026,South,Telangana,Hyderabad,Electronics,Smartphone,1,18801.18,Pending,
ORD-100866,28-Apr-2026,West,Maharashtra,Pune,Home & Kitchen,Non-Stick Pan,1,1089.70,Shipped,
ORD-103964,2026-09-23,N,Uttar Pradesh,Lucknow,Electronics,Wireless Earbuds,2,2662.01,Shipped,
ORD-103415,2026-08-22,West,Maharashtra,Pune,Electronics,Power Bank,2,1290.80,Delivered,1
ORD-102931,2026-08-27,South,Tamil Nadu,Madras,Home & Kitchen,Mixer Grinder,3,3470.71,Delivered,2
ORD-102110,2026-08-11,West,Maharashtra,pune,Grocery,Atta 10kg,4,522.44,shipped,
ORD-100793,2026-06-09,north,Rajasthan,JAIPUR,Home & Kitchen,Mixer Grinder,2,3812.21,Delivered,1
ORD-104388,2026-08-15,N,Delhi,Delhi,Apparel,Denim Jeans,1,1538.08,Pending,
ORD-102287,2026-08-28,Central,Maharashtra,Nagpur,  Health & Beauty ,Sunscreen,1,415.65,Delivered,4
ORD-102162,11-Feb-2026,NORTH,Chandigarh,  Chandigarh ,Grocery,Cooking Oil 1L,2,170.28,DELIVERED,1
ORD-102013,2026-09-26,Southern,  Karnataka ,bengaluru,Grocery,Dry Fruits 500g,3,874.57,Delivered,4
ORD-102227,27/08/2026,East,West Bengal,Kolkata,Apparel,Winter Jacket,1,2494.01,Delivered,5
ORD-100579,26/07/2026,South,Telangana,Hyderabad,Grocery,Cooking Oil 1L,2,172.41,Completed,1
ORD-101000,2026-03-21,North,Chandigarh,Chandigarh,Grocery,Cooking Oil 1L,2,189.43,Delivered,4
ORD-103659,2026-08-19,Central,Madhya Pradesh,Bhopal,Health and Beauty,Face Wash,1,238.37,Delivered,4
ORD-100816,2026-01-28,Central,Maharashtra,Nagpur,Health & Beauty,Shampoo 400ml,1,375.83,Delivered,5
ORD-102518,2026-08-07,West,MAHARASHTRA,PUNE,Grocery,Basmati Rice 5kg,4,667.13,Shipped,
ORD-104768,2026-05-28,NORTH,Delhi,Delhi,Home and Kitchen,Bedsheet Set,1,1284.43,Pending,
ORD-102095,2026-04-13,West,Maharashtra,Mumbai,Home & Kitchen,LED Bulb Pack,5,422.77,Shipped,
ORD-103464,2026-06-08,East,Assam,Guwahati,ELECTRONICS,smartwatch,1,5232.95,Cancelled,
ORD-100407,2026-05-14,North,Uttar Pradesh,  Lucknow ,Home & Kitchen,Mixer Grinder,1,3416.98,Delivered,1
ORD-103799,04-Aug-2026,North,Delhi,New Delhi,Electronics,Smartphone,2,20724.34,PENDING,
ORD-100435,20/01/2026,East,Odisha,Bhubaneswar,Electronics,Power Bank,2,1315.80,Delivered,3
ORD-102398,01-Mar-2026,South,Telangana,Hyderabad,Home & Kitchen,Non-Stick Pan,2,1027.67,Cancelled,
ORD-102199,19-Jun-2026,East,Bihar,Patna,Apparel,Winter Jacket,1,2448.74,Pending,
ORD-100239,2026-07-04,East,Bihar,Patna,Grocery,ATTA 10KG,2,490.47,  Delivered ,4
,2026-02-05,South,,Hyderabad,Electronics,Smartwatch,1,5366.80,Shipped,
ORD-104689,2026-05-07,Southern,Kerala,Kochi,Grocery,Atta 10kg,3,513.45,Delivered,4
ORD-104613,20-Sep-2026,North,Chandigarh,Chandigarh,Grocery,Green Tea 100 Bags,4,328.26,Delivered,2
ORD-103670,2026-04-09,West,Maharashtra,Mumbai,Grocery,Atta 10kg,3,474.36,Delivered,3
ORD-104669,12/02/2026,East,Bihar,Patna,Health & Beauty,VITAMIN C TABLETS,1,548.35,DELIVERED,5
ORD-101319,2026-03-22,Central,Chhattisgarh,Raipur,Groceries,Green Tea 100 Bags,2,377.59,Delivered,5
ORD-102123,15/03/2026,southern,Telangana,hyderabad,Electronics,Smartphone,2,20269.49,Delivered,
ORD-100837,2026-04-15,North,Haryana,Gurugram,Electronics,Smartwatch,1,5434.93,Pending,
ORD-102610,2026-09-04,E,Bihar,Patna,Apparel,Running Shoes,2,2784.89,CANCELLED,
ORD-102206,21-Feb-2026,Central,  Madhya Pradesh ,Indore,Apparel,Running Shoes,4,3098.95,In Transit,
ORD-104395,2026-03-26,Central,MADHYA PRADESH,  Indore ,GROCERY,  Dry Fruits 500g ,2,757.99,Delivered,3
ORD-103607,2026-02-06,North,Rajasthan,Jaipur,Grocery,Dry Fruits 500g,4,N/A,Pending,
ORD-103530,06-Jan-2026,Central,Chhattisgarh,Raipur,Grocery,Basmati Rice 5kg,2,692.86,Delivered,3
ORD-101503,2026-03-22,Central,Chhattisgarh,Raipur,Grocery,Green Tea 100 Bags,1,349.05,Delivered,2
ORD-103388,2026-01-07,South,Karnataka,Bengaluru,Home & Kitchen,Pressure Cooker,3,2079.20,Delivered,1
ORD-103730,2026-04-16,South,Telangana,Hyderabad,Grocery,Basmati Rice 5kg,3,658.89,Shipped,
ORD-101895,2026-09-18,North,Rajasthan,Jaipur,Apparel,Cotton T-Shirt,1,478.34,Delivered,1
ORD-101585,2026-09-10,South,Telangana,HYDERABAD,electronics,Wireless Earbuds,2,2566.23,Delivered,4
ORD-101521,2026-06-13,West,Maharashtra,Bombay,Electronics,Bluetooth Speaker,3,2962.86,Delivered,3
ORD-100655,2026-02-24,South,Tamil Nadu,chennai,Grocery,Basmati Rice 5kg,2,611.90,Pending,
ORD-104308,05/02/2026,South,Telangana,Hyderabad,Health & Beauty,Hair Dryer,3,1551.70,Delivered,3
ORD-102734,2026-05-23,East,West Bengal,CALCUTTA,,Bluetooth Speaker,2,3247.62,Delivered,2
ORD-101293,16/09/2026,West,Gujarat,Ahmedabad,Grocery,Atta 10kg,6,487.73,Delivered,2
ORD-103540,09-Feb-2026,North,Uttar Pradesh,Lucknow,Grocery,Basmati Rice 5kg,6,713.70,Delivered,3
ORD-100484,2026-06-30,south,Kerala,Kochi,Apparel,Running Shoes,2,3271.74,Delivered,3
ORD-104101,2026-08-28,West,Maharashtra,Pune,Apparel,Running Shoes,1,3150.86,Shipped,
ORD-102154,2026-02-01,South,Tamil Nadu,Chennai,Health & Beauty,Hair Dryer,3,1523.12,delivered,4
ORD-101529,2026-06-10,North,Rajasthan,Jaipur,Apparel,Running Shoes,2,3286.00,Delivered,1
ORD-102467,2026-01-20,CENTRAL,Chhattisgarh,Raipur,grocery,Atta 10kg,6,459.28,Delivered,2
ORD-103767,2026-05-24,West,,Pune,Grocery,  Green Tea 100 Bags ,3,320.13,Cancelled,
ORD-101514,2026-09-07,north,Chandigarh,Chandigarh,Electronics,power bank,3,1374.74,Delivered,2
ORD-103307,2026-04-22,East,Odisha,  Bhubaneswar ,Grocery,Basmati Rice 5kg,5,709.13,Delivered,3
ORD-100408,2026-09-27,North,RAJASTHAN,Jaipur,Electronics,Bluetooth Speaker,3,2703.87,Delivered,
ORD-101254,21-Apr-2026,South,,Chennai,Home & Kitchen,Bedsheet Set,1,1288.37,Pending,
ORD-101523,2026-04-24,East,West Bengal,  Kolkata ,Grocery,Basmati Rice 5kg,4,636.78,Delivered,4
ORD-101661,26-Jan-2026,West,Maharashtra,Mumbai,Health & Beauty,Face Wash,1,240.92,Delivered,3
ORD-103275,27-Jul-2026,South,Kerala,Kochi,Grocery,Dry Fruits 500g,2,753.78,Delivered,2
ORD-103442,2026-09-22,East,Assam,Guwahati,Electronics,  Smartwatch ,3,4860.54,Shipped,
ORD-100568,30/03/2026,central,MADHYA PRADESH,Indore,Grocery,Basmati Rice 5kg,3,637.78,Delivered,4
ORD-102680,2026-08-13,North,Haryana,Gurugram,Grocery,Cooking Oil 1L,3,190.92,Delivered,3
ORD-102111,2026-08-31,North,uttar pradesh,  Lucknow ,Grocery,  Green Tea 100 Bags ,4,319.66,Delivered,3
ORD-101431,15-Feb-2026,  South ,Karnataka,Bengaluru,Home & Kitchen,Pressure Cooker,2,1734.20,Shipped,
ORD-102893,19/03/2026,North,DELHI,Delhi,Grocery,Green Tea 100 Bags,2,343.35,Pending,
ORD-104818,20-Jun-2026,North,Rajasthan,Jaipur,Apparel,Winter Jacket,3,2341.15,Delivered,3
ORD-101359,2026-06-04,North,Rajasthan,Jaipur,Apparel,  Cotton T-Shirt ,2,468.73,Completed,4
ORD-104674,2026-04-02,North,Chandigarh,  Chandigarh ,Health & Beauty,Vitamin C Tablets,1,520.95,Delivered,2
ORD-104137,2026-03-23,East,West Bengal,Kolkata,  Apparel ,RUNNING SHOES,1,3054.56,Delivered,6
ORD-101668,08/08/2026,West,Goa,Panaji,Home & Kitchen,Non-Stick Pan,1,926.41,Delivered,3
ORD-102249,2026-09-09,North,Delhi,Delhi,  Electronics ,Smartphone,2,20233.24,Delivered,3
ORD-100093,2026-04-09,Central,Chhattisgarh,Raipur,Grocery,Green Tea 100 Bags,1,375.26,Completed,4
ORD-104197,2026-08-03,East,Bihar,  Patna ,  Electronics ,  Smartphone ,2,18483.41,Delivered,5
ORD-103802,2026-05-15,North,  Haryana ,Gurugram,Health & Beauty,Shampoo 400ml,1,387.95,completed,3
ORD-104402,10/04/2026,North,Delhi,  Delhi ,Home & Kitchen,Pressure Cooker,1,1883.95,Delivered,
ORD-102502,06-Aug-2026,South,Kerala,Kochi,Grocery,Dry Fruits 500g,4,747.40,Delivered,4
ORD-104439,2026-04-11,Central,Chhattisgarh,Raipur,Electronics,Power Bank,3,1359.54,returned,3
ORD-101622,2026-09-12,South,Telangana,Hyderabad,Apparel,Running Shoes,1,3003.87,Shipped,
ORD-104990,16-Feb-2026,E,Assam,Guwahati,Grocery,Green Tea 100 Bags,5,325.69,Delivered,5
ORD-101210,2026-09-16,West,Goa,Panaji,Grocery,Cooking Oil 1L,4,198.30,Delivered,5
ORD-102468,2026-04-12,South,Telangana,Hyderabad,Apparel,Running Shoes,3,3113.66,  In Transit ,
ORD-100877,05/06/2026,West,Goa,Panaji,Grocery,Green Tea 100 Bags,4,343.14,Pending,
ORD-102000,2026-08-18,South,Karnataka,Bengaluru,grocery,Green Tea 100 Bags,1,380.92,Delivered,2
ORD-101938,2026-07-29,West,Maharashtra,Mumbai,Electronics,POWER BANK,2,1268.57,Pending,
ORD-104124,2026-05-17,South,Karnataka,Bengaluru,Electronics,Smartphone,3,17155.34,Completed,3
ORD-100541,2026-06-04,South,Telangana,Hyderabad,Grocery,Atta 10kg,1,454.04,Delivered,3
ORD-104119,07-Jun-2026,N,Haryana,Gurugram,Electronics,POWER BANK,1,1384.50,Delivered,2
ORD-104999,2026-06-14,south,,CHENNAI,Home & Kitchen,PRESSURE COOKER,2,1847.50,Delivered,3
ORD-102621,2026-07-27,West,Goa,Panaji,Electronics,Wireless Earbuds,2,2600.85,DELIVERED,2
ORD-104835,2026-05-19,North,Uttar Pradesh,Lucknow,Apparel,Winter Jacket,3,2537.09,Delivered,4
ORD-104430,2026-05-03,South,Telangana,Hyderabad,  Apparel ,Kurta,2,955.32,delivered,3
ORD-101931,2026-08-11,North,delhi,Delhi,Grocery,Cooking Oil 1L,2,199.33,Delivered,2
ORD-102348,2026-04-09,Western,Maharashtra,Pune,Health & Beauty,Face Wash,1,224.20,  Shipped ,
ORD-101829,2026-05-30,North,Chandigarh,Chandigarh,Electronics,Power Bank,1,1356.58,Lost,5
ORD-104733,2026-08-16,South,Kerala,Kochi,Grocery,Green Tea 100 Bags,1,322.51,Delivered,3
ORD-102817,2026-07-04,West,Maharashtra,Pune,Home & Kitchen,LED Bulb Pack,1,384.57,Pending,
ORD-101982,12-May-2026,North,Chandigarh,chandigarh,Grocery,Basmati Rice 5kg,3,607.79,Delivered,1
ORD-101265,2026-04-06,South,Tamil Nadu,Chennai,Health & Beauty,Sunscreen,1,439.19,delivered,3
ORD-102638,2026-01-24,West,Gujarat,Ahmedabad,Apparel,Winter Jacket,1,2463.54,Delivered,3
ORD-103398,2026-06-29,Central,,Indore,Grocery,Green Tea 100 Bags,1,361.88,Delivered,3
ORD-103266,2026-07-30,South,Karnataka,Bengaluru,Apparel,  Kurta ,4,874.90,Delivered,5
ORD-103776,2026-06-06,West,Goa,Panaji,  Grocery ,Basmati Rice 5kg,2,642.88,Delivered,2
ORD-104269,2026-05-30,South,Tamil Nadu,Chennai,Home & Kitchen,Pressure Cooker,1,1834.91,DELIVERED,3
ORD-104125,11/08/2026,West,Gujarat,Ahmedabad,Grocery,Atta 10kg,1,455.91,Delivered,2
ORD-103569,2026-05-30,North,Haryana,Gurgaon,Apparel,Kurta,2,974.51,  Delivered ,2
ORD-101958,18-Feb-2026,central,Chhattisgarh,Raipur,Apparel,Winter Jacket,1,2284.55,Pending,
ORD-103268,2026-07-05,South,Karnataka,Bengaluru,  Grocery ,Cooking Oil 1L,1,177.19,Delivered,3
ORD-101204,2026-05-17,West,Maharashtra,Mumbai,Electronics,Bluetooth Speaker,2,3067.93,  Delivered ,1
ORD-101005,10/02/2026,South,Kerala,Kochi,Electronics,SMARTWATCH,1,5446.11,Delivered,4
ORD-101419,26/09/2026,N,Uttar Pradesh,lucknow,Electronics,Power Bank,1,1176.76,Cancelled,
ORD-101471,15/02/2026,east,Assam,Guwahati,Home & Kitchen,Non-Stick Pan,2,913.24,in transit,
ORD-101670,24-Jul-2026,NORTH,delhi,Delhi,GROCERY,Atta 10kg,4,489.95,Pending,
ORD-100461,2026-05-21,South,Tamil Nadu,Chennai,Electronics,Bluetooth Speaker,3,3274.78,Delivered,4
ORD-100784,2026-04-30,North,Delhi,New Delhi,Apparel,Winter Jacket,1,2703.47,Pending,
ORD-100387,2026-09-11,east,Assam,Guwahati,Electronics,Bluetooth Speaker,1,3294.59,Returned,5
ORD-100711,2026-08-30,Central,chhattisgarh,Raipur,health & beauty,Hair Dryer,3,1620.70,Cancelled,
ORD-100663,2026-06-07,central,madhya pradesh,Indore,Apparel,Denim Jeans,1,1448.97,Delivered,4
ORD-102712,2026-03-13,Central,Madhya Pradesh,bhopal,Electronics,Power Bank,5,1386.91,Shipped,
ORD-103548,2026-01-28,  South ,Tamil Nadu,  Chennai ,Home & Kitchen,Mixer Grinder,1,3789.38,Delivered,1
ORD-100327,2026-06-27,West,Maharashtra,Mumbai,apparel,  Denim Jeans ,1,1611.72,Delivered,2
ORD-100508,16-May-2026,South,Tamil Nadu,chennai,Health & Beauty,Vitamin C Tablets,3,506.89,Delivered,3
ORD-101896,09/06/2026,  Central ,Madhya Pradesh,Indore,HEALTH & BEAUTY,  Vitamin C Tablets ,4,598.02,Shipped,
ORD-102809,2026-09-22,West,MAHARASHTRA,Pune,Grocery,Dry Fruits 500g,1,876.39,Delivered,1
ORD-102751,2026-03-17,South,telangana,Hyderabad,Apparel,Cotton T-Shirt,1,499.26,Canceled,
ORD-103217,03/07/2026,South,Telangana,hyderabad,Electronics,Power Bank,1,1407.37,Delivered,5
ORD-102650,2026-09-05,  West ,Gujarat,Ahmedabad,Electronics,Smartphone,2,20668.90,Delivered,
ORD-102677,2026-09-27,Central,MAHARASHTRA,NAGPUR,Electronics,Power Bank,2,1240.14,Delivered,3
ORD-100413,2026-04-07,N,UTTAR PRADESH,Lucknow,Apparel,Cotton T-Shirt,1,512.92,  Pending ,
ORD-104023,2026-07-15,west,Goa,Panaji,Home & Kitchen,Non-Stick Pan,1,1031.01,  Shipped ,
ORD-102763,2026-08-14,North,Chandigarh,Chandigarh,Health & Beauty,Face Wash,1,253.90,Delivered,1
ORD-103045,2026-09-18,NORTH,Chandigarh,chandigarh,Health & Beauty,Face Wash,1,268.88,Shipped,
ORD-100180,12/05/2026,West,Maharashtra,mumbai,Health & Beauty,Vitamin C Tablets,2,581.72,delivered,4
ORD-102190,2026-09-17,Central,Madhya Pradesh,Bhopal,Electronics,Bluetooth Speaker,2,3040.13,Delivered,5
ORD-104324,2026-03-14,Southern,Telangana,Hyderabad,Health & Beauty,  Shampoo 400ml ,3,421.56,Delivered,5
ORD-102556,2026-04-02,South,Kerala,KOCHI,HEALTH & BEAUTY,Shampoo 400ml,1,415.42,Delivered,4
12345,2026-05-14,West,Maharashtra,Mumbai,Home & Kitchen,Non-Stick Pan,3,999.68,  Shipped ,
ORD-101466,05-May-2026,North,Rajasthan,Jaipur,Grocery,Cooking Oil 1L,3,191.03,  Delivered ,2
ORD-100919,2026-07-06,North,  Haryana ,Gurgaon,Electronics,Power Bank,2,1288.01,Delivered,4
ORD-101772,2026-06-20,SOUTH,Tamil Nadu,Chennai,Grocery,Atta 10kg,1,456.00,Delivered,1
ORD-100368,11-Sep-2026,North,Uttar Pradesh,Lucknow,Groceries,Atta 10kg,3,459.24,Shipped,
ORD-104659,2026-02-07,West,Maharashtra,Mumbai,apparel,Winter Jacket,1,2677.04,DELIVERED,3
ORD-102830,2026-02-13,EAST,  Odisha ,Bhubaneswar,  Grocery ,Dry Fruits 500g,8,844.03,Returned,4
ORD-100072,02-Aug-2026,East,West Bengal,Kolkata,Grocery,Green Tea 100 Bags,3,375.92,Delivered,7
ORD-100371,2026-08-06,North,Chandigarh,Chandigarh,Electronics,Smartwatch,1,5230.15,Delivered,2
ORD-102834,2026-04-15,North,Delhi,Delhi,Grocery,ATTA 10KG,4,547.63,Delivered,1
ORD-104530,2026-09-15,Central,Madhya Pradesh,Bhopal,Electronics,Smartphone,3,19575.05,Delivered,3
ORD-100064,2026-03-28,South,Tamil Nadu,Chennai,Grocery,Cooking Oil 1L,3,179.21,Delivered,4
ORD-100389,2026-04-13,Central,Madhya Pradesh,Indore,ELECTRONICS,Wireless Earbuds,1,2601.76,Shipped,
ORD-101834,2026-02-22,Central,Maharashtra,nagpur,Electronics,Smartphone,4,20739.84,Delivered,3
ORD-101434,2026-09-13,West,Gujarat,Ahmedabad,Electronics,Bluetooth Speaker,4,2706.30,Shipped,
ORD-104406,2026-02-18,South,Telangana,  Hyderabad ,Home & Kitchen,pressure cooker,2,2012.42,delivered,3
ORD-102407,09-Feb-2026,West,Goa,Panaji,Grocery,Basmati Rice 5kg,5,617.41,Returned,3
ORD-103917,2026-02-10,East,Assam,Guwahati,Grocery,  Atta 10kg ,3,541.48,Canceled,
ORD-104803,2026-08-10,North,Delhi,Delhi,  Health & Beauty ,Sunscreen,2,465.01,Delivered,4
ORD-100194,2026-07-03,West,Goa,Panaji,Grocery,Basmati Rice 5kg,2,628.28,Completed,2
ORD-104363,2026-06-10,east,Bihar,Patna,  Health & Beauty ,Hair Dryer,2,1683.46,Pending,
ORD-104103,2026-06-26,South,telangana,Hyderabad,Grocery,Dry Fruits 500g,7,783.73,Delivered,2
ORD-102195,2026-04-07,Central,Chhattisgarh,Raipur,Grocery,Dry Fruits 500g,6,747.16,Delivered,5
ORD-102903,2026-02-10,South,Karnataka,Bangalore,Apparel,Denim Jeans,2,1603.85,Delivered,3
ORD-102630,2026-02-15,South,  Kerala ,Kochi,Home & Kitchen,LED Bulb Pack,1,374.42,Delivered,4
ORD-104758,2026-09-06,West,Maharashtra,  Bombay ,Electronics,Wireless Earbuds,1,2294.18,delivered,
ORD-104948,26-Apr-2026,South,Tamil Nadu,chennai,apparel,Running Shoes,1,2726.99,Delivered,3
ORD-100414,2026-07-17,West,Maharashtra,Pune,Groceries,Basmati Rice 5kg,1,704.28,Delivered,2
ORD-101323,22-Mar-2026,South,Karnataka,Bengaluru,Home & Kitchen,Pressure Cooker,1,1749.06,Delivered,3
ORD-101522,12/09/2026,South,Tamil Nadu,Chennai,Health & Beauty,Vitamin C Tablets,1,588.37,Delivered,1
ORD-102895,08/07/2026,SOUTH,Telangana,Hyderabad,Electronics,Bluetooth Speaker,2,3176.95,Delivered,4
ORD-100588,2026-07-16,SOUTH,Telangana,Hyderabad,Health & Beauty,Vitamin C Tablets,2,544.17,Pending,
ORD-100445,2026-08-18,East,Odisha,Bhubaneswar,Home & Kitchen,Non-Stick Pan,1,1002.71,Delivered,6
ORD-100695,2026-01-16,West,MAHARASHTRA,Mumbai,Grocery,Atta 10kg,3,540.81,Delivered,3
ORD-102136,2026-02-02,North,Uttar Pradesh,Lucknow,Apparel,Cotton T-Shirt,2,545.98,Delivered,2
ORD-102307,2026-01-24,North,Chandigarh,chandigarh,Groceries,Dry Fruits 500g,5,869.55,delivered,3
ORD-101355,2026-01-30,South,Karnataka,Bengaluru,Grocery,Basmati Rice 5kg,1,610.06,Delivered,2
ORD-103227,2026-09-19,N,Uttar Pradesh,lucknow,Electronics,smartphone,1,20282.45,Completed,3
ORD-104241,2026-07-16,East,West Bengal,Kolkata,Home & Kitchen,Non-Stick Pan,1,956.44,Delivered,4
ORD-104738,2026-08-25,N,  Rajasthan ,Jaipur,Grocery,ATTA 10KG,2,451.06,delivered,1
ORD-104667,2026-04-05,E,odisha,BHUBANESWAR,  Health & Beauty ,  Sunscreen ,4,490.44,Delivered,5
ORD-102987,2026-04-18,East,Bihar,Patna,  Health & Beauty ,Vitamin C Tablets,3,562.81,  Pending ,
ORD-104008,23/01/2026,Central,Madhya Pradesh,Bhopal,  Health & Beauty ,Hair Dryer,1,1719.29,Cancelled,
ORD-104821,23/07/2026,West,Maharashtra,mumbai,  Grocery ,Green Tea 100 Bags,3,367.46,Delivered,2
ORD-101730,2026-08-02,North,,Chandigarh,clothing,Running Shoes,2,3016.64,Delivered,2
ORD-104761,2026-05-06,East,West Bengal,Kolkata,Apparel,Winter Jacket,2,2423.80,Delivered,4
ORD-103967,2026-01-25,South,Karnataka,Bengaluru,Grocery,Cooking Oil 1L,4,188.91,Completed,2
ORD-102704,17/02/2026,West,,Mumbai,Grocery,Atta 10kg,1,506.91,Pending,
ORD-103782,14/08/2026,Central,Madhya Pradesh,Bhopal,Grocery,Basmati Rice 5kg,4,646.03,Pending,
ORD-100364,2026-09-06,West,Maharashtra,Pune,Apparel,  Running Shoes ,1,3232.47,Delivered,1
ORD-101376,08/05/2026,South,Karnataka,BENGALURU,GROCERY,Green Tea 100 Bags,5,315.16,Delivered,4
ORD-104880,19/07/2026,N,Chandigarh,Chandigarh,Grocery,Dry Fruits 500g,1,818.64,Delivered,3
ORD-104931,2026-03-31,South,Karnataka,Bengaluru,HEALTH & BEAUTY,Vitamin C Tablets,1,580.81,Delivered,1
ORD-103458,12-Jan-2026,North,Uttar Pradesh,Lucknow,Groceries,Cooking Oil 1L,1,175.21,DELIVERED,2
ORD-104455,2026-06-12,East,,Patna,Apparel,Kurta,2,858.79,Delivered,5
ORD-103696,2026-04-28,South,Telangana,Hyderabad,Grocery,Atta 10kg,3,501.38,Delivered,2
ORD-103581,25-Aug-2026,West,Goa,Panaji,Grocery,Dry Fruits 500g,4,754.24,Delivered,1
ORD-102768,2026-05-26,North,Uttar Pradesh,Lucknow,Home & Kitchen,  LED Bulb Pack ,2,416.54,Delivered,3
ORD-104516,2026-04-22,south,telangana,Hyderabad,Grocery,Green Tea 100 Bags,3,367.57,Delivered,1
ORD-101918,29/06/2026,North,Rajasthan,Jaipur,  Health & Beauty ,Hair Dryer,1,1572.72,Delivered,1
ORD-104673,2026-03-19,West,Gujarat,Ahmedabad,Health & Beauty,Sunscreen,1,469.24,Delivered,4
ORD-101511,27-Aug-2026,East,Assam,GUWAHATI,home & kitchen,LED Bulb Pack,1,434.10,Pending,
ORD-102627,2026-04-24,Central,Chhattisgarh,Raipur,Apparel,denim jeans,2,1546.05,  Delivered ,2
ORD-103107,22-Jul-2026,South,tamil nadu,Chennai,Electronics,Wireless Earbuds,1,2639.77,Completed,1
ORD-101189,2026-03-26,West,Maharashtra,  Mumbai ,Home & Kitchen,Pressure Cooker,3,1715.64,  Delivered ,1
ORD-101704,2026-08-07,North,Rajasthan,Jaipur,Electronics,Power Bank,1,1216.04,Delivered,4
ORD-103384,08/03/2026,Central,Chhattisgarh,Raipur,Electronics,Wireless Earbuds,2,2313.54,Shipped,
ORD-104617,2026-02-22,North,,Jaipur,Grocery,Dry Fruits 500g,7,789.69,Completed,2
ORD-100930,2026-05-03,North,Uttar Pradesh,Lucknow,Toys,Basmati Rice 5kg,1,602.04,Completed,
ORD-100917,18/07/2026,West,  Maharashtra ,Pune,Grocery,Green Tea 100 Bags,3,328.39,Delivered,4
ORD-100599,15/04/2026,East,West Bengal,Kolkata,Apparel,Winter Jacket,2,2381.61,Delivered,3
ORD-104808,28-Mar-2026,North,Haryana,Gurugram,Health & Beauty,Hair Dryer,1,1526.60,Delivered,1
ORD-103684,11-Apr-2026,North,Uttar Pradesh,Lucknow,Electronics,Power Bank,1,1241.09,Delivered,4
ORD-102622,2026-08-13,East,Bihar,Patna,Grocery,Atta 10kg,4,490.27,DELIVERED,7
ORD-104072,2026-02-15,North,Rajasthan,Jaipur,Grocery,Cooking Oil 1L,1,188.72,Delivered,
ORD-104006,2026-09-14,NORTH,rajasthan,Jaipur,Electronics,Wireless Earbuds,1,2483.90,Delivered,3
ORD-101901,2026-06-30,West,Maharashtra,Pune,Health & Beauty,Hair Dryer,2,1683.99,Delivered,4
ORD-100089,2026-07-01,East,Bihar,patna,Home & Kitchen,LED Bulb Pack,3,430.56,Cancelled,
ORD-100940,2026-07-28,Southern,Telangana,Hyderabad,Electronics,Smartwatch,1,4543.65,Delivered,3
ORD-101775,2026-06-24,South,,Chennai,Apparel,Winter Jacket,1,2638.56,Delivered,4
ORD-103423,24-Mar-2026,West,Maharashtra,Mumbai,Home & Kitchen,Mixer Grinder,1,3320.13,Pending,
ORD-104769,26-Feb-2026,North,,Delhi,Electronics,Wireless Earbuds,2,2479.64,Delivered,4
ORD-104615,22/01/2026,South,karnataka,Bengaluru,Electronics,Bluetooth Speaker,2,2894.36,Delivered,1
ORD-104309,04/07/2026,East,assam,Guwahati,Home & Kitchen,LED Bulb Pack,1,425.63,delivered,2
ORD-104505,17/02/2026,Southern,Karnataka,Bangalore,grocery,Green Tea 100 Bags,3,316.30,Completed,2
ORD-103434,2026-08-28,West,Maharashtra,Mumbai,Grocery,Basmati Rice 5kg,7,653.36,Delivered,4
ORD-104170,2026-07-19,South,telangana,Hyderabad,Health & Beauty,Face Wash,1,241.46,  Shipped ,
ORD-103243,2026-05-04,South,telangana,Hyderabad,Grocery,Basmati Rice 5kg,2,644.65,Returned,
ORD-100172,2026-06-28,Central,Madhya Pradesh,Indore,Home & Kitchen,Mixer Grinder,4,3374.17,Delivered,2
ORD-101280,28/06/2026,South,Tamil Nadu,Chennai,Groceries,Green Tea 100 Bags,4,354.05,Delivered,2
ORD-101860,2026-09-24,North,Uttar Pradesh,Lucknow,Grocery,Green Tea 100 Bags,4,380.50,Cancelled,
ORD-104219,20-Jul-2026,East,Assam,Guwahati,Electronics,Smartphone,3,19343.63,Cancelled,
ORD-100308,2026-08-01,west,Maharashtra,Pune,Health & Beauty,Shampoo 400ml,1,429.16,Delivered,3
ORD-104218,2026-05-26,West,Maharashtra,Mumbai,Electronics,Bluetooth Speaker,3,3272.53,Delivered,2
ORD-100365,2026-07-29,  East ,Assam,Guwahati,Grocery,Atta 10kg,1,481.70,Delivered,3
ORD-100565,2026-02-14,North,  Haryana ,Gurugram,  Health & Beauty ,VITAMIN C TABLETS,1,518.42,Delivered,2
ORD-103464,2026-06-08,East,Assam,Guwahati,ELECTRONICS,smartwatch,1,5232.95,Cancelled,
ORD-102275,2026-07-23,South,Telangana,hyderabad,Home & Kitchen,Mixer Grinder,2,3363.99,Delivered,3
ORD-104556,20-Mar-2026,West,Maharashtra,Mumbai,Home and Kitchen,Pressure Cooker,1,1763.50,Completed,2
ORD-103551,2026-07-11,South,Kerala,Kochi,Grocery,Atta 10kg,4,516.06,Delivered,2
ORD-102088,2026-07-17,West,Maharashtra,Pune,Electronics,Wireless Earbuds,1,2307.88,DELIVERED,2
ORD-101151,2026-03-08,Central,Madhya Pradesh,Indore,Electronics,Smartphone,3,20840.38,Shipped,
ORD-104487,2026-09-26,South,Telangana,Hyderabad,Health & Beauty,Vitamin C Tablets,1,572.44,Delivered,1
ORD-103380,2026-02-06,central,Maharashtra,Nagpur,Health and Beauty,Sunscreen,1,453.09,Pending,
ORD-104597,2026-04-09,South,Tamil Nadu,Chennai,Apparel,Winter Jacket,1,2400.04,  Cancelled ,
ORD-103994,2026-06-12,West,Maharashtra,Pune,Health & Beauty,Face Wash,1,240.16,  Delivered ,3
ORD-104209,2026-04-29,North,Chandigarh,Chandigarh,Grocery,Green Tea 100 Bags,4,382.90,Delivered,4
ORD-100625,2026-09-18,South,Telangana,Hyderabad,electronics,Smartphone,1,19791.34,Pending,
ORD-103265,2026-07-26,West,Maharashtra,Mumbai,Apparel,Denim Jeans,2,1554.55,Delivered,4
ORD-101953,2026-05-20,East,assam,Guwahati,Home and Kitchen,LED Bulb Pack,6,421.78,Delivered,6
ORD-101754,23/03/2026,South,Telangana,Hyderabad,  Apparel ,running shoes,1,2917.89,CANCELLED,
ORD-101530,2026-07-19,West,Maharashtra,Bombay,Apparel,Kurta,-3,828.27,Delivered,4
ORD-100291,2026-08-05,Central,Chhattisgarh,Raipur,Home & Kitchen,Mixer Grinder,1,3196.58,Delivered,4
ORD-103747,14-Feb-2026,WEST,,Panaji,Apparel,Denim Jeans,4,1366.54,  Delivered ,2
ORD-100867,13-Sep-2026,North,  Chandigarh ,Chandigarh,Health & Beauty,Vitamin C Tablets,1,557.32,DELIVERED,1
ORD-103412,2026-08-17,WEST,Maharashtra,Mumbai,Grocery,Cooking Oil 1L,1,205.66,Delivered,2
ORD-104099,2026-04-15,West,Maharashtra,Mumbai,Grocery,Green Tea 100 Bags,5,382.15,Delivered,2
ORD-103824,2026-05-31,South,Telangana,Hyderabad,Grocery,Dry Fruits 500g,6,868.62,Pending,
ORD-100839,10-Jun-2026,South,Tamil Nadu,Chennai,Apparel,Winter Jacket,3,2628.58,Delivered,2
ORD-104109,2026-06-23,West,Goa,Panaji,Grocery,Cooking Oil 1L,2,178.28,Shipped,
ORD-104715,2026-08-03,South,TELANGANA,Hyderabad,Home & Kitchen,LED Bulb Pack,3,416.42,DELIVERED,4
ORD-103490,2026-08-12,  North ,Rajasthan,Jaipur,Home and Kitchen,Mixer Grinder,1,3528.52,  Shipped ,
ORD-101287,18-May-2026,West,Goa,Panaji,Health & Beauty,Sunscreen,2,N/A,Completed,3
ORD-103692,20/05/2026,West,  Maharashtra ,Pune,apparel,Cotton T-Shirt,1,515.03,Pending,
ORD-102411,2026-04-18,North,Haryana,Gurugram,Electronics,bluetooth speaker,1,2802.54,Delivered,1
ORD-100617,07/05/2026,North,Delhi,Delhi,Grocery,Atta 10kg,1,471.43,Delivered,2
ORD-104297,2026-08-14,Southern,karnataka,  Bangalore ,Home & Kitchen,Bedsheet Set,3,1315.85,Delivered,2
ORD-101602,2026-01-06,West,Goa,Panaji,Home & Kitchen,LED BULB PACK,1,362.13,Delivered,3
ORD-103808,2027-03-15,North,Delhi,Delhi,  Health & Beauty ,Face Wash,1,226.47,In Transit,
ORD-102286,2026-08-17,Western,Maharashtra,Pune,ELECTRONICS,Smartphone,1,17914.35,Shipped,
ORD-100451,2026-09-21,East,West Bengal,Kolkata,Electronics,Bluetooth Speaker,1,3157.51,Delivered,8
ORD-103393,16/03/2026,N,  Uttar Pradesh ,  Lucknow ,Health & Beauty,Shampoo 400ml,1,366.90,Delivered,5
ORD-101160,2026-09-13,West,Goa,Panaji,Electronics,Smartwatch,1,5268.73,Shipped,
ORD-104342,29/06/2026,South,Tamil Nadu,Chennai,Health & Beauty,  Hair Dryer ,1,1525.40,Pending,
ORD-102505,2026-07-04,West,Maharashtra,Mumbai,  Grocery ,Atta 10kg,6,473.46,Delivered,2
ORD-100215,2026-04-19,East,  West Bengal ,Calcutta,Electronics,Bluetooth Speaker,2,2989.00,Completed,5
ORD-102981,2026-08-12,East,Odisha,Bhubaneswar,electronics,  Smartwatch ,1,5205.26,Delivered,5
ORD-104786,2026-01-04,North,HARYANA,Gurugram,Grocery,  Cooking Oil 1L ,4,194.46,Delivered,5
ORD-104764,2026-09-21,East,Assam,Guwahati,Grocery,cooking oil 1l,4,206.19,Delivered,9
ORD-101691,15/07/2026,South,Kerala,Kochi,Grocery,Dry Fruits 500g,2,741.01,Returned,3
ORD-103385,24-Jun-2026,South,Karnataka,Bangalore,Toys,Smartwatch,1,4834.16,Delivered,2
ORD-103292,14-Apr-2026,West,Goa,Panaji,Home & Kitchen,LED Bulb Pack,1,359.42,Shipped,
ORD-102212,2026-07-05,South,Telangana,hyderabad,Grocery,Cooking Oil 1L,1,195.46,Completed,3
ORD-101710,2026-04-25,West,Gujarat,Ahmedabad,Health & Beauty,Sunscreen,2,411.30,delivered,1
ORD-102562,22-Jun-2026,  South ,,kochi,Apparel,Winter Jacket,1,2414.55,Returned,4
ORD-101847,2026-08-14,Central,Chhattisgarh,Raipur,Home & Kitchen,Pressure Cooker,4,1807.05,Delivered,3
ORD-101900,2026-03-24,East,West Bengal,Kolkata,Grocery,Basmati Rice 5kg,3,619.33,Shipped,
ORD-100725,2026-09-12,  West ,Maharashtra,Mumbai,GROCERY,Basmati Rice 5kg,2,660.95,Delivered,1
ORD-101336,2026-08-31,West,Maharashtra,Pune,Grocery,Cooking Oil 1L,2,182.90,Delivered,1
ORD-101609,2026-08-19,WEST,Goa,Panaji,home & kitchen,  LED Bulb Pack ,4,388.85,delivered,3
ORD-102824,2026-06-08,South,Telangana,HYDERABAD,Grocery,Dry Fruits 500g,2,843.78,Delivered,1
ORD-104580,2026-05-30,West,Maharashtra,mumbai,  Health & Beauty ,Sunscreen,1,437.03,  Delivered ,4
ORD-102878,2026-03-21,South,Telangana,,Grocery,green tea 100 bags,5,326.21,delivered,4
ORD-101995,15/07/2026,North,Delhi,new delhi,grocery,Green Tea 100 Bags,4,377.80,Delivered,3
ORD-100631,2026-07-30,South,Karnataka,Bengaluru,  Grocery ,Green Tea 100 Bags,1,342.22,Delivered,2
ORD-102951,2026-06-03,Central,Chhattisgarh,Raipur,Grocery,Basmati Rice 5kg,1,689.27,Delivered,3
ORD-103744,29/03/2026,North,Uttar Pradesh,LUCKNOW,Health & Beauty,Hair Dryer,2,1523.60,SHIPPED,
ORD-104175,2026-06-27,EAST,Assam,Guwahati,Health & Beauty,Face Wash,1,262.95,Completed,4
ORD-102248,2026-06-01,West,Gujarat,Ahmedabad,Grocery,Dry Fruits 500g,1,814.88,Delivered,2
ORD-103232,17/04/2026,North,Haryana,gurugram,Health & Beauty,Sunscreen,3,468.86,Delivered,6
ORD-100197,2026-07-18,South,Tamil Nadu,Chennai,Electronics,Wireless Earbuds,1,2397.51,Delivered,2
ORD-101911,2026-01-27,South,  Kerala ,Kochi,Apparel,running shoes,3,2945.20,Delivered,1
ORD-104534,22/06/2026,Central,chhattisgarh,Raipur,Electronics,Smartwatch,1,5101.17,Delivered,3
ORD-100482,22/01/2026,South,Karnataka,Bengaluru,HOME & KITCHEN,Non-Stick Pan,1,952.60,delivered,2
ORD-104348,2026-03-20,South,Tamil Nadu,Chennai,Health & Beauty,Face Wash,1,242.32,  Delivered ,1
ORD-104304,2026-09-23,West,Maharashtra,Mumbai,Electronics,Smartwatch,2,5178.83,Completed,1
ORD-102245,14/03/2026,n,Delhi,Delhi,  Apparel ,Kurta,1,869.58,delivered,2
ORD-100319,27/03/2026,West,Gujarat,Ahmedabad,Grocery,Atta 10kg,7,508.98,Delivered,3
ORD-103602,2026-05-06,West,,  Panaji ,Electronics,Bluetooth Speaker,2,2730.82,Delivered,3
ORD-104301,17/05/2026,North,Delhi,Delhi,HEALTH & BEAUTY,Vitamin C Tablets,1,522.71,Delivered,3
ORD-102519,2026-04-28,East,Odisha,Bhubaneswar,Electronics,Smartwatch,4,4702.83,Pending,
ORD-102507,2026-06-18,South,Telangana,Hyderabad,APPAREL,Running Shoes,1,3024.08,Returned,3
ORD-104712,17/04/2026,Central,Maharashtra,nagpur,Grocery,Basmati Rice 5kg,2,624.23,Delivered,2
ORD-100289,2026-03-06,central,Chhattisgarh,Raipur,Health & Beauty,Vitamin C Tablets,3,523.12,Delivered,2
ORD-103390,08-Jul-2026,West,Maharashtra,Pune,Apparel,Running Shoes,4,2833.96,Delivered,2
ORD-100227,06/06/2026,Central,Madhya Pradesh,Indore,Apparel,  Winter Jacket ,2,2712.83,Delivered,3
ORD-100799,2026-06-24,West,Gujarat,Ahmedabad,Electronics,Power Bank,2,1210.68,Delivered,3
ORD-102157,2026-07-15,South,Telangana,Hyderabad,Apparel,Denim Jeans,1,1396.36,Delivered,2
ORD-102760,2026-05-25,East,Assam,Guwahati,Health & Beauty,Shampoo 400ml,4,409.54,Delivered,5
ORD-104223,17-Jun-2026,South,Telangana,Hyderabad,Grocery,Green Tea 100 Bags,5,365.96,Delivered,1
ORD-102484,15-Apr-2026,East,Assam,Guwahati,Home & Kitchen,Pressure Cooker,1,1920.65,shipped,
ORD-102385,2026-06-23,East,Odisha,Bhubaneswar,Health & Beauty,Hair Dryer,1,1496.08,Delivered,4
ORD-101991,2026-09-07,West,Goa,Panaji,Grocery,Cooking Oil 1L,1,171.77,Delivered,1
ORD-100827,2026-09-13,East,Bihar,Patna,Grocery,Basmati Rice 5kg,1,591.50,Delivered,4
ORD-104770,2026-06-05,Central,Madhya Pradesh,Indore,Grocery,Dry Fruits 500g,2,816.13,Delivered,3
ORD-100886,16-Jul-2026,East,Assam,GUWAHATI,Groceries,Atta 10kg,5,543.88,Delivered,2
ORD-101155,2026-07-26,North,Haryana,Gurugram,Grocery,BASMATI RICE 5KG,5,619.06,Delivered,4
ORD-103403,12-Jun-2026,West,maharashtra,Pune,Home & Kitchen,LED Bulb Pack,1,410.05,returned,1
ORD-104778,27/04/2026,East,Assam,Guwahati,Grocery,Green Tea 100 Bags,1,347.53,Delivered,
ORD-104708,2026-03-24,north,Delhi,Delhi,Grocery,Green Tea 100 Bags,3,353.50,returned,2
ORD-102973,2026-05-30,West,Goa,Panaji,Electronics,  Smartphone ,1,19298.11,Delivered,5
ORD-104945,2026-05-13,East,West Bengal,Kolkata,Toys,Cotton T-Shirt,1,507.72,Delivered,5
ORD-101090,2026-04-05,North,Uttar Pradesh,Lucknow,Health & Beauty,SHAMPOO 400ML,1,417.70,Delivered,4
ORD-101849,21/07/2026,South,Karnataka,Bengaluru,electronics,Bluetooth Speaker,3,3065.17,Delivered,1
ORD-102688,2026-04-28,North,Chandigarh,Chandigarh,Grocery,Basmati Rice 5kg,2,642.41,Delivered,4
ORD-104478,2026-08-04,East,,Bhubaneswar,Electronics,Smartphone,1,18591.87,Delivered,7
ORD-104455,2026-06-12,East,,Patna,Apparel,Kurta,7,858.79,Delivered,5
ORD-103929,2026-09-09,North,Uttar Pradesh,Lucknow,Health & Beauty,vitamin c tablets,4,535.32,Delivered,1
ORD-102390,2026-02-02,West,Maharashtra,Pune,Apparel,Running Shoes,2,3178.28,  Delivered ,2
ORD-104325,2026-07-08,East,Odisha,Bhubaneswar,Apparel,Running Shoes,2,3220.59,  Delivered ,4
ORD-104335,2026-06-04,South,  Karnataka ,  Bengaluru ,Apparel,Cotton T-Shirt,1,477.51,Delivered,1
ORD-101690,2026-01-18,North,Uttar Pradesh,Lucknow,Apparel,Denim Jeans,2,1621.24,Delivered,2
ORD-101371,03-Jul-2026,West,Maharashtra,Bombay,Grocery,Green Tea 100 Bags,5,344.16,Delivered,2
ORD-102665,2026-04-02,West,maharashtra,Mumbai,Apparel,Denim Jeans,2,1426.84,Delivered,3
ORD-101492,2026-09-12,Central,Chhattisgarh,Raipur,Electronics,Smartwatch,3,4575.74,  Delivered ,3
ORD-103001,2026-09-11,North,Haryana,Gurugram,  Apparel ,Winter Jacket,2,2516.70,DELIVERED,3
ORD-103297,2026-08-04,North,Chandigarh,Chandigarh,Home & Kitchen,pressure cooker,2,1736.90,Shipped,
ORD-100907,2026-08-14,East,West Bengal,Calcutta,Home and Kitchen,Pressure Cooker,2,1802.83,Delivered,7
ORD-103065,03-Jun-2026,North,,chandigarh,Electronics,Wireless Earbuds,3,2748.19,Delivered,4
ORD-104002,2026-05-15,South,Kerala,Kochi,Home & Kitchen,LED Bulb Pack,2,431.55,Delivered,3
ORD-103379,2026-01-10,South,Telangana,Hyderabad,Home & Kitchen,Bedsheet Set,1,1202.04,Delivered,4
ORD-104443,2026-02-03,Central,Chhattisgarh,Raipur,HEALTH & BEAUTY,Face Wash,1,267.86,Delivered,5
ORD-101216,2026-04-08,Western,Goa,Panaji,Grocery,  Cooking Oil 1L ,1,202.28,  Delivered ,2
ORD-103774,2026-07-03,South,Telangana,Hyderabad,Grocery,dry fruits 500g,5,753.29,  Delivered ,1
ORD-102555,16/09/2026,North,Uttar Pradesh,lucknow,Apparel,Running Shoes,3,3235.27,Shipped,
ORD-103478,yesterday,West,Goa,Panaji,Home & Kitchen,PRESSURE COOKER,1,1776.72,Delivered,3
ORD-103080,20/03/2026,  North ,,Lucknow,Grocery,GREEN TEA 100 BAGS,8,323.68,Delivered,4
ORD-104891,2026-05-11,  North ,chandigarh,Chandigarh,grocery,Atta 10kg,1,548.62,Returned,4
ORD-104587,2026-06-06,South,Telangana,  Hyderabad ,Grocery,Atta 10kg,2,472.33,  Completed ,5
ORD-100676,01-Jun-2026,South,Kerala,Kochi,Grocery,Basmati Rice 5kg,1,678.02,Delivered,2
ORD-103769,2026-07-01,South,Tamil Nadu,Chennai,Grocery,Dry Fruits 500g,4,819.00,Delivered,2
ORD-103821,2026-05-01,South,  Telangana ,Hyderabad,Home & Kitchen,Bedsheet Set,3,1098.17,Delivered,3
ORD-104599,2026-02-27,South,Kerala,Kochi,Health & Beauty,hair dryer,1,1645.45,Delivered,2
ORD-100950,15-Apr-2026,North,  Delhi ,  Delhi ,Electronics,Power Bank,1,1202.45,delivered,2
ORD-101374,2026-08-09,North,Delhi,Delhi,Electronics,Bluetooth Speaker,2,3184.02,Cancelled,
ORD-102303,2026-06-18,West,Maharashtra,Mumbai,Grocery,Dry Fruits 500g,4,842.03,Lost,4
ORD-100542,2026-08-11,North,Uttar Pradesh,Lucknow,Grocery,Dry Fruits 500g,1,819.87,Delivered,2
ORD-102076,2026-03-12,South,Telangana,Hyderabad,  Electronics ,Bluetooth Speaker,2,3104.80,Completed,1
ORD-103018,2026-09-20,South,Karnataka,Bengaluru,Health & Beauty,Shampoo 400ml,2,425.51,Delivered,5
ORD-100384,2026-07-02,  North ,Haryana,Gurugram,Home & Kitchen,Mixer Grinder,1,3406.45,Delivered,1
ORD-103092,17/04/2026,West,Gujarat,Ahmedabad,Apparel,Kurta,1,881.83,Delivered,
ORD-104717,22-Aug-2026,West,Goa,Panaji,Health & Beauty,vitamin c tablets,2,516.21,  Shipped ,
ORD-101075,2026-03-19,East,,Patna,Grocery,Cooking Oil 1L,4,187.48,Shipped,
ORD-103598,26/07/2026,west,Maharashtra,Mumbai,Electronics,Smartwatch,1,4639.65,Completed,2
ORD-103810,09-Jun-2026,  West ,Maharashtra,Mumbai,Apparel,Cotton T-Shirt,2,533.16,returned,2
ORD-104440,2026-01-15,South,Telangana,Hyderabad,Home & Kitchen,Pressure Cooker,1,1887.64,Completed,5
ORD-104437,2026-09-21,North,Chandigarh,Chandigarh,Home & Kitchen,LED Bulb Pack,3,410.91,Cancelled,
ORD-104225,2026-03-27,East,,Patna,Apparel,Kurta,1,889.03,Delivered,4
ORD-102495,2026-09-02,east,Assam,Guwahati,Electronics,Smartwatch,2,4712.01,Shipped,
ORD-102308,04/05/2026,  North ,Haryana,Gurugram,Health & Beauty,Face Wash,2,264.30,Delivered,5
ORD-101450,2026-09-05,North,Uttar Pradesh,Lucknow,APPAREL,Kurta,2,929.41,Pending,
ORD-100338,30-Jul-2026,West,Maharashtra,Mumbai,Health & Beauty,Vitamin C Tablets,3,527.55,Delivered,
ORD-102875,2026-06-25,South,Karnataka,Bengaluru,Electronics,Smartphone,1,17860.39,Delivered,2
ORD-102454,2026-02-20,Central,Madhya Pradesh,Bhopal,Electronics,Smartphone,1,18631.06,Cancelled,
ORD-100892,2026-04-03,West,Maharashtra,Pune,Electronics,SMARTPHONE,2,20410.75,Delivered,4
ORD-100549,2026-06-07,Central,Madhya Pradesh,Indore,  Apparel ,  Denim Jeans ,1,1418.64,DELIVERED,3
ORD-103267,2026-07-12,  West ,Maharashtra,Pune,Electronics,Smartwatch,3,5364.34,Shipped,
ORD-101517,2026-06-23,Central,Madhya Pradesh,Indore,Apparel,Winter Jacket,2,2505.06,Shipped,
ORD-103521,2026-08-08,South,Kerala,Kochi,Grocery,Basmati Rice 5kg,3,661.64,Delivered,3
ORD-102960,24-Feb-2026,Central,,Nagpur,Home & Kitchen,LED Bulb Pack,1,360.77,Delivered,4
ORD-101094,13/04/2026,East,Assam,  Guwahati ,Grocery,Atta 10kg,1,505.42,Delivered,7
ORD-104048,26-Aug-2026,N,Delhi,Delhi,Grocery,Green Tea 100 Bags,1,348.85,Delivered,3
ORD-101301,2026-06-05,WEST,MAHARASHTRA,Pune,Apparel,Cotton T-Shirt,1,483.93,CANCELLED,
ORD-100344,2026-09-19,North,Rajasthan,JAIPUR,Grocery,Atta 10kg,2,479.06,Delivered,1
ORD-104407,2026-07-12,North,Rajasthan,Jaipur,Grocery,Cooking Oil 1L,1,171.30,Pending,
ORD-100948,18/05/2026,East,Assam,Guwahati,Electronics,smartwatch,1,5195.29,  Delivered ,2
ORD-102395,17/09/2026,East,Bihar,Patna,Electronics,Power Bank,1,1269.00,  Delivered ,10
ORD-101984,2026-03-01,WEST,Goa,Panaji,  Electronics ,Bluetooth Speaker,1,3051.45,Delivered,4
ORD-104126,15-Jun-2026,East,Bihar,Patna,Grocery,Basmati Rice 5kg,3,603.67,Delivered,4
ORD-100814,27-Apr-2026,north,,chandigarh,GROCERY,Cooking Oil 1L,4,189.61,Delivered,
ORD-104619,2026-09-25,South,Telangana,Hyderabad,Electronics,Wireless Earbuds,1,2429.59,delivered,3
ORD-104583,2026-07-23,SOUTH,karnataka,Bengaluru,,  Vitamin C Tablets ,1,550.97,Shipped,
ORD-100726,2026-04-06,West,maharashtra,Mumbai,Home & Kitchen,Mixer Grinder,2,3189.21,Delivered,3
ORD-100496,2026-07-20,North,,jaipur,Home & Kitchen,Non-Stick Pan,1,974.44,Completed,2
ORD-102927,05-Mar-2026,Central,Madhya Pradesh,Indore,Electronics,Power Bank,1,1187.36,Delivered,1
ORD-100766,2026-08-08,West,Maharashtra,Mumbai,Electronics,Smartphone,1,19010.31,Completed,3
ORD-104394,2026-07-28,Central,,Nagpur,home & kitchen,Mixer Grinder,1,3218.27,delivered,3
ORD-101260,2026-07-28,North,Uttar Pradesh,Lucknow,Apparel,Running Shoes,2,3093.18,Delivered,3
ORD-101894,2026-03-23,SOUTH,Karnataka,Bengaluru,Grocery,Cooking Oil 1L,3,207.63,Delivered,6
ORD-101940,2026-02-07,West,,Ahmedabad,Grocery,Basmati Rice 5kg,4,671.55,Delivered,1
ORD-100165,2026-09-24,West,Goa,Panaji,Electronics,WIRELESS EARBUDS,1,2689.78,Pending,
ORD-100647,2026-01-12,North,Chandigarh,CHANDIGARH,Grocery,  Dry Fruits 500g ,3,743.98,Shipped,
ORD-102490,2026-05-19,  West ,Maharashtra,Mumbai,Apparel,Kurta,1,830.22,Delivered,1
ORD-101410,2026-09-24,South,Tamil Nadu,CHENNAI,Apparel,Kurta,1,903.48,Delivered,3
ORD-100659,03-Jun-2026,Southern,  Tamil Nadu ,Madras,  Apparel ,Cotton T-Shirt,2,474.14,Delivered,3
ORD-104941,24/09/2026,South,Karnataka,Bengaluru,Electronics,Wireless Earbuds,2,2724.93,Delivered,2
ORD-101073,2026-06-06,West,GOA,PANAJI,Apparel,Cotton T-Shirt,6,462.71,Delivered,2
ORD-103374,2026-08-02,North,Uttar Pradesh,  Lucknow ,Grocery,Green Tea 100 Bags,8,322.64,Delivered,3
ORD-103614,12/08/2026,East,West Bengal,Kolkata,Grocery,Cooking Oil 1L,2,191.46,Delivered,7
ORD-102781,29/04/2026,North,DELHI,Delhi,Apparel,Cotton T-Shirt,2,479.34,Shipped,
ORD-101884,2026-07-01,NORTH,Delhi,Delhi,Grocery,Atta 10kg,4,458.38,Delivered,1
ORD-101813,2026-08-29,Central,Madhya Pradesh,Bhopal,Grocery,Atta 10kg,5,507.05,Cancelled,
ORD-104511,10/05/2026,West,Maharashtra,Pune,Home & Kitchen,Bedsheet Set,1,1253.33,Delivered,2
ORD-104212,29/04/2026,  South ,Telangana,Hyderabad,Apparel,Kurta,1,857.10,Delivered,5
ORD-102173,2026-04-02,Central,Madhya Pradesh,Bhopal,Grocery,cooking oil 1l,7,198.55,Delivered,4
ORD-103392,13/04/2026,N,chandigarh,Chandigarh,Grocery,Cooking Oil 1L,6,191.22,shipped,
ORD-102452,2026-05-10,Western,Maharashtra,Pune,  Health & Beauty ,Sunscreen,4,464.24,Delivered,2
ORD-102682,2026-02-12,Central,Madhya Pradesh,Indore,Health & Beauty,Shampoo 400ml,2,374.66,Delivered,3
ORD-103669,25/07/2026,West,Gujarat,Ahmedabad,Clothing,Kurta,3,904.34,Cancelled,
ORD-102310,2026-08-17,North,  Uttar Pradesh ,Lucknow,Health & Beauty,Shampoo 400ml,6,416.23,Cancelled,
ORD-101630,2026-08-20,South,KERALA,Kochi,Health and Beauty,Face Wash,1,231.68,  Delivered ,1
ORD-101632,2026-03-27,  South ,  Tamil Nadu ,Chennai,Grocery,Atta 10kg,4,523.33,Pending,
ORD-101675,15/04/2026,South,Tamil Nadu,Chennai,Health & Beauty,Hair Dryer,1,1570.89,Delivered,2
ORD-104909,2026-04-29,North,Chandigarh,Chandigarh,Grocery,Dry Fruits 500g,4,723.93,Delivered,1
ORD-102631,19-Jun-2026,Central,Chhattisgarh,Raipur,Apparel,Denim Jeans,5,1609.72,delivered,2
ORD-102186,2026-02-10,south,Tamil Nadu,Chennai,Grocery,Cooking Oil 1L,3,179.42,pending,
ORD-101693,2026-09-12,North,Uttar Pradesh,Lucknow,Grocery,Green Tea 100 Bags,1,381.41,Delivered,2
ORD-103248,07-Aug-2026,East,West Bengal,Kolkata,  Home & Kitchen ,Mixer Grinder,1,3725.54,Shipped,
ORD-102056,02/08/2026,South,Kerala,Kochi,Electronics,Smartwatch,3,5451.96,Pending,
ORD-103976,05-Jan-2026,East,Assam,Guwahati,apparel,kurta,1,884.27,Delivered,3
ORD-103141,11/09/2026,North,Rajasthan,Jaipur,Grocery,Cooking Oil 1L,1,187.27,  Cancelled ,
ORD-101347,04-Apr-2026,South,Kerala,Kochi,Electronics,smartwatch,1,5384.02,delivered,3
ORD-104722,2026-07-01,North,Chandigarh,Chandigarh,Grocery,Dry Fruits 500g,2,759.24,Pending,
ORD-104968,2026-02-25,East,Odisha,Bhubaneswar,Apparel,  Winter Jacket ,2,2249.24,Delivered,5
ORD-100660,2026-09-30,West,Goa,Panaji,Apparel,Cotton T-Shirt,2,452.64,  Completed ,1
ORD-103998,2026-05-25,East,Odisha,Bhubaneswar,Apparel,Kurta,4,827.28,Delivered,2
ORD-104852,22/01/2026,East,Odisha,Bhubaneswar,Grocery,Atta 10kg,1,454.56,Delivered,2
ORD-104120,2026-08-11,WESTERN,Maharashtra,Pune,Home & Kitchen,Pressure Cooker,5,1923.26,delivered,5
ORD-104579,16/03/2026,East,Odisha,Bhubaneswar,  Apparel ,Winter Jacket,2,2425.73,Completed,3
ORD-103289,12/05/2026,WEST,Maharashtra,MUMBAI,Grocery,Green Tea 100 Bags,4,327.43,Delivered,1
ORD-103882,26/03/2026,North,Rajasthan,Jaipur,apparel,denim jeans,1,1506.05,Delivered,5
ORD-104049,2026-08-27,West,  Maharashtra ,Mumbai,Home & Kitchen,Bedsheet Set,3,1193.50,Delivered,4
ORD-104957,2026-05-15,South,Telangana,Hyderabad,Home & Kitchen,LED Bulb Pack,1,370.41,Delivered,1
ORD-101732,2026-07-01,East,Assam,Guwahati,HEALTH & BEAUTY,Hair Dryer,1,1727.72,Delivered,4
ORD-101651,21-Aug-2026,West,Goa,Panaji,Grocery,Green Tea 100 Bags,4,322.27,Delivered,3
ORD-104964,26/06/2026,North,Chandigarh,Chandigarh,Home & Kitchen,LED Bulb Pack,2,382.01,Delivered,1
ORD-103783,2026-08-26,South,Tamil Nadu,Chennai,Grocery,Dry Fruits 500g,3,765.33,Shipped,
ORD-102402,2026-09-12,North,Delhi,Delhi,Electronics,Smartwatch,2,5166.15,Delivered,1
ORD-103237,01-Apr-2026,South,karnataka,Bengaluru,Grocery,Cooking Oil 1L,3,192.31,Delivered,4
ORD-100197,2026-07-18,South,Tamil Nadu,Chennai,Electronics,Wireless Earbuds,7,2397.51,Delivered,2
ORD-104084,2026-08-07,West,Goa,Panaji,Electronics,Smartphone,2,18430.85,Delivered,1
ORD-103146,11/04/2026,South,kerala,Kochi,Home & Kitchen,LED BULB PACK,1,369.69,Delivered,4
ORD-104893,2026-06-25,N,Rajasthan,Jaipur,Home & Kitchen,Bedsheet Set,2,1300.84,Delivered,1
ORD-104114,2026-09-29,North,Delhi,Delhi,Electronics,Bluetooth Speaker,2,3284.68,  Cancelled ,
ORD-100339,2026-02-02,WEST,Goa,Panaji,Groceries,Basmati Rice 5kg,4,690.36,Delivered,3
ORD-102177,2026-03-02,North,haryana,Gurugram,Groceries,Basmati Rice 5kg,3,696.71,Shipped,
ORD-100591,08/05/2026,Southern,Kerala,Kochi,Grocery,Basmati Rice 5kg,5,690.35,shipped,
ORD-104431,01/04/2026,West,  Maharashtra ,Mumbai,Home & Kitchen,Mixer Grinder,1,3471.41,Cancelled,
ORD-103947,2026-09-21,N,Uttar Pradesh,Lucknow,Home & Kitchen,Pressure Cooker,2,1738.45,Delivered,3
ORD-102721,2026-06-21,North,Uttar Pradesh,Lucknow,Home & Kitchen,Mixer Grinder,1,3339.27,Delivered,4
ORD-103386,06-Jun-2026,East,Odisha,Bhubaneswar,Grocery,  Dry Fruits 500g ,2,873.28,Delivered,6
ORD-100259,2026-02-05,South,Karnataka,Bengaluru,Electronics,Bluetooth Speaker,1,3123.03,Delivered,2
ORD-101732,2026-07-01,East,Assam,Guwahati,HEALTH & BEAUTY,Hair Dryer,1,1727.72,Delivered,4
ORD-101524,31-Mar-2026,North,,Lucknow,Health & Beauty,Face Wash,1,240.53,DELIVERED,3
ORD-102279,22/08/2026,South,Kerala,Kochi,Apparel,Winter Jacket,1,2545.33,DELIVERED,
ORD-101594,2026-04-20,  N ,Chandigarh,Chandigarh,  Electronics ,Wireless Earbuds,1,2280.46,  Delivered ,2
ORD-104819,24/09/2026,North,Haryana,Gurugram,Home & Kitchen,Bedsheet Set,1,1207.25,Delivered,4
ORD-104520,24/04/2026,South,Kerala,Kochi,Home & Kitchen,Pressure Cooker,2,2045.81,Delivered,3
ORD-104393,09/03/2026,North,Delhi,Delhi,  Home & Kitchen ,led bulb pack,4,382.40,Delivered,2
ORD-101723,2026-04-22,West,Maharashtra,Mumbai,HEALTH AND BEAUTY,Face Wash,1,259.27,Delivered,1
ORD-103309,12/04/2026,West,Maharashtra,Mumbai,Health & Beauty,shampoo 400ml,1,393.47,Delivered,2
ORD-102005,2026-04-12,South,Kerala,KOCHI,Health & Beauty,Vitamin C Tablets,1,496.12,DELIVERED,
ORD-104364,2026-06-17,South,Karnataka,Bengaluru,Health & Beauty,shampoo 400ml,2,426.17,Delivered,2
ORD-101968,2026-03-06,North,Delhi,Delhi,grocery,Green Tea 100 Bags,3,336.04,Delivered,3
ORD-100754,2026-06-01,south,Tamil Nadu,Chennai,Grocery,Dry Fruits 500g,3,806.42,DELIVERED,1
ORD-101958,18-Feb-2026,central,Chhattisgarh,Raipur,Apparel,Winter Jacket,1,2284.55,Pending,
ORD-104562,16-Jun-2026,East,Bihar,Patna,Health & Beauty,Hair Dryer,1,1590.32,Delivered,5
ORD-102560,2026-02-25,South,Telangana,Hyderabad,Grocery,Dry Fruits 500g,3,814.30,Delivered,4
ORD-101386,2026-03-31,West,Maharashtra,  Mumbai ,Home & Kitchen,Bedsheet Set,1,1150.74,Delivered,1
ORD-101091,2026-08-04,North,Delhi,Delhi,Grocery,dry fruits 500g,2,806.04,Delivered,4
ORD-104231,2026-09-25,South,KARNATAKA,Bengaluru,Health & Beauty,Shampoo 400ml,1,429.42,Delivered,1
ORD-103529,2027-03-15,East,,Guwahati,Home & Kitchen,LED Bulb Pack,3,406.65,Shipped,
ORD-103242,2026-05-15,South,Karnataka,Bengaluru,Groceries,Dry Fruits 500g,1,811.07,Delivered,2
ORD-101164,16/01/2026,South,Kerala,Kochi,  Health & Beauty ,  Shampoo 400ml ,3,368.10,Delivered,2
ORD-104118,2026-08-03,West,maharashtra,Pune,Apparel,Winter Jacket,1,2571.94,Pending,
ORD-102309,31-Jan-2026,SOUTH,Telangana,hyderabad,Groceries,Cooking Oil 1L,2,N/A,Delivered,2
ORD-101452,22-Jun-2026,West,Maharashtra,PUNE,Home & Kitchen,Non-Stick Pan,1,978.38,Delivered,2
ORD-103763,12/09/2026,North,HARYANA,gurugram,Grocery,Green Tea 100 Bags,3,371.70,Delivered,1
ORD-104566,2026-03-17,South,Kerala,Kochi,Clothing,Denim Jeans,3,1560.08,Delivered,2
ORD-104214,2026-06-29,West,Goa,panaji,Home & Kitchen,Mixer Grinder,3,3498.04,Delivered,2
ORD-103088,yesterday,Central,Chhattisgarh,raipur,Health & Beauty,Sunscreen,1,463.55,Delivered,6
ORD-101961,2026-09-23,South,Telangana,Hyderabad,Electronics,Smartphone,1,20653.80,Cancelled,
ORD-101858,2026-06-14,South,  Kerala ,Kochi,Grocery,  Cooking Oil 1L ,4,207.53,Delivered,4
ORD-101987,16/09/2026,South,Karnataka,Bengaluru,  Electronics ,  Smartwatch ,1,5030.37,Delivered,3
ORD-100154,2026-07-25,South,Kerala,Kochi,apparel,Cotton T-Shirt,1,522.74,DELIVERED,1
ORD-103870,26/03/2026,Central,Madhya Pradesh,Indore,Electronics,Smartphone,2,17196.13,DELIVERED,4
ORD-102601,2026-04-17,North,Haryana,Gurugram,Grocery,Basmati Rice 5kg,2,585.48,Delivered,4
ORD-100721,10-Sep-2026,West,Maharashtra,  Mumbai ,Electronics,Smartphone,1,18929.46,Pending,
ORD-102328,20/09/2026,East,Odisha,Bhubaneswar,Electronics,Power Bank,2,1181.00,Delivered,7
ORD-104211,2026-08-08,North,Chandigarh,CHANDIGARH,Electronics,bluetooth speaker,2,2883.30,Delivered,3
ORD-103044,2026-09-06,North,Uttar Pradesh,Lucknow,Apparel,Cotton T-Shirt,1,525.80,Shipped,
ORD-101512,2026-03-27,East,West Bengal,Kolkata,Health & Beauty,Hair Dryer,2,1450.17,Pending,
ORD-102117,13/05/2026,North,Haryana,Gurugram,Home and Kitchen,Mixer Grinder,1,3370.02,Cancelled,
ORD-101544,2026-04-17,Central,  Madhya Pradesh ,Indore,Grocery,basmati rice 5kg,2,708.30,Delivered,5
ORD-101170,2026-09-25,West,Gujarat,Ahmedabad,Grocery,Basmati Rice 5kg,4,643.77,Returned,
ORD-104978,2026-09-03,Southern,Telangana,Hyderabad,Electronics,Smartphone,1,19854.29,Delivered,4
ORD-100798,2026-01-30,North,Haryana,GURUGRAM,Home and Kitchen,led bulb pack,1,427.36,DELIVERED,3
ORD-100674,18/02/2026,central,Madhya Pradesh,Bhopal,Grocery,Cooking Oil 1L,4,170.18,Delivered,3
ORD-102428,2026-03-10,north,Uttar Pradesh,Lucknow,Grocery,Basmati Rice 5kg,1,640.85,Shipped,
ORD-103042,10-Mar-2026,West,Goa,Panaji,Apparel,Kurta,2,840.63,delivered,1
ORD-101798,21/01/2026,Central,Madhya Pradesh,Bhopal,Electronics,Smartphone,5,18208.68,Pending,
ORD-103033,28-Aug-2026,East,West Bengal,Kolkata,Electronics,Wireless Earbuds,3,2479.03,Delivered,5
ORD-101154,2026-07-09,South,Kerala,Kochi,grocery,Green Tea 100 Bags,3,345.86,Pending,
ORD-104782,2026-03-06,CENTRAL,Chhattisgarh,Raipur,Electronics,Bluetooth Speaker,4,2803.85,Delivered,1
ORD-101771,2026-09-26,West,Maharashtra,Mumbai,Electronics,SMARTWATCH,2,5262.21,Delivered,2
ORD-101070,23/09/2026,West,Goa,Panaji,Health & Beauty,Vitamin C Tablets,2,520.77,DELIVERED,1
ORD-103174,10-May-2026,West,,Pune,Apparel,Cotton T-Shirt,1,498.10,Delivered,2
ORD-103668,2026-05-19,West,Goa,Panaji,Grocery,cooking oil 1l,1,177.53,Pending,
ORD-103391,2026-06-07,South,Tamil Nadu,Madras,Electronics,  Power Bank ,1,1342.47,In Transit,
ORD-104535,14-Aug-2026,East,,Bhubaneswar,health & beauty,Face Wash,2,240.88,Delivered,6
ORD-100333,2026-07-29,South,Karnataka,Bengaluru,Apparel,Denim Jeans,1,1417.71,delivered,3
ORD-104456,2026-06-06,South,Telangana,Hyderabad,Grocery,Green Tea 100 Bags,2,318.86,Delivered,1
ORD-102662,2026-02-05,South,Karnataka,Bengaluru,  Grocery ,Atta 10kg,1,544.63,Delivered,5
ORD-104526,2026-05-13,  North ,,Jaipur,Clothing,Denim Jeans,3,1523.06,Delivered,3
ORD-103962,2026-03-26,North,Delhi,Delhi,Health & Beauty,  Hair Dryer ,3,1657.51,Delivered,5
ORD-101220,2026-08-14,Southern,Karnataka,,Grocery,Atta 10kg,3,449.79,Delivered,2
ORD-100879,2026-03-13,South,Telangana,Hyderabad,Grocery,Dry Fruits 500g,7,864.13,Returned,1
ORD-104029,2026-06-09,East,Assam,Guwahati,Electronics,Smartwatch,2,5281.54,Delivered,4
ORD-100594,2026-04-11,North,Rajasthan,Jaipur,Electronics,Smartphone,3,20276.31,Delivered,2
ORD-101282,2026-08-20,West,Goa,  Panaji ,Grocery,Basmati Rice 5kg,2,706.13,Shipped,
ORD-101747,2026-09-27,South,Karnataka,bengaluru,Electronics,Wireless Earbuds,1,2362.31,Delivered,1
ORD-100928,03-Sep-2026,North,Uttar Pradesh,Lucknow,Grocery,Basmati Rice 5kg,4,585.70,  Delivered ,2
ORD-104237,20/08/2026,North,Uttar Pradesh,  Lucknow ,Electronics,Bluetooth Speaker,2,2970.35,Delivered,1
ORD-102647,18/04/2026,  West ,Goa,Panaji,Grocery,Dry Fruits 500g,3,742.83,Delivered,3
ORD-104479,2026-01-19,SOUTH,Kerala,Kochi,Apparel,Cotton T-Shirt,1,474.75,Lost,3
ORD-104059,15/09/2026,South,Kerala,Kochi,Electronics,Power Bank,2,1363.64,Cancelled,
ORD-102909,2026-07-07,North,Chandigarh,CHANDIGARH,grocery,dry fruits 500g,2,865.01,Delivered,1
ORD-102663,02-Aug-2026,West,Goa,Panaji,electronics,Wireless Earbuds,1,2671.91,Delivered,2
ORD-101978,2026-06-04,East,Odisha,Bhubaneswar,Apparel,Winter Jacket,2,2403.26,Delivered,3
ORD-100662,31/02/2026,N,Chandigarh,Chandigarh,Electronics,Bluetooth Speaker,3,2785.40,Delivered,2
ORD-103369,2026-05-27,South,,Chennai,Home and Kitchen,Pressure Cooker,1,1892.45,Delivered,2
ORD-101107,15/09/2026,North,Haryana,Gurugram,Health & Beauty,Sunscreen,1,422.55,Cancelled,
ORD-104774,2026-05-04,West,Maharashtra,Pune,Home & Kitchen,non-stick pan,1,1008.21,Delivered,3
ORD-101785,2026-07-05,Central,Chhattisgarh,  Raipur ,Electronics,Smartwatch,1,5300.91,shipped,
ORD-103070,2026-05-29,south,  Tamil Nadu ,chennai,Grocery,Dry Fruits 500g,2,757.78,Delivered,5
ORD-104695,2026-08-23,  South ,Tamil Nadu,Chennai,Electronics,Smartwatch,2,4857.41,  Delivered ,
ORD-100399,2026-02-19,North,Uttar Pradesh,Lucknow,Apparel,Running Shoes,1,3074.30,Shipped,
ORD-104748,2026-04-30,East,Odisha,Bhubaneswar,Grocery,basmati rice 5kg,3,631.10,Delivered,3
ORD-103533,08-Jun-2026,  West ,Goa,Panaji,Apparel,Cotton T-Shirt,2,464.43,Delivered,1
ORD-104360,2026-07-07,West,Goa,Panaji,Apparel,Running Shoes,3,2825.55,Delivered,3
ORD-103760,2026-04-13,East,Bihar,  Patna ,Home and Kitchen,Non-Stick Pan,1,1020.96,Delivered,3
ORD-101768,29-May-2026,Western,Goa,Panaji,Home & Kitchen,Pressure Cooker,2,2034.93,Delivered,3
ORD-104362,2026-09-16,North,Chandigarh,Chandigarh,Health & Beauty,Sunscreen,1,451.98,Delivered,2
ORD-101179,24/03/2026,North,Delhi,Delhi,Apparel,Running Shoes,2,3007.61,Delivered,1
ORD-102864,2026-06-15,East,  Bihar ,Patna,home & kitchen,Non-Stick Pan,1,922.28,Cancelled,
ORD-100968,2026-01-26,South,Karnataka,Bengaluru,Health & Beauty,  Shampoo 400ml ,1,365.31,  Delivered ,2
ORD-103335,26/02/2026,Central,CHHATTISGARH,Raipur,Apparel,Denim Jeans,1,1586.86,Pending,
ORD-104246,21-Jun-2026,East,Bihar,Patna,Health & Beauty,Face Wash,1,226.54,Delivered,6
ORD-104606,28/03/2026,East,Assam,Guwahati,Home & Kitchen,Pressure Cooker,1,2002.67,Delivered,3
ORD-102522,2026-06-28,South,Telangana,Hyderabad,Electronics,Smartwatch,1,4674.80,Returned,4
ORD-101363,2026-02-13,East,Odisha,Bhubaneswar,Grocery,Cooking Oil 1L,4,189.50,Lost,6
ORD-102892,25/06/2026,South,KARNATAKA,bengaluru,Apparel,Denim Jeans,1,1473.61,Delivered,3
ORD-101018,29-Aug-2026,East,West Bengal,Calcutta,Grocery,  Dry Fruits 500g ,3,757.65,Returned,
ORD-102790,2026-06-05,East,Odisha,Bhubaneswar,Electronics,Power Bank,2,1260.29,Delivered,3
ORD-103905,01-May-2026,Central,Maharashtra,Nagpur,Grocery,Atta 10kg,1,483.70,Delivered,4
ORD-103291,2026-08-11,Central,,Nagpur,  Grocery ,Atta 10kg,5,457.66,  Shipped ,
ORD-101017,2026-06-03,West,Maharashtra,Mumbai,Grocery,Dry Fruits 500g,2,848.28,Cancelled,
ORD-102232,2026-04-06,East,Assam,Guwahati,Apparel,Kurta,1,982.14,Delivered,5
ORD-103813,2026-05-14,North,Rajasthan,  Jaipur ,apparel,Denim Jeans,1,1459.29,Delivered,2
ORD-100551,08/03/2026,  South ,Kerala,Kochi,Apparel,winter jacket,-3,2544.66,In Transit,
ORD-103019,2026-06-13,NORTH,,Chandigarh,Health & Beauty,Sunscreen,1,436.69,Delivered,2
ORD-102919,2026-04-11,South,Kerala,  Kochi ,Grocery,Atta 10kg,1,452.99,Returned,4
ORD-102084,2026-08-26,South,tamil nadu,Chennai,Home & Kitchen,Bedsheet Set,2,1238.40,Delivered,1
ORD-100707,2026-04-23,West,Goa,  Panaji ,Grocery,Cooking Oil 1L,3,193.88,Delivered,3
ORD-103191,11-Aug-2026,  South ,KARNATAKA,Bengaluru,  Grocery ,Basmati Rice 5kg,2,703.81,Completed,3
ORD-103871,16/07/2026,West,Maharashtra,Pune,Apparel,cotton t-shirt,1,482.31,  Shipped ,
ORD-103836,yesterday,E,,Guwahati,Health and Beauty,Vitamin C Tablets,4,578.53,Shipped,
ORD-104318,2026-09-27,South,Telangana,Hyderabad,Home & Kitchen,LED Bulb Pack,4,428.57,Delivered,2
ORD-104636,2026-06-23,North,Delhi,Delhi,Grocery,Atta 10kg,4,489.32,Delivered,4
ORD-100381,2026-08-02,E,Bihar,Patna,Apparel,Cotton T-Shirt,1,530.79,Delivered,9
ORD-104231,2026-09-25,South,KARNATAKA,Bengaluru,Health & Beauty,Shampoo 400ml,1,429.42,Delivered,1
ORD-101373,2026-08-13,South,telangana,Hyderabad,Grocery,Cooking Oil 1L,2,187.54,Delivered,4
ORD-103874,2026-06-08,West,Gujarat,Ahmedabad,Grocery,green tea 100 bags,1,324.52,Delivered,2
ORD-101219,2026-06-07,South,Telangana,  Hyderabad ,GROCERY,Green Tea 100 Bags,4,340.57,Delivered,4
ORD-100373,2026-04-16,North,Haryana,Gurugram,Clothing,Running Shoes,2,3132.10,  Delivered ,3
ORD-102837,11/06/2026,E,Assam,Guwahati,  Grocery ,Basmati Rice 5kg,1,606.47,Pending,
ORD-102271,2026-06-18,Central,Madhya Pradesh,Bhopal,Grocery,Dry Fruits 500g,3,857.71,Delivered,4
ORD-102241,2026-07-10,South,Kerala,Kochi,Home & Kitchen,Pressure Cooker,1,1940.57,Delivered,3
ORD-103544,29-Sep-2026,Central,,Raipur,Electronics,Power Bank,3,1328.71,cancelled,
ORD-103153,2026-05-16,east,Bihar,  Patna ,Electronics,Smartphone,1,20498.79,Delivered,3
ORD-104039,2026-02-19,N,Chandigarh,Chandigarh,Apparel,Running Shoes,1,3282.39,Delivered,2
ORD-103426,09-Sep-2026,West,Maharashtra,Pune,  Electronics ,Smartwatch,1,5298.79,Delivered,3
ORD-103710,2026-07-20,South,Kerala,Kochi,Grocery,Dry Fruits 500g,1,811.39,Delivered,3
ORD-104420,02/05/2026,West,Goa,Panaji,Home & Kitchen,Bedsheet Set,3,1302.28,Pending,
ORD-102976,2026-08-07,North,Rajasthan,Jaipur,Grocery,Green Tea 100 Bags,3,320.69,PENDING,
ORD-101617,2026-04-25,West,Gujarat,Ahmedabad,Electronics,Wireless Earbuds,2,2657.17,Delivered,2
ORD-101607,2026-08-28,Southern,Telangana,Hyderabad,Home & Kitchen,Bedsheet Set,1,1133.55,delivered,4
ORD-101701,31/08/2026,South,Tamil Nadu,Chennai,home & kitchen,Mixer Grinder,2,3742.25,Delivered,2
ORD-102629,2026-02-13,West,Maharashtra,Mumbai,Electronics,Bluetooth Speaker,1,2947.43,Delivered,1
ORD-102657,2026-07-18,South,Karnataka,bengaluru,APPAREL,Winter Jacket,2,2740.79,Cancelled,
ORD-103351,2026-03-25,North,Chandigarh,Chandigarh,Grocery,Cooking Oil 1L,4,207.32,Delivered,3
ORD-104480,2026-09-28,North,Delhi,Delhi,Health & Beauty,Vitamin C Tablets,3,579.67,delivered,1
ORD-102664,2026-03-17,East,Odisha,Bhubaneswar,Grocery,Atta 10kg,7,507.45,Pending,
ORD-100670,2026-09-05,East,Assam,Guwahati,Electronics,Bluetooth Speaker,2,3116.11,Delivered,6
ORD-102264,2026-04-30,East,assam,,Apparel,Cotton T-Shirt,1,538.64,DELIVERED,4
ORD-104569,2026-08-07,South,Telangana,Hyderabad,  Apparel ,Denim Jeans,1,1439.98,Delivered,3
ORD-100398,08-Aug-2026,Central,MAHARASHTRA,Nagpur,Home & Kitchen,NON-STICK PAN,2,1098.71,Delivered,3
ORD-103793,19/09/2026,South,Tamil Nadu,Chennai,Electronics,Wireless Earbuds,4,2630.30,Delivered,3
ORD-104500,2026-06-12,West,Goa,panaji,Grocery,GREEN TEA 100 BAGS,3,314.13,Delivered,2
ORD-102905,15-Jul-2026,Central,Chhattisgarh,Raipur,Grocery,Atta 10kg,3,452.37,Delivered,6
ORD-101937,2026-07-14,West,Maharashtra,Pune,Grocery,Atta 10kg,3,532.30,Shipped,
ORD-103762,2026-05-05,South,Telangana,Hyderabad,Grocery,Basmati Rice 5kg,5,598.54,Delivered,4
ORD-101875,22/06/2026,south,Kerala,Kochi,Home & Kitchen,Bedsheet Set,1,1176.42,Delivered,3
ORD-101122,2026-02-07,north,Rajasthan,Jaipur,  Grocery ,Atta 10kg,5,469.49,Delivered,1
ORD-101399,2026-08-02,North,  Haryana ,Gurugram,Electronics,wireless earbuds,2,2627.99,Completed,3
ORD-103410,2026-03-17,East,Bihar,Patna,Grocery,Dry Fruits 500g,3,724.85,Delivered,5
ORD-100869,2026-09-28,western,Maharashtra,Pune,Electronics,Smartphone,1,18577.20,  Delivered ,2
ORD-101518,2026-07-12,Central,Chhattisgarh,Raipur,Home & Kitchen,pressure cooker,1,2020.64,Delivered,2
ORD-103866,2026-08-07,West,GOA,Panaji,Electronics,Smartphone,5,19021.66,Completed,3
ORD-100046,2026-06-04,North,Uttar Pradesh,Lucknow,Health & Beauty,Face Wash,3,245.16,Delivered,3
ORD-101066,2026-05-29,East,Assam,Guwahati,Home & Kitchen,Bedsheet Set,1,1273.59,  Shipped ,
ORD-104868,2026-06-15,South,  Karnataka ,Bengaluru,Grocery,Green Tea 100 Bags,3,335.90,Pending,
ORD-101960,2026-01-14,West,Gujarat,ahmedabad,Home & Kitchen,LED Bulb Pack,1,419.89,Delivered,5
ORD-101138,08-Apr-2026,South,Tamil Nadu,Chennai,HEALTH & BEAUTY,Shampoo 400ml,3,380.45,Delivered,2
ORD-102907,10-Feb-2026,Central,Chhattisgarh,Raipur,Apparel,Running Shoes,1,2774.87,Delivered,4
ORD-101574,2026-05-23,North,Haryana,Gurugram,Grocery,Green Tea 100 Bags,1,380.54,Delivered,3
ORD-103113,23-Apr-2026,North,Delhi,Delhi,Health & Beauty,vitamin c tablets,3,574.65,Delivered,3
ORD-104991,2026-05-29,West,Maharashtra,Pune,Health & Beauty,Vitamin C Tablets,1,516.12,Shipped,
ORD-101271,11-Jul-2026,  Central ,Madhya Pradesh,Indore,Electronics,Power Bank,5,1267.91,Delivered,2
ORD-104965,2026-01-09,Central,madhya pradesh,INDORE,Grocery,Dry Fruits 500g,3,856.79,delivered,2
ORD-102861,2026-08-22,East,Bihar,Patna,Electronics,Bluetooth Speaker,2,2714.19,Delivered,5
ORD-100276,2026-05-17,Western,Maharashtra,Pune,Apparel,Running Shoes,5,3073.83,Shipped,
ORD-100778,14/07/2026,South,kerala,Kochi,Health & Beauty,Sunscreen,1,442.21,delivered,5
ORD-101181,07/02/2026,North,Uttar Pradesh,Lucknow,Electronics,Bluetooth Speaker,1,3114.33,Shipped,
ORD-103238,2026-09-10,N,Haryana,Gurgaon,Electronics,Wireless Earbuds,1,2384.51,Returned,6
ORD-101197,2026-03-15,South,Telangana,Hyderabad,Home & Kitchen,  Pressure Cooker ,1,1870.75,Delivered,3
ORD-100462,31/02/2026,West,  Maharashtra ,Pune,  Health & Beauty ,Vitamin C Tablets,3,554.61,Delivered,3
ORD-102912,2026-06-06,South,Telangana,Hyderabad,Health & Beauty,Sunscreen,1,409.16,delivered,3
ORD-101238,2026-07-19,  Central ,maharashtra,Nagpur,Grocery,COOKING OIL 1L,2,195.99,Delivered,3
ORD-101141,2026-06-29,West,maharashtra,Pune,  Home & Kitchen ,LED Bulb Pack,2,429.52,Delivered,3
ORD-102494,2026-07-20,WEST,Maharashtra,mumbai,Apparel,Running Shoes,1,2964.45,Pending,
ORD-100361,2026-04-11,West,Goa,Panaji,ELECTRONICS,  Wireless Earbuds ,3,2398.52,Shipped,
ORD-102423,06-May-2026,South,Kerala,Kochi,Grocery,Basmati Rice 5kg,1,644.25,Delivered,4
ORD-103841,2026-07-30,North,  Rajasthan ,Jaipur,Home & Kitchen,Mixer Grinder,3,3623.73,Shipped,
ORD-101050,13/08/2026,West,Gujarat,Ahmedabad,Health & Beauty,Face Wash,1,270.99,Delivered,2
ORD-101298,2026-03-26,central,Chhattisgarh,Raipur,Home & Kitchen,mixer grinder,1,3405.75,Delivered,4
ORD-102238,26-Feb-2026,West,Gujarat,Ahmedabad,Home and Kitchen,Bedsheet Set,1,1131.51,Delivered,4
ORD-100949,2026-02-03,central,Madhya Pradesh,Bhopal,Home & Kitchen,Bedsheet Set,4,1279.83,Completed,6
ORD-100390,25/08/2026,Central,MAHARASHTRA,NAGPUR,Electronics,Bluetooth Speaker,1,3294.04,Delivered,4
ORD-102339,2026-06-28,West,  Goa ,Panaji,Grocery,Green Tea 100 Bags,1,362.61,Completed,2
ORD-100250,2026-09-11,West,Goa,Panaji,Grocery,Atta 10kg,2,456.61,delivered,1
ORD-102950,2026-03-02,South,Kerala,  Kochi ,Grocery,Green Tea 100 Bags,3,382.71,Delivered,3
ORD-100836,2026-08-11,EAST,West Bengal,Kolkata,Electronics,Wireless Earbuds,1,2335.16,Delivered,7
ORD-100518,2026-06-16,North,Chandigarh,Chandigarh,Health & Beauty,Shampoo 400ml,1,370.68,Delivered,2
ORD-101839,2026-08-01,Central,,Indore,Health & Beauty,Vitamin C Tablets,1,514.65,Delivered,4
ORD-103759,16/09/2026,North,Uttar Pradesh,Lucknow,  Electronics ,Smartphone,1,20618.00,Delivered,3
ORD-104720,24/04/2026,NORTH,,  Chandigarh ,Groceries,  Basmati Rice 5kg ,4,643.08,Delivered,2
ORD-103941,2026-08-21,Central,Madhya Pradesh,Bhopal,Electronics,Power Bank,1,1241.10,Completed,2
ORD-103494,24/02/2026,South,Tamil Nadu,Chennai,Home & Kitchen,  Bedsheet Set ,1,1291.02,  Delivered ,2
ORD-101955,25-May-2026,South,Tamil Nadu,chennai,Clothing,  Running Shoes ,1,3088.18,Shipped,
ORD-100091,2026-08-01,North,Haryana,Gurugram,  Clothing ,Winter Jacket,2,2541.06,Delivered,2
ORD-101233,2026-08-13,Central,Madhya Pradesh,Bhopal,Health & Beauty,  Face Wash ,1,232.72,In Transit,
ORD-101295,06/06/2026,Central,Maharashtra,Nagpur,Electronics,Bluetooth Speaker,3,3157.61,Delivered,2
ORD-103833,2026-01-18,North,Uttar Pradesh,Lucknow,Electronics,smartphone,2,18362.05,Shipped,
ORD-100402,2026-06-06,South,  Tamil Nadu ,Chennai,Apparel,Kurta,1,818.48,Completed,6
ORD-104282,23/06/2026,north,,Delhi,  Health & Beauty ,Face Wash,1,270.59,Delivered,2
ORD-102766,2026-06-25,East,ASSAM,Guwahati,Health & Beauty,Vitamin C Tablets,1,538.26,Delivered,4
ORD-101745,2026-08-12,East,Odisha,Bhubaneswar,Grocery,Cooking Oil 1L,1,194.44,Delivered,8
ORD-100665,26/05/2026,South,Karnataka,Bengaluru,Apparel,Cotton T-Shirt,3,531.67,Pending,
ORD-102898,2026-03-09,North,Haryana,Gurugram,Apparel,Cotton T-Shirt,1,532.22,delivered,3
ORD-104046,24/09/2026,South,,Kochi,Electronics,Smartwatch,4,4817.37,Shipped,
ORD-100350,2026-05-29,North,  Rajasthan ,Jaipur,  Grocery ,Dry Fruits 500g,4,860.15,Delivered,3
ORD-100537,2026-08-25,Central,Chhattisgarh,Raipur,  Home & Kitchen ,Pressure Cooker,2,N/A,  Pending ,
ORD-100596,02-Jun-2026,South,Tamil Nadu,Chennai,Grocery,Green Tea 100 Bags,2,332.29,Delivered,3
ORD-103657,2026-04-03,South,Kerala,Kochi,Electronics,Wireless Earbuds,1,2529.18,Cancelled,
ORD-104663,02-Sep-2026,North,  Rajasthan ,Jaipur,Home & Kitchen,Bedsheet Set,1,1281.17,Delivered,
ORD-103163,2026-01-30,West,maharashtra,Pune,APPAREL,Kurta,4,869.65,Delivered,2
ORD-104979,30-Apr-2026,Central,Madhya Pradesh,bhopal,Groceries,Basmati Rice 5kg,2,612.23,Shipped,
ORD-100906,2026-07-08,Central,Madhya Pradesh,Bhopal,Electronics,Smartwatch,3,5269.06,Shipped,
ORD-104515,2026-09-23,North,Chandigarh,chandigarh,Electronics,Power Bank,1,1402.70,Delivered,3
ORD-102421,2026-04-25,Central,Chhattisgarh,Raipur,Home & Kitchen,LED Bulb Pack,4,364.65,Completed,6
12345,2026-08-04,East,West Bengal,Kolkata,Grocery,Atta 10kg,11,451.46,Pending,
ORD-100092,29-Aug-2026,Central,Chhattisgarh,Raipur,Grocery,Atta 10kg,2,536.18,Delivered,1
ORD-100336,21/06/2026,East,West Bengal,Kolkata,Home & Kitchen,Mixer Grinder,2,3825.06,Delivered,5
ORD-103830,2026-04-30,East,Odisha,Bhubaneswar,Apparel,Denim Jeans,1,1418.45,Completed,3
ORD-104744,18/08/2026,Central,,Raipur,Grocery,Cooking Oil 1L,4,178.08,Delivered,2
ORD-101324,2026-09-17,North,Rajasthan,JAIPUR,Electronics,Bluetooth Speaker,4,3228.43,Delivered,3
ORD-102159,2026-05-22,N,Delhi,Delhi,Electronics,  Power Bank ,2,1294.25,Delivered,2
ORD-104598,2026-07-20,East,Bihar,Patna,Apparel,Denim Jeans,1,1487.57,Delivered,3
